Multiple size <= 100
OK
Multiple size <= 500
TEST 1 ARG:206 36 -229 -48 230 -189 113 38 220 128 160 164 -169 -230 166 -133 144 -103 -110 -77 114 -45 7 -170 134 115 84 -54 177 200 133 228 -72 147 156 247 210 151 44 201 97 -112 244 -184 -65 91 178 -52 47 -111 -214 -195 -53 6 -191 -124 -25 -249 242 -117 -144 179 248 -246 121 -160 -194 218 99 163 203 51 234 -81 -18 -235 -126 -88 -151 -12 198 225 226 182 -153 159 -59 -232 148 174 231 105 20 194 139 -197 212 -129 -226 -190 -102 -20 195 186 -37 169 238 -16 -158 -224 246 -83 -42 -1 191 233 193 -141 -125 227 -22 150 95 -166 208 -24 -19 -105 103 -79 54 -150 27 136 -101 26 67 -73 52 181 -9 24 -201 -154 -156 5 -120 18 -122 -34 141 -15 -181 -204 -114 30 149 172 -186 86 -86 98 -161 240 -43 205 207 25 -231 55 31 -60 -179 126 -116 -172 19 187 -69 -238 152 16 189 -223 117 -93 90 168 -67 32 75 -159 46 -10 123 -8 -115 40 89 106 180 209 111 85 124 -250 69 237 76 83 101 -200 -240 3 -62 -29 -147 -66 116 -11 -245 42 -210 -219 232 -118 100 -75 217 129 63 21 -21 13 -130 154 -202 -68 -209 224 211 -87 243 56 -139 -90 29 -104 61 -188 -91 199 184 93 -225 -216 -123 11 -241 59 119 -243 35 -176 34 185 -85 -220 68 1 -89 171 -222 -97 -14 -185 107 -164 -121 -196 -212 -28 80 221 142 -32 57 -17 -142 130 -98 -33 120 118 87 -247 -84 131 60 188 -119 0 -6 -7 -165 -78 -143 145 15 -180 222 202 64 176 77 -182 -192 137 -217 -46 140 236 -100 58 -136 -99 -82 -70 -171 -49 132 22 -198 -215 -41 2 -137 135 10 -227 173 -96 155 88 167 146 96 170 -57 -138 -234 73 50 138 -76 -213 213 -55 -162 122 72 125 -128 -140 -56 -168 -44 39 175 8 241 -218 -31 102 108 -13 165 -207 235 204 -149 -233 -187 70 -205 239 41 -3 -131 66 78 -74 17 -5 -36 -80 12 -26 -107 -94 196 -174 223 -135 109 158 143 245 -30 -47 -208 81 -155 -242 -35 -40 -23 -132 -237 229 104 -39 -203 219 183 82 -175 -239 -64 28 23 -199 -38 -2 14 79 190 49 -92 9 -228 -211 -50 216 153 -163 -177 -145 74 161 -248 94 -58 249 45 -113 53 92 -127 -173 215 -109 -106 -167 71 -4 -221 -206 -148 -152 -71 -61 62 110 -51 -108 -63 65 157 -193 214 127 -95 -178 -146 112 197 -244 -157 43 162 48 192 -183 -27 4 -134 33 -236 37 
TEST 2 ARG:88 -106 -188 -47 -61 34 -132 25 226 -117 161 -170 172 -70 -227 -215 -122 -72 -103 -192 -24 -9 118 97 151 -121 -187 -139 184 237 -145 -180 -165 67 6 -77 225 -91 202 115 -210 -94 -45 241 205 -196 20 -35 50 207 9 228 219 37 46 -249 -238 -186 187 216 2 234 -80 -78 117 -239 -10 44 57 179 167 -62 52 -162 3 -178 -66 209 200 135 -58 -13 21 -224 -136 -137 -229 162 84 136 79 109 -64 -198 120 246 -33 -128 -189 -243 48 -223 208 -237 195 -182 -15 147 125 -92 -69 -125 -131 32 -141 138 -95 7 -156 123 -53 -79 112 -167 -86 221 -68 68 -232 -228 -179 102 150 124 155 73 106 55 -63 122 159 169 -164 174 191 206 176 -16 -30 -76 163 -51 -127 113 152 82 8 -240 -169 126 -83 85 -209 72 -49 -126 -109 -97 24 -213 56 180 119 173 31 160 137 223 166 178 -89 -38 23 141 -115 -206 -118 185 -245 -52 108 -201 218 231 101 182 -222 -191 89 -140 107 99 90 -123 36 59 -50 168 -185 47 66 -207 -214 -57 -171 139 -120 146 -55 27 245 129 -82 -216 -133 100 -142 39 222 63 49 -134 -29 197 -111 -205 -184 -40 -119 -14 -81 -28 -231 -155 -212 190 -112 -220 -247 -34 121 239 183 69 58 142 -234 -6 45 -114 75 196 243 -236 81 140 28 71 -42 164 78 -105 -242 22 53 -43 -60 -25 232 -26 194 177 -150 -158 -19 18 238 -46 0 12 193 224 -124 17 213 -100 80 -199 110 111 -230 76 -31 65 -183 -2 77 175 -197 -18 236 -3 220 -104 -233 148 -146 -226 -65 217 -225 -200 -149 -84 40 214 -110 215 -208 -101 29 16 13 94 156 42 86 87 -204 -44 171 -39 15 203 189 -85 103 -27 -154 -194 -67 -75 128 -157 211 91 10 1 116 -159 -7 199 -99 -221 144 95 -148 198 -87 -11 114 51 229 145 233 -74 -138 -193 130 -176 186 132 -37 170 -54 -59 96 33 -4 -195 -41 154 -203 -8 93 38 165 -36 98 -241 -244 -129 -71 -5 -181 240 -168 153 62 -56 -21 -96 -218 -202 235 -217 92 230 -246 -211 -172 181 35 54 -108 242 -173 30 -219 -153 -20 83 -48 -152 19 -163 134 -147 -116 158 26 -166 -107 131 248 74 212 -130 11 -143 -22 127 143 -32 61 -90 -177 244 133 -102 192 60 227 -73 201 -144 -235 -250 -174 43 247 -17 -12 -113 -248 -151 -161 -23 -98 -88 104 41 157 -93 64 5 149 -135 14 -160 -190 204 -1 105 -175 210 188 70 4 249 
TEST 3 ARG:17 -48 -147 200 -247 167 242 156 -38 9 -117 199 -137 24 44 55 -16 -72 -82 -122 249 12 171 229 -116 1 -134 -76 113 247 -3 212 6 20 -200 238 -246 120 80 -151 -105 135 190 -106 234 -63 198 97 108 192 225 184 -17 -175 77 -204 -230 0 147 -184 -180 -153 -44 69 235 -31 237 -95 -217 203 189 110 -128 81 -108 112 -94 73 75 178 -55 -170 -29 144 96 -138 172 25 -159 148 58 -160 -14 -20 146 213 -232 63 65 -35 -189 193 128 56 -196 195 -249 -167 -145 28 -78 170 -47 230 122 -162 86 -150 2 244 -85 21 -46 -26 205 -216 150 -139 117 84 -193 -6 -40 -202 -218 -242 -100 -34 -50 -148 231 155 -8 -219 -225 116 -244 132 71 100 -127 54 134 -135 68 -222 -83 -213 -53 201 217 29 -86 -227 -166 -89 72 70 114 -93 26 -171 60 74 140 219 3 -56 218 152 -69 206 -237 -59 -61 232 -74 224 -65 -205 -109 -121 164 -226 187 31 174 -168 -84 78 85 109 -119 -41 -75 -25 90 -1 119 124 -129 161 76 139 166 222 180 246 -191 -177 64 4 -181 32 -245 -87 -185 87 179 -42 -36 -210 -144 53 52 59 27 -198 -248 88 -207 11 35 173 -98 -39 -250 -199 220 -125 202 194 -51 -130 -239 182 14 -179 -194 101 92 175 221 82 240 142 -240 -190 -238 163 -229 -154 -96 39 -211 -221 -28 245 -7 46 191 186 61 209 -149 -60 -124 153 214 91 -43 38 5 227 -143 -209 13 15 -110 185 -212 -174 49 -2 -81 36 133 83 23 -11 -10 241 -32 129 -22 -67 -197 -243 45 -97 137 223 130 -99 138 -201 208 103 115 -234 -224 121 -186 -54 -155 -133 216 248 183 -163 154 10 -91 -156 -141 -172 127 -111 -77 -49 -214 -236 57 -233 47 -118 -187 -131 -79 43 141 33 30 89 -30 -101 -4 145 -215 -18 123 105 34 243 -9 -104 215 -152 -102 66 -90 -103 -123 -33 104 -183 -66 -157 -228 -64 -192 107 -161 -120 -45 168 93 211 165 16 176 -68 -12 -165 -178 98 42 -112 79 -220 18 -62 125 -24 -164 99 -195 67 151 158 -136 48 -235 143 162 41 -5 8 40 207 233 19 102 -58 -188 -19 -142 204 -173 157 -27 -206 -223 -231 159 -182 7 94 50 131 177 -88 196 226 -70 -52 -203 -92 126 181 -15 -23 106 62 -115 -176 95 51 -169 -140 188 228 -241 -158 -113 -73 136 111 -132 160 -107 236 -21 197 210 -80 -71 -146 -126 -37 -57 149 -114 118 239 169 -13 37 22 -208 
TEST 4 ARG:-3 -16 -130 -121 46 143 203 101 146 188 -82 -43 -132 -192 -18 -99 -55 181 -84 84 -165 -135 -68 -88 111 -236 -181 121 -33 -142 -145 -193 200 56 118 -206 132 -169 212 122 137 -134 76 -108 18 102 -17 139 149 138 88 -66 144 154 -112 -6 244 229 -28 82 44 220 30 -124 -86 196 213 209 -182 227 20 23 116 91 -128 156 -76 -195 -146 -226 61 -60 39 130 -211 -78 11 -241 -184 -50 33 216 114 -190 -143 -36 -75 -65 -5 211 124 5 145 42 -247 -105 -41 -250 -119 187 -21 112 248 -191 -1 178 12 152 96 97 1 -149 31 -231 -115 242 7 236 -114 234 -158 243 -155 -71 -91 105 -10 -235 219 75 215 -233 78 -224 -29 194 -126 -210 10 163 -125 -98 131 92 -174 231 54 -90 222 -139 223 -156 -127 -228 108 81 -153 -171 -140 -188 127 -57 -96 -151 100 -189 -117 161 128 125 37 126 -144 158 -61 -157 34 201 40 49 -89 -229 180 -19 162 -230 -49 80 -54 205 191 -167 -38 148 -219 -217 -104 -47 66 51 -160 17 -20 -39 197 -208 -234 -51 -122 50 -249 -197 -23 73 -123 95 249 -137 -63 -154 218 -81 186 -238 235 72 -46 -22 59 8 230 65 -204 -13 -85 115 -92 94 -111 -179 -35 151 -131 -199 -64 93 83 110 190 24 -129 164 -212 -45 41 71 -163 167 13 -216 238 -244 171 27 99 3 26 22 -242 232 -62 -218 -227 79 189 15 183 -141 225 -138 -32 77 36 104 204 -116 153 60 74 -243 -87 64 240 -34 -186 155 -80 -83 -48 168 57 -40 -150 6 -59 43 239 -200 89 -103 86 113 107 136 -178 -118 -198 221 -4 -15 109 233 -8 -7 68 -102 103 45 169 -176 4 142 217 147 -58 -173 32 -220 29 -14 -97 90 53 -239 -162 -79 184 198 -120 98 -196 -246 226 28 -248 38 -148 -205 -109 62 -56 228 52 106 -222 -202 -31 -177 -100 -166 133 208 63 -44 176 67 2 -213 58 199 -147 -53 -237 87 -94 166 -223 -168 -175 -93 185 -161 -170 -24 -73 -225 -185 179 119 173 140 -25 123 -245 -203 35 21 193 -42 247 -2 -9 48 157 160 -67 129 192 -133 14 165 -106 -159 177 237 -77 0 -110 16 69 -95 -70 -26 207 -101 202 -172 -232 206 47 117 174 159 -27 150 -11 -72 70 170 -194 -240 241 -221 -74 -201 55 -180 -37 19 -136 -207 -12 182 120 9 210 214 246 -187 -183 224 195 -107 85 175 -113 -214 -69 -209 245 134 -164 135 25 -215 141 -52 172 -30 -152 
TEST 5 ARG:46 -32 -115 -107 220 -245 -237 153 45 -63 -71 -17 247 -34 230 -54 54 -79 -105 -203 -165 -6 -47 -20 16 -48 89 227 123 -95 181 195 91 5 -248 206 98 126 -66 36 231 229 122 -238 -186 199 -16 11 15 -129 223 6 -65 72 235 128 75 -234 101 -57 41 -42 144 -194 28 111 129 137 163 30 -224 -77 -96 -23 172 -123 216 -13 88 68 -56 -156 -108 -12 -87 -172 18 -218 236 -138 -220 48 106 -148 244 209 127 -86 233 135 -111 194 50 93 -106 -109 58 -166 -249 -227 -164 -169 -212 241 -161 -70 65 114 -195 79 -217 12 -130 -58 59 -154 190 -19 179 -143 218 118 -221 -179 -75 -244 61 176 95 -2 -142 -9 86 66 208 131 130 29 -112 -83 74 157 -89 -167 109 20 -25 52 155 19 -241 -113 242 -41 210 43 -46 201 178 180 104 -119 203 -24 60 47 -131 40 -144 -162 22 1 80 167 221 -198 -137 34 -180 -15 -82 -90 -51 26 25 138 -152 -43 -232 -189 -92 -30 219 87 115 44 -206 197 202 -125 49 2 92 -197 -188 -124 -69 -53 -27 -78 -240 -223 -135 -177 193 185 248 134 -205 -72 84 214 174 -209 83 120 7 200 -208 207 -136 140 -229 -210 165 196 -62 -163 -101 -175 226 -215 -94 85 225 124 239 39 13 149 117 -201 110 -38 -126 222 160 217 107 146 -134 175 71 -102 -199 32 191 245 -196 53 -187 186 -98 -49 -176 21 -103 -117 249 -192 -118 246 -178 -35 143 -236 -242 14 99 -44 -243 -68 -202 -52 -168 -151 211 -247 -128 -204 148 -40 -121 -76 -140 -235 158 -97 -183 27 133 -173 238 -91 -200 0 56 55 -1 -10 -99 -3 70 -7 23 -145 17 -181 82 240 76 -141 -85 97 121 -114 -5 177 8 -174 100 69 169 161 -33 -155 -80 198 213 192 -100 -207 67 166 -37 113 159 168 154 -182 -214 -159 -127 -133 -88 33 -185 141 94 204 42 -110 -230 -171 -211 -146 188 -64 -81 -222 -226 90 116 -45 64 96 -67 132 -29 -28 232 -139 -84 -160 37 164 145 234 -184 173 156 -14 -149 162 -193 -8 62 -36 150 139 -190 183 3 -122 73 -191 -213 151 189 -18 35 -132 -150 205 -147 102 243 -50 -158 -246 78 -239 -22 -31 119 103 147 170 -93 -61 -104 105 -225 81 228 -233 125 24 -74 -59 136 212 31 63 -26 4 -228 -21 -4 -216 -231 38 77 182 10 184 -120 171 215 -116 -55 9 -73 -250 112 -153 -11 -219 -170 152 108 224 57 -39 142 51 237 -157 187 -60 
TEST 6 ARG:-10 -20 -142 133 -231 5 171 137 174 63 -13 -138 181 149 -117 -39 -141 -48 245 -215 159 -114 -221 125 -24 -243 4 -194 -132 71 -59 -97 120 -100 -75 225 -52 -230 84 119 -152 228 86 -150 182 153 114 -211 97 172 -172 -68 85 104 65 190 -205 -246 128 100 168 248 247 77 99 -160 -229 -120 -88 46 -146 94 -163 -26 236 -29 -4 -224 -14 38 -85 188 -200 -71 88 -101 -157 21 242 6 237 158 -186 210 42 51 208 53 -154 -5 -239 222 142 -188 218 -80 -168 131 162 -147 180 195 -250 206 74 -228 193 -65 -136 165 109 24 -208 203 -216 166 144 -184 -60 39 60 -116 -158 178 209 -103 37 68 -19 -32 -153 -21 207 -76 -201 213 199 132 -177 70 -74 170 -248 -9 -225 -187 95 30 -236 -241 -139 -8 1 -209 -148 -222 198 57 212 223 -121 22 179 -198 36 201 -183 -193 82 87 -1 -42 -112 52 116 138 184 -82 -144 27 143 44 0 10 197 -43 72 219 175 -189 -234 112 -77 -17 239 135 64 -131 -99 173 8 110 238 13 -91 -30 14 -107 235 20 17 -11 -6 -238 234 221 204 -87 -16 130 -175 -151 186 91 -106 -217 205 40 55 200 -119 -173 -15 -122 -109 240 56 122 107 -206 -57 -143 -73 -133 -149 -34 -159 -94 -79 129 -212 83 62 -124 224 29 146 33 -90 61 -176 -69 -110 96 102 19 -165 98 124 -174 -55 41 58 -3 -240 -145 176 -232 -202 -41 -93 47 -170 -233 -102 -61 155 -191 191 -178 -84 -161 25 -62 -113 -245 106 -203 81 -137 93 -28 -86 -72 -182 -227 226 69 35 54 67 -53 145 -18 150 -181 148 147 -118 -23 161 15 -108 -25 -249 151 -155 -129 -204 73 227 189 -226 -213 118 229 140 -36 89 232 202 -196 -89 -56 139 243 211 134 -115 -123 -156 117 103 -105 16 -49 167 -70 -47 111 -185 43 78 -195 249 121 -190 113 215 26 214 -167 50 9 126 -130 -96 216 49 -46 230 80 -104 34 -51 154 192 -58 141 -169 -40 -192 28 66 105 194 -247 -38 -37 90 76 -64 -223 115 -44 -98 12 59 -7 18 241 196 11 -78 -207 -54 23 -197 -237 169 -35 -166 -219 164 217 -220 187 127 -244 -111 75 -128 -127 31 -22 -180 -242 -12 -164 -45 160 185 79 156 136 -199 -92 244 177 -210 -140 -162 -81 108 3 -33 -218 -179 32 45 -66 -171 220 163 -135 123 -126 -27 157 101 -67 48 -63 183 152 231 -2 2 246 -83 -95 233 -214 -235 7 -31 -134 92 -50 -125 
TEST 7 ARG:-170 -234 -181 -244 -50 -59 208 -209 -153 -141 168 -60 53 219 136 -134 -187 -18 28 141 138 1 227 -12 -33 44 -217 104 -169 -98 -38 87 180 -233 -202 -105 -118 110 36 -87 69 178 -64 70 149 -184 -147 -125 -192 13 -190 200 -22 -171 -148 -49 105 -106 29 49 -165 -62 -14 -164 90 -241 236 152 67 117 196 -51 202 198 30 -124 -225 -238 -126 -68 162 59 -1 -231 -42 -9 -71 -80 223 -218 43 -107 -230 -8 120 193 22 -236 98 107 40 -72 75 18 -26 66 68 -176 155 129 -216 -90 235 102 176 -41 58 248 2 47 -121 172 -117 -89 183 214 -85 86 130 230 61 -88 127 -93 145 4 -24 -99 -92 144 177 -11 -245 -7 -215 199 27 108 163 99 -4 -37 -53 60 161 41 142 234 -108 -67 157 -185 -142 154 191 -229 -158 -61 119 195 169 -210 -103 -128 -211 175 -157 62 100 -194 -91 85 204 220 132 -6 -19 245 135 128 -246 10 74 -175 -52 -195 -127 -160 -113 -32 -161 182 143 -44 -189 14 212 122 103 -178 51 96 -3 -46 -96 -136 241 -123 -167 140 -198 52 224 151 -179 -162 147 -30 -10 -104 -221 -239 -133 -205 48 216 -39 -149 188 -140 9 121 139 77 88 189 179 -63 -199 116 -109 -5 215 148 -43 -13 242 -151 -207 -66 84 -82 -200 -81 11 -248 82 45 233 24 37 171 -214 231 -56 207 42 -76 -75 156 244 160 19 205 165 97 146 -219 -101 -212 76 -95 -146 167 -74 106 33 63 91 -15 170 -145 222 -69 197 55 -144 -17 -135 134 -31 -183 187 159 -193 -150 -58 186 -130 184 211 54 -84 -115 206 -235 -213 -224 31 -191 5 -132 249 -34 -250 -21 246 -111 -226 -129 124 238 -131 -222 72 -35 -73 -29 -16 -203 -86 221 203 166 7 -156 -159 6 57 118 34 125 -114 181 20 21 -228 -27 95 192 -120 -139 113 83 -65 -40 -28 -100 -166 12 -79 -249 -243 150 -168 -174 38 232 -163 25 131 -232 164 194 111 71 237 -137 -177 -55 -247 123 -48 -23 32 -20 -186 -70 -182 93 -25 -227 115 213 239 -240 126 -223 -83 217 112 -45 -112 -188 81 -172 190 -143 -196 -180 26 -54 174 46 153 240 -36 64 50 -154 -2 16 -242 -155 -138 225 -94 243 -47 79 89 -237 -119 17 137 73 -208 -152 56 185 229 -173 109 -122 133 101 92 -97 -204 3 -220 80 228 0 247 173 23 -116 -201 -197 218 35 209 65 94 -57 -78 78 226 201 210 8 15 158 -110 39 -77 -206 114 -102 
TEST 8 ARG:47 -79 81 -111 142 -20 213 138 198 -76 -177 -102 24 -232 -150 -97 179 -143 131 214 -179 -193 -106 246 157 83 191 -49 -175 124 -230 21 95 224 180 238 -32 44 -213 144 -24 94 -43 212 141 -116 50 197 239 17 136 -50 74 110 -75 7 236 -166 -187 -174 -65 -122 75 129 -85 -182 -81 -250 228 192 216 108 -125 12 -248 -167 43 -22 -1 -228 -162 77 -40 30 41 111 -149 112 -78 -130 73 103 93 -202 32 61 227 -159 -194 22 245 18 -212 -98 31 -11 137 -127 10 132 181 -101 59 -67 153 -245 52 114 219 -188 163 -28 3 160 229 -165 -214 5 -140 172 248 72 240 -176 -77 -239 126 -52 -121 102 -44 -105 38 217 -47 -41 222 -132 58 145 49 -131 -128 70 -109 244 147 99 107 -31 235 -61 -117 -108 -62 -91 -13 -141 -26 -3 -53 -152 -139 -171 -151 68 -64 -59 -249 -218 89 -200 232 104 -189 140 -18 150 -70 206 149 -181 125 -99 -29 202 -23 -210 177 84 -237 -242 -37 -134 201 -30 193 249 155 -142 109 -34 -180 -229 46 -241 194 -178 187 28 -93 -199 128 -58 -4 -183 14 -107 -222 19 -95 241 208 -225 -35 -56 -136 -16 -247 106 -191 16 -63 -17 -100 183 -10 -231 -115 -86 55 60 -90 -12 184 -148 -123 204 196 164 175 -234 97 0 -124 -196 -224 -9 -7 37 48 92 -223 -184 66 27 54 -227 23 148 -233 63 20 78 -235 123 -33 218 226 11 71 -118 85 -74 -192 215 -161 -195 -114 -25 243 200 -73 -72 122 185 86 -238 8 -204 -68 -203 117 -133 195 -216 113 -119 -88 -207 13 -138 159 -170 -57 -71 115 87 -104 -103 51 169 56 96 -87 1 -96 -2 -135 220 -66 67 34 207 -137 40 -158 -21 -60 199 29 -220 -163 -208 -153 -145 -146 -215 178 -126 203 230 -226 -155 -39 189 118 26 82 146 -154 -80 237 234 -219 233 174 -36 134 98 15 116 -92 -246 210 -129 162 6 69 223 -160 -46 100 -164 -15 42 139 211 120 62 -19 167 39 -206 -168 154 -172 190 -84 -69 -14 -45 176 -156 -144 -157 152 127 247 -244 119 79 -240 -221 -8 -112 88 -169 9 35 80 105 33 90 166 -89 186 -209 91 -197 161 76 65 -54 -185 -217 25 64 171 209 242 135 221 225 -211 -236 156 182 188 -42 -190 173 158 205 -27 -82 133 -201 168 53 143 231 -186 -173 -243 -113 -6 -147 -38 -51 -83 -120 57 -110 101 45 2 36 165 -94 -205 121 -55 -48 -198 130 -5 151 170 4 
TEST 9 ARG:-115 -66 238 89 -15 -72 -103 -148 117 236 78 35 -112 -145 -45 215 209 122 -120 95 129 -125 -59 245 20 224 -113 152 30 131 -175 118 -110 -177 -233 109 -200 125 -150 93 161 -64 132 -189 134 3 -52 193 191 -161 216 -181 156 105 137 -242 90 24 96 218 11 40 -84 -95 -121 213 192 -231 190 -174 -157 -249 -25 -73 -232 170 -146 169 -239 -128 126 -98 -210 -114 237 -208 -23 50 5 -102 66 -12 -35 -228 -44 94 149 51 -47 52 167 -26 -82 57 220 32 -225 221 -158 18 60 -60 -11 -34 139 -54 -241 -142 -156 211 -17 199 -194 -229 -197 -79 -63 -168 75 -88 201 -124 183 -144 80 -109 168 6 165 -240 187 205 72 -58 240 158 -56 157 189 -19 48 116 123 -211 -42 -243 -250 228 -169 -248 135 173 186 194 200 -246 207 -164 27 -106 180 -74 17 232 0 133 12 249 -245 229 -81 -193 111 243 208 -16 108 -18 151 -131 -6 -217 -180 162 153 -28 119 241 -244 -214 70 -183 136 160 248 -152 -117 -53 -87 175 101 -185 73 -186 -7 74 -2 -201 26 -4 -94 150 159 -49 182 -222 -198 177 -207 -224 -178 -162 47 -199 154 65 58 -27 120 67 -149 39 -238 121 64 -111 -221 242 68 -99 226 45 -196 -227 -108 -50 112 91 54 53 204 -40 -122 -220 114 -118 196 -163 155 -191 -190 113 -154 7 -187 -100 239 -83 102 212 -51 -93 -116 -205 15 -203 -151 -70 -130 146 -91 -39 246 -48 1 217 92 223 -61 9 42 98 197 -30 -32 -173 -13 -137 -80 43 59 -119 -38 210 -22 214 29 -160 206 -68 -105 2 -247 195 -127 -89 4 -21 -123 144 62 -133 -86 -223 244 143 19 71 145 147 -97 85 -55 -85 100 -166 21 -219 97 -234 -204 -57 -213 163 -182 -10 -153 219 -237 -78 79 -20 -107 198 188 -36 10 -139 25 -1 -33 -46 -31 -77 88 -147 46 202 -206 13 84 -167 -184 -90 -140 31 -126 41 138 235 -192 -134 103 181 227 -101 -143 -43 55 -71 44 -132 28 142 -176 61 230 -135 -209 -69 -230 148 174 106 141 63 -188 -67 -65 -202 130 -138 86 22 115 225 -96 23 -3 -165 -29 203 -41 36 -8 172 87 127 179 124 110 -236 -215 -226 -218 81 -62 8 166 -104 231 -212 69 -9 99 178 49 34 164 14 38 140 -129 107 184 171 176 -136 -76 -155 -171 247 -37 -24 82 234 104 -216 -5 83 16 -170 77 222 -141 -179 -92 -159 -172 56 -195 37 233 -235 76 -75 33 128 185 -14 
TEST 10 ARG:87 -18 -69 162 -94 213 97 79 224 7 63 -197 -129 -99 -49 -22 -131 159 -238 1 -40 129 -6 -116 2 -167 106 -57 206 -237 211 235 44 -62 -82 73 99 59 -88 -53 57 -171 -229 -50 116 203 -165 198 181 -2 210 -157 223 -12 -219 -126 -74 -104 -115 -11 195 -51 -48 -224 -227 88 -174 52 -214 -180 243 139 174 -141 -37 102 142 -91 8 152 -46 -106 51 167 215 127 77 237 -190 -249 -114 -164 233 82 147 -199 -198 -140 -168 -173 238 170 200 12 15 249 -86 -76 -72 220 110 72 -5 120 -184 124 -185 -192 -83 -242 -221 -24 -128 -200 -150 14 -107 -222 153 -52 244 -124 -183 -105 154 -14 81 226 232 -204 96 37 -78 -208 -187 -181 -195 -230 -175 39 -186 -75 -64 -246 -156 168 -147 -26 221 190 30 -81 -123 25 173 23 130 80 -80 -182 -144 -41 -139 -135 -17 -117 -8 -71 -54 4 -34 208 -121 236 -194 -95 176 -146 -138 65 -10 42 -58 -98 -155 199 114 -28 -215 75 71 -231 -191 164 -225 -125 -102 -218 36 192 -89 43 -113 13 -233 -59 151 -56 -77 67 -43 219 29 166 109 191 117 -66 69 197 27 -160 -30 5 -63 194 186 6 -207 -188 185 136 131 -23 -127 62 -243 -21 -228 -29 126 0 172 123 204 -133 205 -25 31 38 122 19 115 98 -136 76 -65 21 16 41 248 245 -13 -149 -239 138 -209 108 242 -210 -240 17 145 53 -154 -189 11 -119 -213 149 -108 -236 -196 -166 -211 20 -44 -212 155 -70 -206 214 175 -172 45 -134 247 93 227 -217 -93 10 -169 144 -90 209 -92 207 -178 183 230 -235 240 35 -176 134 -4 -31 212 -161 -79 -33 218 26 133 -247 137 246 40 165 -73 112 33 187 135 196 150 95 -223 111 241 180 -132 -159 157 50 66 -19 -38 202 -220 -179 -35 -250 84 188 22 -216 64 -245 103 101 189 83 18 -16 216 228 231 -39 -162 -111 28 -87 -203 90 141 171 -153 91 -27 -234 217 -36 -112 225 119 -143 234 89 74 104 -151 193 94 140 -122 229 146 34 -170 121 70 46 125 -248 -145 239 177 182 78 178 -226 -193 9 -110 128 -9 -100 -158 24 201 -55 68 148 -202 -96 163 49 118 -68 -205 48 56 54 -1 58 -177 61 -137 -241 -103 160 55 -152 179 156 -85 -244 113 -3 -201 -84 -47 143 -109 -120 -101 132 -45 47 -32 -67 60 -118 32 100 -130 -142 85 -148 222 -15 -60 161 -97 -20 -163 169 184 107 158 -42 3 -7 -232 -61 105 86 92 
TEST 11 ARG:-61 -137 171 199 226 -5 182 -92 -117 31 -205 131 -240 -233 -13 58 -94 87 -2 -151 -36 153 15 109 -199 -14 -73 145 217 -46 -129 157 45 -95 201 168 -99 128 203 -6 174 74 -220 90 64 55 220 215 102 -149 115 107 26 -17 -120 170 100 -55 -195 -154 -242 0 4 77 72 231 -79 185 211 -181 146 -72 7 210 -229 111 -177 140 179 -4 -86 -171 -7 243 -20 -218 -243 -103 -93 98 -88 -190 -100 -245 -107 -216 -27 113 88 196 227 -196 -126 187 -25 76 137 -180 -8 5 -232 -84 -67 132 33 -24 -116 3 -31 -28 -168 222 188 -150 17 -97 -3 139 205 -130 -66 95 152 -50 -105 -11 149 245 -23 151 236 -169 47 -121 -60 82 -238 -224 21 -148 -203 241 -172 198 110 136 194 -74 14 57 -127 147 -226 -174 -244 175 -179 -91 99 -98 36 84 -131 129 237 20 -62 103 169 142 -40 -187 144 -167 -241 -106 -32 -90 -75 -101 -140 -158 -71 -18 -81 -209 -124 -115 161 -234 186 -147 -193 -157 244 112 -102 176 -76 -109 -135 117 96 70 30 -176 219 -183 -228 -194 94 105 -113 -155 -39 -164 78 -19 40 -206 11 -222 -142 189 -221 -118 68 240 125 -22 89 -59 200 -204 -57 -239 -47 60 85 -219 66 -35 73 -77 -170 164 -111 22 159 51 48 -108 -138 23 29 6 143 79 -132 97 -236 13 -33 -144 91 -235 -160 32 122 -159 160 -70 127 -198 -223 -208 -134 -191 118 -30 106 -41 -173 -125 -69 191 61 67 71 -89 228 181 -87 -237 -175 -188 138 134 -250 62 -37 192 -119 -12 162 -225 -152 50 -21 -133 -15 -16 156 -58 -211 46 -82 246 12 133 28 -83 18 -210 -68 -45 -227 -63 -185 -161 224 8 126 10 -207 41 44 180 235 -112 218 -78 -189 202 148 135 -163 154 207 -65 -248 -9 -186 193 2 124 -166 37 83 206 -43 -44 -143 -123 63 242 249 35 214 24 173 -197 238 59 248 43 163 16 -200 233 -64 25 -249 114 141 39 -192 -215 -51 -213 -182 19 -178 -80 -26 -85 -104 54 234 38 49 184 -184 177 -141 119 -128 165 204 -122 53 -114 -214 -1 108 183 208 -146 116 -29 -202 1 209 104 -54 81 -34 -38 239 -49 -247 86 221 -56 -110 212 166 -231 -217 130 230 -42 -201 229 213 195 -165 -139 -212 232 -162 123 -96 52 65 158 69 75 27 197 247 92 -10 -145 42 178 223 -52 93 190 -156 216 -230 34 9 167 155 121 150 225 101 56 -153 172 -53 -136 120 -246 80 -48 
TEST 12 ARG:-8 -159 101 214 40 86 -146 66 -195 -121 -168 -225 97 60 -108 55 63 80 -98 11 -162 187 237 -129 -186 -56 -156 130 91 -130 -95 -120 -61 76 199 -4 51 228 45 -29 15 -246 -80 159 48 10 -158 -243 185 117 215 -39 77 -9 126 -194 -93 -57 46 57 99 158 -5 -187 190 -84 235 82 -19 -177 106 -94 -82 31 148 -209 247 -10 189 85 -150 -166 191 -237 213 -46 140 166 234 -132 168 83 -88 -114 -21 229 103 33 -81 249 -6 -203 219 -102 -165 17 -14 204 16 0 120 -11 61 104 233 -122 124 64 -224 157 105 -170 -220 30 -110 -185 -92 113 6 -182 -126 -38 69 -149 -91 183 238 -210 164 -83 -223 53 -87 87 71 180 -222 -173 -245 -1 160 41 -36 -215 -27 -28 182 -145 115 245 141 -197 217 -212 -23 226 -3 -2 25 142 202 -17 144 -48 -213 -139 -72 196 94 -76 -172 156 212 29 161 -206 -79 152 -133 -143 -190 -69 243 49 -65 194 -249 -164 150 173 210 200 -202 128 -71 -141 8 -85 195 -75 102 230 12 232 207 -66 167 -189 62 72 9 184 201 -117 -171 -74 36 -175 -205 116 19 165 108 -37 171 188 -176 146 -111 127 44 -116 42 79 -135 119 -174 -134 -25 -115 224 -62 246 -59 -90 -250 -155 22 70 39 -53 -244 54 -123 -96 -226 -105 206 -148 205 -181 84 75 163 -231 2 135 -16 -51 58 176 241 -73 -242 -193 -67 -52 52 43 89 -64 -128 169 162 -18 133 -118 -229 -160 -228 81 -77 198 -152 178 -137 -43 121 -60 -167 123 67 181 223 98 110 -109 -211 -32 -216 -45 -100 138 21 -183 114 73 -217 78 -44 -26 -233 -239 90 37 -199 59 132 239 193 244 34 -86 209 -219 -204 24 131 -50 -221 -247 -107 222 186 -54 -196 -238 -20 137 20 -208 -106 -49 -153 26 74 -15 192 220 -151 -232 170 -227 13 -230 65 -125 96 92 139 18 109 136 -89 -127 7 197 211 203 -240 154 -103 -78 231 240 216 -31 -188 177 -169 -201 -24 -131 155 122 95 172 -70 -161 -140 -200 -236 208 125 1 134 221 -119 -35 -241 -34 145 -142 129 -12 -101 -154 -22 -58 -192 218 -41 227 174 -40 -180 -214 -63 -248 14 -104 88 147 35 -157 28 5 149 -30 -235 27 236 -113 -112 179 4 -234 -144 -178 111 93 248 107 47 -7 -99 175 -55 -97 -163 118 50 -147 151 242 23 225 -198 68 32 100 -191 -218 -138 38 -68 -136 56 143 -42 -33 -207 -184 112 -13 153 -124 3 -179 -47 
TEST 13 ARG:-38 211 83 158 25 144 55 88 -28 -50 -47 -159 195 -110 -189 -104 -52 22 -36 6 -34 232 -208 -130 143 -113 71 133 89 38 -150 -151 215 -101 160 -242 -48 -167 213 -35 -226 -181 162 -174 -194 -214 175 239 -84 -58 87 237 24 -140 -235 43 -23 -75 -136 -87 -39 161 127 137 40 -1 -108 -142 -91 30 56 -179 -185 150 229 224 -169 244 29 -144 246 -152 204 -85 -170 193 39 91 -111 238 -224 -80 128 -56 -22 16 -97 102 -220 130 129 -210 77 -3 69 -138 46 79 120 -230 -120 -149 -243 -221 157 50 145 45 -250 1 -154 -248 -42 -128 -96 -30 -247 32 -92 35 -46 -209 -212 85 214 103 82 60 -133 -198 -157 140 -249 -233 -135 248 74 19 242 -59 95 -49 -166 81 156 240 154 58 123 -239 -227 -51 -180 -102 -62 -64 -139 118 52 -146 -12 178 -163 -70 -26 27 -216 -33 -195 126 210 168 230 226 -241 147 200 -197 -10 3 -21 48 139 -143 -14 217 -72 125 208 -121 -161 -31 0 152 -175 174 -155 105 37 -41 -2 151 -81 190 -244 57 -68 -107 -147 -45 -82 54 109 -71 -219 11 33 216 247 -223 -177 -60 -132 234 78 41 -134 -43 -100 -95 70 2 169 -119 -20 -245 183 -153 -164 -115 107 -5 -25 122 121 -19 -13 -202 209 198 173 146 -129 80 96 26 166 -196 -203 18 44 -55 -7 -123 61 51 231 212 -114 92 -184 -168 -98 134 -131 -165 -65 101 111 -225 -228 -103 245 141 -217 219 4 67 -32 -192 203 113 -137 192 132 53 -53 197 -199 124 14 -186 -63 -27 -94 76 93 -211 -29 7 34 99 63 42 -201 163 182 10 131 181 -178 -141 159 -86 59 223 180 94 84 66 142 -6 -24 243 28 177 23 -69 -57 -74 -127 -8 171 -222 -9 -105 207 218 64 241 -204 -99 206 148 86 110 -109 115 -16 153 20 -237 9 -106 -190 -232 -118 179 164 -200 194 -44 117 -73 187 -246 196 184 -207 -67 -148 138 -77 -40 -236 -145 236 -93 202 -156 -54 -122 -11 225 -117 17 -160 -125 90 -191 13 -215 5 73 -213 -162 176 220 -234 100 222 -37 -15 233 235 112 191 -183 -238 -206 185 188 68 -231 -176 21 -173 -218 62 186 -17 -229 135 205 167 -83 -4 65 -171 228 -116 170 -187 -76 -158 -188 172 31 -112 -66 12 -89 -61 114 -79 -240 15 8 104 -18 108 -78 227 -126 165 155 106 36 149 -124 -193 189 199 -182 98 75 249 221 47 201 49 116 119 -88 -90 -205 136 -172 97 72 
TEST 14 ARG:112 201 163 -97 -120 161 60 -173 -5 -210 175 -57 -19 -232 -129 -126 -171 -195 -190 -59 21 164 -3 182 26 88 -249 135 144 -61 199 -112 -229 -197 -105 -130 -203 -175 229 125 -94 -234 -21 -82 -165 -143 -217 226 221 -45 38 15 -7 -10 146 -102 219 218 180 11 150 39 204 -231 -2 -137 -106 198 -13 -160 23 -188 99 74 69 66 120 -125 -237 -95 -80 19 208 -178 78 -29 -191 205 142 52 181 185 -163 -55 157 247 -35 158 30 -99 85 119 -184 -243 8 81 -161 51 126 22 -205 172 -65 -228 16 1 122 -220 3 -221 -140 216 215 -182 27 53 -89 -43 37 249 5 -73 -47 -11 29 -177 -146 195 128 86 237 233 222 -155 -9 -134 -226 -242 -176 -56 7 -63 170 -24 -39 115 -31 -78 174 -20 187 -224 -240 118 -183 156 -174 -71 103 -124 176 -162 9 -164 -179 190 207 -12 -67 73 55 -152 192 189 225 124 -107 173 -51 -122 102 -154 -206 242 -238 28 -148 114 167 82 -156 107 -196 117 89 17 155 -92 191 212 -246 -16 -48 62 210 0 -218 13 116 -111 137 140 -170 152 -54 -153 -74 87 154 -121 47 -168 162 -139 -117 83 -127 -212 31 239 241 -158 143 -110 -91 131 246 213 2 -142 -201 133 151 46 244 138 108 -52 -151 70 -109 -248 -225 111 153 65 -131 49 80 68 -22 -187 202 -79 -66 -28 227 -23 141 -108 -64 145 44 177 100 -98 130 -116 188 -86 -100 -236 -193 -46 61 -202 64 104 139 179 -32 42 224 178 -138 96 -233 -172 -180 -15 35 -69 -77 -103 231 -68 123 -60 209 110 101 214 -223 -235 -186 -17 160 159 -222 197 -113 97 -25 -81 105 -38 -192 -169 -6 -128 4 -211 -167 121 -213 220 -208 -250 33 -58 -144 -244 -53 -216 -104 67 206 236 71 58 183 -123 -14 -166 238 -96 -87 -241 -83 -114 43 75 245 -189 -141 211 -135 194 -159 84 12 -132 -149 234 32 -18 -181 -1 149 25 -33 -147 -101 -136 -157 24 248 -194 -90 93 -85 57 -75 193 18 36 -37 -34 72 132 240 98 -30 20 -119 -204 127 -41 200 56 -230 147 129 134 -247 77 -44 -227 -133 63 76 -185 14 -209 -36 223 -8 232 -84 -198 -62 -72 -42 136 -50 -199 40 109 50 -219 165 243 -93 -88 -207 169 -26 -76 6 95 34 186 -27 10 -118 106 171 -245 -115 79 196 -215 90 -200 -150 91 230 54 48 -145 -239 -70 -4 59 -214 -49 148 228 -40 92 235 184 41 113 168 203 94 45 217 166 
TEST 15 ARG:111 101 96 105 -67 -225 45 -185 -227 216 17 154 21 75 -125 13 -242 -135 1 224 39 184 -42 -7 -21 242 206 -63 -122 -245 -231 -149 100 218 10 236 163 42 -128 153 -161 49 102 59 200 44 -143 -181 -99 32 -209 151 -29 241 -105 80 249 -200 -233 93 -92 -65 -64 41 31 -41 -109 -173 -144 -234 -239 54 -28 -47 -141 18 -57 -160 -195 -25 156 -2 52 -86 196 -178 74 -112 139 86 -215 140 164 245 14 -175 230 106 -179 -139 -93 204 -198 -34 -79 246 -155 -146 -171 -106 -238 201 -82 -11 -182 0 127 50 -108 166 114 -250 -148 -176 -100 125 240 5 76 188 215 161 33 237 28 -43 -111 -55 -167 -85 94 -91 137 30 -123 138 -230 -117 -169 -37 -30 143 -56 160 -20 -51 60 109 48 -77 129 173 210 -94 11 97 -243 -138 170 183 -164 225 -33 157 -196 -27 -9 -206 -151 -163 -152 -218 -70 152 147 16 221 227 182 -74 98 43 -220 64 -3 -158 126 181 -126 -26 -177 193 40 2 120 -162 115 208 7 -46 -137 108 234 103 131 -104 -223 -210 135 235 233 57 192 -14 -121 92 -134 199 116 -18 -114 15 -118 -24 145 -194 85 -129 -39 180 -147 47 99 104 -6 6 -81 20 66 46 -83 -31 -140 82 -236 -222 -197 -192 146 65 -237 -61 248 211 8 -188 124 -187 144 -84 -193 -89 -132 71 214 51 -214 -36 168 -97 198 53 37 -180 -19 -119 -40 -213 123 -4 -183 29 -244 -45 9 -116 213 239 -157 158 219 63 -8 195 -32 70 -228 90 -184 223 133 -68 -127 -189 -219 -90 67 89 176 232 162 -13 87 -249 132 -87 179 38 177 -204 175 -73 -232 -247 -240 121 -217 34 4 -202 -1 136 73 -69 24 186 212 185 -224 -49 22 -17 56 226 155 194 187 84 243 -54 72 79 -203 222 -191 128 -168 148 -58 78 228 77 -88 -95 -102 -50 -131 -248 244 -133 167 35 -208 -172 -5 -186 -159 122 220 159 -211 -59 142 -10 -80 -246 -190 190 -229 191 -226 -60 -216 205 -241 209 113 12 -107 55 202 -53 -212 83 165 -75 112 -38 -35 -165 229 197 247 107 -48 172 -52 95 88 -145 19 -124 171 238 68 69 -78 25 -136 -120 118 27 150 217 58 -153 -76 -130 23 -72 178 -12 141 149 231 -207 207 -96 -15 110 -154 36 62 -150 -71 -113 -62 -44 -166 -205 -174 -235 61 -156 134 174 26 130 169 -170 -142 119 3 -115 91 -199 189 -16 -101 -23 -66 -221 -110 203 81 -103 -201 -22 -98 117 
TEST 16 ARG:124 -166 245 -235 -113 -75 -133 15 -222 -125 138 -31 -55 55 -249 200 -32 43 -112 -83 205 51 -204 -134 71 20 2 83 -17 -84 165 -220 -61 84 104 189 -73 -195 -183 -22 -59 -46 -191 214 -143 119 -8 -137 -182 213 -33 -217 241 192 -230 37 233 -100 113 -121 -52 19 -109 -205 22 36 217 57 141 -48 58 160 230 -107 26 103 201 -44 35 -11 176 -15 223 218 49 -66 136 -87 211 -242 45 -105 -88 76 187 196 68 -163 54 -219 -67 66 -42 128 -186 129 -35 -218 82 -168 -28 -119 94 161 -72 -96 197 158 127 48 135 210 143 -198 -243 -211 173 64 -138 -130 -16 150 8 130 151 -69 -26 -78 -167 171 125 -123 33 52 -151 -194 -175 -202 -172 5 105 -43 -92 133 111 -77 120 137 -25 70 -173 -206 56 -207 -135 31 146 228 219 152 175 -156 249 248 38 131 10 7 231 67 -233 221 -13 -40 87 -64 -234 232 207 97 61 145 -79 -237 194 86 53 -82 -50 -51 157 -227 3 139 -76 236 -9 -21 -97 -85 78 -223 -152 34 -214 102 13 215 -45 -250 -190 0 -95 184 -246 148 154 239 182 206 -118 -12 244 -37 -104 164 90 -196 99 225 -187 234 -158 -231 -177 -199 -146 -23 243 -127 -120 -70 235 -38 -60 -65 174 -141 227 30 190 -193 -29 -145 -224 144 159 195 -102 -240 115 60 123 -117 209 126 122 -115 -101 74 -3 -154 -90 -68 153 9 -203 169 -159 208 181 -103 -142 -140 95 41 -200 -171 96 -36 229 -248 188 -189 93 -106 -80 -148 -30 107 -111 224 112 11 91 98 -81 79 -201 6 183 62 -181 222 -1 -238 -244 77 109 110 -185 69 -4 -5 -245 -157 117 121 -27 -14 -150 118 -6 -47 -215 -89 50 -71 -19 147 -155 108 -128 242 238 -131 132 -7 29 63 -18 65 -169 44 166 23 -178 140 17 179 203 81 -93 27 59 178 -192 -241 -149 -147 202 -153 24 -34 -197 -208 40 114 101 180 -126 -57 -210 -114 -116 39 246 85 32 204 -164 -221 -161 172 21 88 -124 237 80 226 -63 -136 -53 162 -236 -179 -62 16 92 177 -139 -129 198 28 -86 191 193 -91 -144 156 -162 -225 155 75 12 -94 -180 170 -228 -212 -24 -74 -165 -58 -216 -226 -2 -188 -184 1 42 168 -132 -10 -229 -239 167 149 163 -213 -232 142 -176 134 -39 25 100 -49 -160 -56 216 -110 18 -174 212 47 46 -122 -54 -209 -98 -20 106 247 185 -99 199 116 4 14 240 -41 72 -170 73 -108 -247 220 89 186 
TEST 17 ARG:171 -201 100 -213 54 -150 56 -98 73 107 -67 240 187 217 64 93 186 75 228 -68 37 239 221 -206 -86 66 132 15 -235 -126 17 -12 -192 -249 68 120 111 146 59 -130 -127 -91 84 115 -194 202 -65 62 -81 208 23 99 -49 -224 -191 -75 96 -189 165 -10 -57 -222 -88 -104 -170 -82 -118 5 112 218 -133 -77 -101 -207 48 -230 -15 110 87 -79 46 190 123 216 -242 119 -153 -144 -185 126 -123 118 94 -87 12 237 -36 -95 -72 36 205 189 -141 51 219 -69 -208 3 -209 -180 -175 104 158 78 43 -26 -159 241 -164 -184 223 -18 74 108 197 -174 -102 83 79 183 -1 136 27 -119 -241 85 235 81 242 227 131 -167 44 -122 82 230 105 67 -146 -6 -53 58 -202 -178 -29 -73 -11 11 -96 -41 -107 185 174 -212 -149 -2 26 91 163 -193 97 -143 -52 116 40 -248 -169 117 -134 -124 -38 -171 164 -58 177 -46 -33 38 172 60 -125 -186 144 28 -165 143 14 -138 -214 137 182 -60 -236 -237 -43 8 149 155 -109 21 -231 122 -92 72 193 -106 169 207 -220 50 -181 191 25 129 229 161 -83 -24 225 135 -8 -229 -244 -190 -42 -136 -177 32 49 175 30 203 70 -226 -239 -16 -39 -176 147 102 200 -210 -35 -14 -234 -225 233 -23 -20 -64 -240 -247 34 7 -142 -103 130 31 45 -147 -131 -204 -228 -5 22 -115 154 -221 -200 -245 -117 -154 9 128 -166 -94 -132 236 35 188 106 42 215 -55 -9 2 55 -76 -195 -4 178 -54 76 -7 -223 95 -145 166 -120 -197 -84 198 238 -113 -233 4 57 -89 121 246 18 -183 39 211 209 -85 -157 206 145 156 -246 -56 199 33 -21 -3 148 88 194 -151 134 113 214 226 -203 153 196 20 -227 24 -61 103 -196 139 -173 -28 180 124 -34 86 224 89 -19 -27 109 176 159 -152 -217 -128 127 173 167 -50 61 -139 -45 213 101 157 -47 -59 -198 -135 168 248 222 141 195 -218 -110 -48 65 -121 -105 170 -215 -250 -40 -168 6 -205 192 -97 -51 -243 13 162 212 41 -116 -32 -137 -140 1 52 179 -30 -108 133 -22 -158 -90 92 -111 90 -238 247 249 -37 140 -182 142 -71 150 -70 0 245 63 -13 -187 232 -156 -155 16 152 181 10 53 114 -179 -129 -99 29 71 -172 160 -160 80 -78 210 125 -216 -17 -63 -162 220 -44 243 -163 231 47 -100 -112 -232 19 -161 -199 77 -211 -80 -148 184 -66 69 98 -219 234 201 -62 -93 -25 -188 -114 -74 138 151 204 -31 244 
TEST 18 ARG:18 -97 227 104 -101 243 240 -130 33 -13 -104 -39 -148 -202 -145 -26 -227 82 -140 186 231 131 213 235 -197 34 -250 138 -235 -11 196 129 8 -34 74 -83 -170 -78 67 -218 -155 77 -9 118 -189 199 -233 -222 -208 232 -146 -72 -37 -106 117 -129 -133 195 11 30 144 112 -7 -173 -122 12 206 -28 41 -33 -76 -70 -161 -193 158 -54 -186 -23 -247 46 132 -246 162 -184 106 246 -5 224 100 59 218 233 -190 88 -201 171 142 -114 -16 -217 -226 -131 182 126 57 -165 78 -68 -74 -96 191 241 145 -232 211 -167 -87 97 32 -151 -61 -177 179 39 -110 -153 21 219 -40 -143 212 155 14 -159 45 -32 -194 185 31 -84 66 154 -203 207 -49 -139 56 55 114 181 -95 5 164 -100 -99 150 87 -229 -29 0 95 188 96 -149 125 -119 -158 -187 1 204 91 -223 -65 -71 -183 -136 75 -43 168 -241 -195 52 -198 28 40 -121 -225 -123 -152 79 221 92 -175 -82 -207 25 -38 127 -90 -237 -80 -230 -3 -36 80 -171 23 160 49 -142 247 143 76 -200 -18 210 -75 -42 29 136 -77 -79 -107 -22 -94 -243 -192 -150 116 249 -63 73 -93 -238 -154 -112 -215 -73 84 137 62 152 214 156 51 -103 -209 4 -206 -12 175 -51 135 71 -211 -234 65 -163 -216 169 229 110 208 9 -128 -248 -46 -48 -24 -178 69 178 -245 -41 174 -204 -168 60 -126 50 -185 -169 134 173 -17 245 238 -249 239 -98 -224 198 102 -53 203 -147 120 -221 -30 -59 83 103 93 -21 -134 107 -44 -188 -172 124 -199 201 68 94 -2 248 128 -4 161 236 -157 -25 -56 10 -242 17 223 202 -10 63 64 -19 216 15 -115 123 -212 197 58 167 148 7 -58 85 192 -164 193 -240 -14 108 -162 234 -45 38 -116 -166 -214 180 86 -210 70 -88 -219 -196 -102 -231 -156 -85 222 -64 122 -181 165 -1 26 147 48 -92 228 -180 -220 -160 226 16 -47 -124 149 170 -50 -239 -60 3 139 130 189 159 81 98 141 -69 -20 13 194 153 157 -52 -125 22 20 -191 -15 35 -35 47 6 225 -179 -127 -109 -31 209 220 72 -62 230 -81 -118 -138 -144 -137 101 -89 187 140 99 -141 2 121 109 -6 -111 -27 -105 -228 -113 -244 -213 -86 90 242 -176 19 244 146 190 177 -66 61 44 -236 -91 176 -108 183 111 -67 -117 237 115 89 105 37 -120 -174 151 215 53 -8 -132 -57 163 43 166 205 -182 54 184 27 -55 -205 133 119 200 217 42 24 36 172 -135 113 
TEST 19 ARG:-80 57 134 -44 -247 65 -169 66 -204 -243 -22 40 30 -144 -29 45 -250 -117 137 -194 -146 117 32 230 -246 -104 -48 -89 126 -136 -145 -98 25 -11 97 182 -121 229 -42 -31 184 210 -230 -79 -46 -242 -140 13 114 -213 -182 -134 -69 27 72 239 -163 -81 -57 -26 -107 104 226 -51 17 165 -97 171 -221 -197 -131 206 29 111 -161 164 161 -88 93 247 215 11 130 -63 83 245 69 -126 -33 185 95 189 -70 -185 187 163 149 94 -87 7 109 209 -234 200 244 115 5 -200 205 -236 232 14 -24 -166 -199 85 -150 122 -93 62 -227 101 168 -133 -43 -113 -142 -122 77 56 -116 31 -59 169 22 -10 -147 -160 -137 179 166 162 26 -12 150 -229 158 36 231 76 35 221 28 -149 4 -106 -8 42 -101 -249 -208 -65 -192 102 99 -30 -193 132 133 21 212 204 -153 47 -228 -73 -72 -184 -77 242 80 -195 -16 -19 -115 -156 -176 6 -86 -85 84 -84 146 142 53 44 -35 105 -114 125 -143 107 -172 -206 9 139 -209 207 -102 235 -64 152 119 113 -202 -187 64 222 -201 154 -222 -118 -211 188 197 -174 -215 -237 148 15 -55 -39 68 -28 -40 172 -109 240 0 19 -196 -96 -205 -130 -186 -157 203 48 -83 -20 223 -181 236 -90 -34 143 155 -171 145 59 246 -231 233 8 -54 41 225 -214 -120 199 52 1 -49 -21 177 135 -32 60 86 61 91 -36 141 208 18 78 87 106 -6 -232 38 220 -203 -50 -148 127 -94 -218 -27 112 -71 -5 -53 -103 160 -220 79 100 -152 -37 -180 214 129 63 -14 -18 153 -58 173 73 2 24 -129 249 -67 175 -244 -167 16 -154 -17 195 -240 -225 211 -159 -135 -168 -82 -198 -162 -61 55 -52 -112 98 108 191 174 136 10 110 -60 176 -164 -179 216 -25 -124 202 224 121 88 -177 -173 151 -127 124 -158 -155 54 227 183 92 -75 -175 -165 -2 103 34 -128 3 156 -219 -119 -191 198 -223 -68 51 140 228 -92 43 82 70 -47 -3 157 238 -233 49 20 -217 -241 -141 37 -239 178 -76 46 -189 -105 -226 75 -123 -110 39 96 190 12 -1 -235 -238 50 -41 -13 196 -125 -62 -7 237 144 -183 -56 -9 -66 -95 -78 193 243 167 23 -224 128 -212 123 89 33 -45 -23 -138 -207 -139 81 192 -15 180 58 -245 -74 138 218 181 -210 -38 71 131 147 120 -91 -99 217 -108 194 67 -248 -170 186 -190 -151 248 -4 234 219 -100 -132 170 116 -178 74 90 159 -188 -111 -216 241 201 118 213 
TEST 20 ARG:-123 160 45 18 132 210 224 209 -222 -204 194 -168 -81 -74 -230 180 -105 -48 172 109 -77 -214 87 -194 -4 162 -83 170 -95 244 -98 -143 -162 94 -109 -19 -189 -202 232 -141 -93 67 61 133 -152 -64 -14 -181 117 23 -198 -88 -187 20 -218 0 -110 -148 114 -216 217 110 -241 223 166 204 -21 -192 -40 196 39 -50 77 15 228 -209 14 220 47 -92 -119 215 69 92 135 -167 -41 -90 66 -232 6 211 149 -107 -174 -134 233 -63 -171 -243 -229 128 -138 36 -79 100 123 -186 -31 238 239 -179 119 62 -3 30 -161 142 -100 144 42 70 43 -54 -35 4 193 -211 -145 -133 -30 186 38 173 122 41 184 8 -159 -178 154 -129 -140 -76 64 -146 237 245 -236 127 -104 17 11 -28 -115 -126 249 242 24 159 55 216 93 -150 -5 -226 167 -106 229 201 85 126 -173 125 -59 -191 -89 13 -39 -246 -23 -219 56 -87 -99 -6 -177 182 -213 139 -36 -8 -207 -2 -69 -42 10 108 75 -82 -51 84 29 86 -13 -242 79 221 -55 -34 137 153 -17 157 -38 -33 65 -96 203 -91 -132 -72 102 7 -29 -71 241 230 46 207 202 -60 -125 -94 161 -175 -53 -73 74 -67 31 -12 -176 236 -25 -128 -142 197 171 138 169 -127 181 190 -223 -160 88 -46 19 -111 -121 -58 -153 -52 -26 134 200 208 -49 226 54 -117 81 -170 212 147 28 -203 -157 113 176 -18 -238 174 96 235 -206 -188 9 21 99 129 112 152 76 -103 82 95 78 -97 -131 49 177 192 146 -200 -144 -164 -244 -245 53 104 -62 189 -84 59 198 199 248 -183 -120 37 33 -1 -208 -85 -155 206 213 143 3 115 -118 218 -190 158 131 -22 205 -124 71 -56 227 12 98 48 80 -210 -136 89 141 22 219 -163 -112 -199 222 214 120 -61 -239 -220 -75 -169 -233 -43 97 -247 -151 -154 -7 118 -228 -45 -195 -108 -221 57 191 -231 195 124 155 -10 -234 247 50 185 168 105 -217 101 -166 -212 -139 73 107 -27 106 -11 116 140 -182 -80 136 -9 -68 -16 130 83 -147 234 -185 -32 246 163 -196 -122 -249 -237 -24 60 231 -70 179 -66 183 150 16 187 27 63 -165 35 -235 164 -114 -44 156 68 -57 -197 -65 165 225 -86 -149 151 -78 -201 32 -172 1 72 103 148 -47 -250 240 -102 178 -180 51 2 111 -130 5 -116 25 -227 -184 -113 26 -15 -158 -137 -215 90 -224 -248 58 -205 -20 -101 40 -156 -240 188 -193 44 34 52 -225 145 -37 121 175 -135 243 91 
TEST 21 ARG:198 132 134 -140 -91 97 -81 79 -30 103 68 -122 227 38 39 105 -68 219 -127 -26 218 -60 41 -40 -222 -8 106 -104 203 36 206 91 -154 -69 101 -248 12 166 73 210 24 191 -6 161 -183 127 131 -86 -89 -90 158 -193 -177 77 114 -208 141 -212 -78 217 54 123 -97 208 66 -99 244 -199 -131 170 -111 128 -191 136 -158 40 -62 -151 -20 59 247 -110 -188 -211 108 -161 192 52 9 -237 117 126 -58 196 -125 -144 43 94 -134 -108 11 112 -93 -5 228 19 -218 240 78 178 95 92 -64 -217 37 193 -213 -51 99 -242 169 26 111 8 -167 -75 -35 -67 -129 -153 182 223 -27 -4 6 115 176 -3 74 113 -175 15 -150 -136 -135 -117 211 209 -103 -84 -11 -22 224 221 45 145 162 226 -38 183 234 -249 -83 200 29 -202 42 -146 -184 89 23 239 0 -76 -139 238 -128 -37 236 25 -176 -54 144 151 -53 102 -220 -25 -187 -79 5 87 -85 46 65 -101 44 -214 -189 61 -116 -45 4 -105 80 168 -244 116 175 -15 -21 135 -106 -227 76 57 -41 229 -48 -42 159 -107 -142 90 -195 93 -63 -96 21 -39 124 85 -178 -209 10 86 -241 -152 -16 -73 225 -47 -233 -28 50 177 -216 27 195 -148 -36 -13 205 -33 130 71 -203 -159 -225 -231 187 119 142 48 -24 28 -9 -219 199 -163 -77 -61 -180 -17 -124 -14 64 -240 -50 75 -223 -179 220 53 -59 194 -235 -130 165 179 -250 100 -112 31 -94 -141 143 7 -205 153 -87 -210 -156 -123 -46 148 -113 -82 107 122 180 243 -168 249 -102 222 -234 242 -132 -166 237 -198 137 -71 2 109 173 -238 215 235 -174 -236 -118 104 -245 49 -182 18 -147 35 190 -31 231 17 186 -52 83 -200 -55 -169 213 -72 -228 -10 81 125 -215 -232 216 184 172 189 -181 -138 248 133 -201 -173 164 -133 152 -23 16 233 82 96 140 55 -32 -149 3 47 -19 207 -43 -229 -165 149 34 -160 -109 -224 -207 -126 67 -92 -246 22 188 -18 63 -206 -171 181 -170 204 -2 -100 163 -143 98 245 -239 -137 154 110 157 171 121 -190 150 -114 -88 -247 -12 13 -196 20 118 -194 230 72 -66 -120 -44 -49 -34 60 32 129 -172 62 -65 -226 33 155 -155 -162 -95 246 201 -98 -121 139 -70 -145 -80 -74 -119 -29 88 202 232 51 185 147 -243 84 138 -1 30 -157 146 1 56 69 -204 214 212 156 160 -221 -186 -192 -7 70 -185 167 58 -56 -164 -115 174 120 -230 -197 197 241 -57 14 
TEST 22 ARG:-172 97 -137 0 -29 217 -114 -224 -66 108 130 -234 -249 -171 -64 -46 8 209 -182 -48 176 -191 -72 53 49 10 -175 207 -199 -178 -21 175 164 -192 -195 -20 -161 -149 52 -63 162 -1 201 -196 196 -160 216 44 -62 -147 223 99 -11 14 232 -143 -169 -32 109 101 4 -225 -60 46 -189 17 -102 240 104 -230 -121 -27 62 -52 121 86 -231 -112 152 185 156 239 -140 65 -53 -9 -170 137 195 111 202 -113 170 192 -107 124 80 -81 -115 35 11 -111 126 70 51 -83 206 28 158 159 -136 -146 -87 -97 204 20 42 -26 -166 -85 -116 199 -122 -142 -186 102 -176 -10 -134 -193 -37 -218 -78 168 212 247 -183 -68 -101 -49 180 -25 -164 132 45 56 120 116 50 -250 -144 26 -93 82 30 -153 -105 -177 -158 233 90 246 -131 -202 -242 39 23 89 189 205 -96 139 27 226 167 150 -163 220 47 -61 123 -23 125 15 -35 61 -86 173 -106 -118 -155 -104 -24 211 -187 55 -123 230 -168 -41 144 -80 -119 -212 235 238 -156 -243 -51 64 -185 -7 155 213 -84 -205 84 148 179 -227 -98 -129 3 163 208 -16 -125 190 -237 245 -88 -239 -236 81 -138 -130 225 -79 -228 146 19 -100 149 138 112 -117 228 54 92 93 -165 131 129 57 -58 -207 -15 -184 -201 16 -54 103 -128 133 169 -210 87 63 177 12 -12 -226 -229 157 31 -95 119 78 -200 -152 6 -139 79 -154 113 -223 -217 241 22 178 234 25 165 -75 41 -44 -151 33 -45 -141 -50 13 -38 171 -18 114 60 -197 88 -77 191 -198 -241 -145 236 140 -57 -67 -6 -17 219 -92 -55 85 68 -135 -162 -126 210 100 96 118 143 -42 71 244 2 -13 -214 -4 66 24 -133 106 237 -179 77 200 72 67 -240 -76 110 94 184 -14 43 194 95 -39 -167 127 83 227 -211 98 135 59 -69 -216 183 147 242 -215 197 -56 151 161 1 -71 36 -110 166 -233 -159 -221 -238 141 -103 -206 75 -59 -190 -208 7 -124 -232 134 -8 29 231 187 186 -132 -248 -150 -220 243 181 32 -40 -174 -108 -73 73 224 37 117 -70 -94 182 136 -235 91 115 -209 -22 -30 -36 107 -245 222 -173 -89 -3 -47 -91 76 -204 105 -180 229 38 -247 18 9 154 21 -19 -246 -74 -203 -127 248 -194 -65 -181 -82 249 145 69 153 221 48 -157 142 -31 -43 122 -219 -5 218 188 215 58 -148 -244 -2 198 -188 -34 160 203 -90 40 -99 -109 172 -213 128 -120 34 74 -33 -222 214 -28 174 193 5 
TEST 23 ARG:-21 189 175 -113 85 18 -207 -182 -130 193 215 -66 -236 194 -77 233 -121 220 225 -234 139 -94 232 83 -193 94 -128 15 144 249 113 -62 -5 114 168 244 -48 -16 -220 -88 -9 -218 -32 0 132 20 -116 -242 16 13 118 238 -129 54 -119 -133 48 -196 26 157 -110 155 7 -91 -202 -33 -18 243 -183 185 -86 -222 -224 -188 -185 33 186 -41 64 137 -34 104 -95 -123 -200 117 56 165 45 -152 39 -191 50 230 96 -250 -8 -37 81 37 60 248 -169 160 -75 130 -181 -84 176 119 59 169 111 -67 -30 32 -52 -176 -189 -26 41 211 49 -246 214 52 -13 122 -90 246 -122 36 205 -27 172 234 9 -2 -151 61 -155 -171 221 218 138 -111 237 181 182 -117 -186 -225 129 -76 79 74 222 -25 -238 -160 -150 135 -158 -70 97 69 -144 19 -210 -149 -11 116 153 -42 11 -205 204 -40 -227 223 -180 126 -141 142 -23 202 95 53 -20 24 -4 209 146 108 170 -231 -97 -87 206 224 239 148 217 -6 -203 -31 115 161 136 -92 -199 188 -15 190 -85 151 -73 73 240 -55 -226 -230 -104 -125 34 -124 159 -228 -148 12 203 -12 -57 -143 195 106 2 156 -108 178 44 -174 -136 -61 121 88 229 -46 -10 -71 -96 -163 -162 180 62 107 -107 31 -118 -106 -161 -165 125 -243 163 -175 -139 -101 -147 57 55 179 112 -137 236 102 63 38 -115 77 213 -28 87 98 -206 91 -245 210 -187 66 -14 -197 -223 -235 90 -109 10 177 192 -83 187 -172 -215 -45 -159 -248 -36 167 124 78 110 241 76 -50 -82 247 235 -126 128 -114 109 -217 149 -138 -98 35 -145 -38 -178 -177 -39 199 -233 216 -24 -74 -204 100 -131 133 208 -166 -112 -19 -64 68 -153 141 14 -237 86 198 89 -58 17 99 -164 103 -156 184 -7 70 -195 -232 -134 84 92 -102 72 -241 200 -35 4 219 173 123 -81 80 -65 183 -219 -247 154 40 -146 -198 65 -192 23 -221 -239 93 -100 -43 -120 58 227 -142 -135 28 -49 150 101 -56 -53 1 191 -140 25 196 -47 3 -44 -59 134 5 -105 127 -190 21 -244 -211 30 -29 -179 152 43 71 -17 6 -249 231 212 171 -154 42 166 -132 162 -63 245 -99 228 -184 -72 -60 -167 197 -209 143 -214 29 -22 -216 -170 -1 51 -103 -93 -212 75 -51 174 242 120 -201 22 67 8 147 -89 -213 -127 -68 226 -79 -240 105 -173 -208 -194 140 201 82 27 47 -168 164 -3 -80 -69 -78 207 158 145 -54 -157 -229 46 131 
TEST 24 ARG:-235 -68 89 -23 -185 127 223 -74 233 -151 14 232 -19 -228 109 155 -96 38 110 -195 -184 -35 146 -119 213 -204 -62 -86 185 165 -27 -146 -22 -90 210 135 102 44 35 202 128 -181 -33 90 48 166 -21 -45 -210 61 -219 2 40 99 171 221 -250 169 237 -140 -80 -83 50 120 -1 -233 -25 -112 -36 10 39 145 -32 80 -89 43 -196 -218 103 211 -223 -93 147 -173 0 -246 -29 20 25 -48 -171 -192 79 12 -3 114 149 -197 245 -10 -247 -12 112 -132 -8 -56 167 -168 -30 42 -110 104 -212 137 32 148 37 -81 133 -120 222 -137 -180 249 -128 -191 9 -222 13 85 64 56 -158 160 231 195 -205 -153 -135 -152 30 -165 88 11 -243 -237 -47 -84 151 -199 -245 16 -102 76 -232 -7 -130 -106 124 143 150 122 -202 77 -113 -54 -28 106 -174 -98 -144 -123 212 -13 227 -73 75 -236 -18 -183 -14 5 -190 -154 94 177 -59 -226 246 208 49 157 -198 -207 81 -85 -155 139 117 60 115 -240 242 -213 -211 6 238 215 136 -88 -172 -104 19 -241 207 -116 46 226 125 201 -134 24 176 205 -42 7 -142 140 -31 -248 -92 218 87 -11 -40 138 158 70 3 57 -66 86 -60 -107 240 -46 33 194 142 196 179 -141 -37 -58 63 186 188 241 119 71 -61 67 214 100 -149 -159 21 78 -234 -161 -242 203 59 -139 116 180 -160 134 236 -111 183 34 -133 175 197 -57 -187 198 154 15 107 184 -91 -182 193 28 -26 159 173 161 92 47 -100 84 132 -51 -20 229 -99 -95 111 225 230 -53 -230 -239 170 -75 -6 -121 248 17 -41 -166 -43 66 22 -200 228 -69 -44 168 187 -249 -157 -65 -189 -138 -71 -49 234 -179 118 -244 -64 190 -55 -150 -224 -214 -203 121 -217 -108 18 -208 -227 -114 -124 -76 235 164 -156 -109 129 23 26 -63 244 -164 -9 -201 156 -34 -215 105 189 -78 153 36 -103 45 51 -70 -87 58 -129 -148 141 181 -136 93 -77 54 -101 216 178 -188 96 -131 8 204 -122 192 -231 -169 -145 41 52 -15 -216 130 95 69 -2 65 -220 -221 -39 -4 144 55 -206 101 247 219 68 29 53 206 72 -17 27 182 -147 -163 199 217 -16 113 174 -82 209 152 220 -177 1 -127 -186 108 -117 243 73 163 224 -115 -167 -52 98 172 200 -50 -176 -24 -170 131 83 -193 -94 126 -125 -126 -118 4 -5 123 -67 -175 191 97 -105 -72 82 31 -178 -209 -162 -225 -97 -79 74 -38 -229 -143 -238 162 62 91 -194 239 
TEST 25 ARG:-210 150 -157 -93 -90 -225 -9 181 196 96 -228 15 80 -97 203 20 -102 85 166 219 -28 1 -186 207 21 -92 -148 116 88 125 -84 -71 -2 94 17 99 -46 81 -178 18 56 -31 109 -43 19 112 -55 91 -1 -217 -56 -22 208 213 -42 -64 41 170 -150 -152 70 -170 -227 -12 -17 87 167 -99 184 -176 -36 -146 134 246 100 14 248 244 -62 186 171 64 -128 182 -125 -127 43 -58 142 225 82 42 190 -41 -211 -193 174 52 -35 -229 -124 -203 -89 2 -26 -139 202 -101 -131 -70 226 232 126 -132 -188 -142 97 -180 132 -167 65 119 49 205 201 -68 -114 59 153 195 -40 -78 -201 -221 53 -248 78 -208 -60 120 144 217 179 -149 -242 35 211 -103 -95 -51 -199 -129 36 178 129 -63 89 -174 243 54 113 -98 92 -111 67 -244 -159 -133 -4 -136 79 140 -220 222 192 143 233 180 139 198 61 -21 131 -151 -226 175 -147 -49 68 -196 176 247 115 183 110 -32 -53 -163 221 74 34 123 -107 -164 -177 152 145 -165 -187 106 -94 -135 242 -239 -241 48 -189 -73 -137 -204 -213 -72 -76 -34 -240 8 -85 -134 -7 -27 90 7 -82 13 -231 -236 -140 -81 231 214 -156 239 -45 -224 -80 -175 -106 133 -185 -50 -79 -206 -3 -39 -121 -104 76 156 227 241 83 249 -24 -119 204 31 -219 105 128 10 191 -198 -20 154 -38 -171 107 138 -11 25 47 157 146 -172 -48 -19 -44 194 220 189 39 -235 6 -23 -145 -243 30 177 3 187 -173 228 32 69 37 5 -115 12 -77 -16 -222 151 38 -75 -118 63 236 -166 -67 40 -192 -138 117 24 188 -194 118 93 -116 -30 -169 -181 16 -184 4 102 -223 86 -123 216 206 141 -54 185 -13 51 218 209 169 -218 -158 237 11 162 -200 -65 -153 215 57 95 210 -215 136 -47 159 147 163 62 -117 -91 101 72 168 75 77 84 234 -25 235 230 26 238 0 135 -110 -96 130 -247 -100 -168 66 -74 -214 -33 240 -246 -209 158 -57 27 -143 137 -130 71 60 104 98 -154 223 173 33 -238 224 172 -122 -233 -141 108 -182 -83 149 245 -191 -161 23 165 199 -126 28 -250 164 -14 -162 124 -120 114 -155 -160 -232 -10 22 -202 58 -230 -205 127 -88 9 44 -113 -112 161 -105 193 212 -190 -87 -249 229 103 111 -15 -207 148 -6 -197 -234 -29 73 -245 -18 -212 29 122 50 197 55 160 -8 -144 -86 -5 -179 -195 121 -183 -108 200 -37 -52 155 45 -216 -66 46 -109 -61 -237 -69 -59 
TEST 26 ARG:5 -110 179 217 -60 -114 -238 118 241 -142 67 -224 -248 -75 193 -151 150 -94 147 -86 -83 -231 -212 -175 219 -24 66 -95 63 44 -17 -103 -61 -136 140 248 113 -99 162 -108 58 78 136 31 216 18 34 188 240 0 130 172 -70 -132 -207 -218 106 -205 -153 161 191 176 -128 -157 -243 -90 -226 -220 37 109 99 -241 -215 133 73 183 77 119 -163 60 -56 198 -154 -52 7 167 -232 -147 21 -216 -190 -69 -185 171 181 -121 102 -44 182 127 -107 -217 98 22 -27 213 -225 199 90 145 143 -71 33 -2 -105 29 -40 129 -63 56 46 -19 234 -111 225 -84 -101 -16 214 174 55 116 238 -189 228 -35 239 57 -158 -247 -213 30 -57 -237 -58 -85 -9 177 131 189 -122 -244 72 -211 -7 -131 -129 110 132 180 -64 75 -82 13 -39 -34 158 62 186 157 -98 246 -222 -26 23 10 -191 151 237 197 -32 -219 52 49 146 -240 -117 83 -89 -124 27 -134 -113 138 -106 -93 120 -135 115 -133 -4 -59 -74 -6 68 -21 -203 -125 -72 -174 11 17 -164 154 -172 -76 -137 108 85 -109 -192 32 61 201 244 202 -234 243 190 124 121 230 -88 175 -206 159 79 25 -54 -227 -138 -198 101 220 71 117 208 -180 -165 215 80 229 -91 221 -181 -161 192 86 -43 -152 184 103 -229 135 -30 92 232 123 170 76 -245 54 114 42 69 -141 142 204 -33 -187 -210 -67 -186 211 137 -97 107 -184 -246 94 28 -50 36 96 3 155 -116 93 -183 168 -77 -202 -118 43 -160 -38 -47 218 -68 -55 148 -155 149 -31 -28 242 -15 245 -10 -29 -239 74 -170 91 -49 19 -42 200 196 -5 223 16 -169 -179 -156 70 203 -230 247 134 35 -159 -48 -46 24 -126 185 -119 -146 -221 -178 122 -233 222 41 -228 -223 -195 20 152 -249 -100 -235 -242 -149 -115 139 -53 -193 -145 -14 89 -45 -11 -188 -96 -87 -80 160 -144 -8 233 209 -3 -123 -120 -112 141 236 88 -194 50 65 126 -18 14 -208 165 -204 -177 111 53 -250 -23 -209 -65 156 207 -176 187 -36 -166 -81 -13 -236 84 249 -200 -143 231 -25 -196 227 153 -162 128 -139 12 -62 164 -78 39 45 -182 105 -167 -12 38 -22 97 -150 -104 81 -168 -130 -73 104 -197 112 205 166 226 169 48 87 82 40 224 15 -51 -41 51 1 212 194 95 -79 9 6 -148 4 210 64 178 -201 -127 235 173 -102 47 -1 -66 -214 163 26 -37 -20 59 206 -140 -171 8 100 2 -92 195 144 125 -199 -173 
TEST 27 ARG:-242 213 248 156 249 -57 188 -86 -140 -27 -106 -42 -71 -46 -194 161 -145 -84 -165 118 -214 -70 200 111 226 210 -233 87 2 8 30 -37 242 -117 -52 -47 181 -216 89 -89 215 27 130 -147 59 -217 -92 212 22 83 220 169 -130 -25 -136 -68 -183 219 -111 141 -41 157 68 243 -3 -164 -184 -160 -29 -134 -168 170 -61 -44 -87 230 185 232 -229 -90 -226 47 -196 -40 3 240 177 -63 222 51 102 4 208 106 -116 -176 -59 -244 -78 218 -220 -2 241 31 -195 75 -230 -21 -151 0 191 -249 244 -245 1 129 -118 142 -236 -221 -99 -43 -161 28 115 -228 35 -231 -81 -101 182 -24 123 112 -11 -67 69 233 -209 122 -49 -219 -227 -208 84 -235 -155 134 -198 -131 46 53 135 -114 -20 202 119 -222 238 -173 80 44 -104 -191 -13 -35 37 -93 -139 99 174 155 -162 61 -12 15 -122 90 -16 127 236 138 -124 96 -137 195 -212 86 45 176 -115 225 -154 33 150 -180 -234 -187 -73 100 -167 -192 9 18 78 13 -23 -190 -152 -74 -75 -247 -120 -113 5 -97 34 -121 104 29 -54 126 -239 229 158 -125 14 149 183 6 168 180 -62 144 39 247 -170 67 172 103 121 -224 -82 -19 -189 41 -149 187 -150 125 50 235 -171 205 -179 -241 148 171 49 -127 -85 -148 -182 246 -126 -102 -132 -237 217 203 -223 -181 -206 -91 136 107 -238 201 227 -175 -202 -243 196 -45 153 239 -64 -158 179 145 147 23 -210 -133 -66 146 101 -56 94 175 21 74 73 -95 66 20 -60 209 -141 -157 36 198 -129 -201 58 60 -5 -215 190 -51 55 -232 71 166 -109 40 -112 -240 186 -33 19 -163 105 -143 54 194 197 162 133 76 173 -174 -128 -177 -88 -119 98 97 -15 43 221 72 -153 245 128 -138 193 -172 -103 116 -225 -38 -1 113 231 -83 167 165 88 -39 95 -100 -72 184 -107 85 -197 -76 92 237 -169 -17 -213 -146 -6 48 206 114 159 164 -188 52 160 70 -7 26 -142 214 178 -69 139 63 -34 32 -26 151 79 211 -105 10 -246 -4 137 -53 -108 -123 234 77 189 -9 -48 154 204 117 -166 -135 -36 140 93 110 192 223 -199 -186 -50 -32 199 120 38 216 17 -31 -14 -205 124 25 57 207 143 16 -159 7 42 82 -204 -211 -207 -178 224 132 81 163 -22 56 131 109 -193 -80 24 228 -110 108 12 91 -28 -144 -200 -10 -65 -218 -30 -94 -55 -58 -203 -250 11 62 -79 -96 -156 -77 152 -98 -18 -248 65 -8 -185 64 
TEST 28 ARG:-249 202 206 -59 89 70 -122 220 -187 170 219 -244 -125 -8 -243 4 31 -159 -248 -222 111 3 -103 -167 -48 49 -140 161 -189 -247 190 83 41 232 225 -3 9 -152 92 100 121 -15 -41 -195 -194 -121 -123 180 127 126 226 96 -133 135 -224 -113 149 136 -215 26 125 223 143 -44 78 -164 -203 -170 -61 -138 -56 60 142 -126 107 82 229 177 181 -10 55 -71 -87 150 -190 -135 79 -228 -139 52 -63 56 45 134 -60 -151 -234 196 47 -33 244 -98 -156 204 -118 160 -95 32 -237 -84 -202 -188 14 230 -171 120 -43 -18 -207 -160 80 -231 133 210 16 172 -21 76 87 -77 191 -32 43 20 -209 214 194 187 185 -150 59 -78 -4 -81 72 -29 68 238 242 -114 182 19 -221 98 -233 -36 169 -20 -105 -192 -201 -9 -19 239 151 58 168 -13 -73 -217 -210 208 97 5 81 145 -165 -177 -180 165 91 35 199 93 171 -107 -101 141 -183 186 102 243 215 116 -141 130 42 36 -148 86 112 -57 38 119 117 -223 -28 -144 63 118 -22 -2 221 128 209 -45 94 54 18 195 -91 -149 -242 -100 -178 -89 -46 -112 27 -226 -241 110 245 144 -212 -104 -72 30 -136 158 139 124 137 -70 -200 197 249 13 -39 213 -53 156 216 235 -155 113 236 -6 -111 -76 40 -40 212 -116 -66 148 157 61 -25 173 48 106 -176 200 17 198 -146 -90 103 -246 -106 -14 21 -238 248 -79 147 15 -179 -117 -199 233 64 -52 -96 -230 -23 29 -172 218 222 -26 166 0 -134 163 -75 -211 162 184 46 -193 -213 -204 -196 -186 37 -1 241 -143 228 231 51 -214 -97 -245 -31 69 39 217 -220 -94 -166 -80 167 -158 -68 7 73 174 -250 -142 -51 227 66 -17 237 -175 -232 224 192 -185 -198 -47 -11 -153 24 -67 -54 -38 -82 28 -128 50 2 67 179 246 84 -62 57 115 188 175 -27 -58 -168 189 -239 -5 -34 240 -240 123 193 -184 203 -35 -219 -130 159 -64 -229 138 146 -227 211 10 -208 -119 -102 -163 -30 -169 23 -205 -83 -132 -99 -218 154 95 234 -42 -110 -127 -49 -124 -131 34 164 -191 99 201 12 44 114 -65 -37 -154 22 108 183 101 -7 -147 33 247 153 -161 155 -129 -108 -225 152 62 1 -69 -109 109 207 104 -173 -88 74 -174 8 176 -12 53 -50 132 -93 -206 122 11 6 -137 131 -216 85 77 -145 -74 -181 -92 178 -85 -157 -197 -55 75 -24 -236 105 65 71 205 -16 25 90 -120 129 -86 -115 -182 88 -235 -162 140 
TEST 29 ARG:152 12 -130 -223 166 -246 -82 -195 9 -90 143 -20 -30 -12 -102 -32 90 42 188 151 219 -85 131 84 8 18 -129 215 -180 139 78 -136 214 -86 208 237 25 68 -24 -80 -250 14 -67 -75 146 -153 -202 7 140 33 66 108 -201 135 -41 -222 65 103 203 -43 -208 -179 -188 26 51 57 209 -69 -141 -127 -120 -65 -35 37 72 202 128 -147 -229 19 147 176 -53 -133 -26 180 -42 190 207 -11 -125 -23 -176 -134 -72 -247 23 -34 31 -107 1 -175 -215 -106 20 -74 -60 218 -103 216 -160 156 -47 -135 170 155 96 133 -98 230 -105 -93 238 -156 6 22 162 -181 121 -38 194 148 -44 161 91 167 -28 -192 -238 -9 69 -8 -33 223 232 234 -77 94 109 97 233 150 -110 -154 -220 -232 243 76 -158 -236 -10 38 -190 11 13 -14 114 159 -1 247 61 62 3 16 115 -203 107 79 240 228 -145 -73 -118 21 178 -48 100 -230 47 15 -123 -100 104 158 206 -170 -45 173 -92 -16 -218 -159 2 87 -204 -224 -58 -166 -57 -51 -27 -152 226 120 -64 246 -241 34 181 -78 -40 -165 -227 163 -3 -113 -37 86 221 220 -89 -150 134 174 82 24 102 236 95 -5 127 -225 77 -167 5 -228 198 -124 -59 4 -173 241 -155 -104 32 -143 105 -96 70 -109 126 242 -237 -169 46 -2 -161 45 -205 -101 -46 -99 -183 113 186 -139 -219 -163 -97 -140 124 116 -234 -200 30 -21 189 175 -226 -207 136 111 17 48 239 99 -17 205 196 64 43 -142 -81 67 112 41 -233 168 -182 -197 53 -248 89 -216 227 177 -15 -117 -235 132 -95 191 -240 73 -168 248 -84 -112 -148 141 -91 165 0 101 -122 110 -128 106 -245 -184 29 49 40 -177 -7 -83 -68 231 -87 130 129 -61 204 -19 -111 -209 54 193 -217 -94 55 211 183 154 35 -39 -157 92 182 -194 27 -186 235 137 169 -25 -62 -18 52 81 -243 -149 172 -244 85 -137 -196 28 -249 80 195 -54 -242 117 -119 -172 -4 71 187 10 -108 93 245 98 213 -50 123 -116 -206 -231 -162 -187 144 199 160 63 210 -71 -151 184 145 153 222 -239 -66 224 74 -121 201 157 179 192 -213 -221 149 39 212 58 185 -211 -70 -164 -55 229 -63 244 88 -178 -193 217 -198 83 -36 -199 -52 60 -132 171 50 -171 -144 75 125 -174 -191 -76 118 -49 200 56 -114 -79 -185 -6 -31 -189 -146 -56 -214 197 -131 -13 -115 44 -138 119 -210 59 -212 142 -29 249 36 138 -126 -88 -22 122 164 225 
TEST 30 ARG:170 163 224 -219 26 -91 36 204 -232 -12 19 97 -127 67 -88 -118 -120 -9 217 -178 -81 -168 -95 245 222 -40 208 -171 -246 230 -65 228 -173 247 82 226 -244 -211 -196 96 218 -193 -77 87 107 74 -33 202 6 -93 -99 -194 -170 244 192 -121 108 99 -240 216 27 229 -198 -42 78 241 45 117 30 -38 33 -31 -220 -2 47 -96 -130 111 -16 -87 -149 -200 -160 -187 -129 109 -47 -80 -249 124 112 23 -64 -202 -212 -97 -228 113 -216 25 196 120 -28 -30 122 -4 0 238 89 -122 79 177 8 93 239 34 -106 83 -186 -78 100 -109 41 -206 13 129 37 -105 54 147 -74 198 185 -119 -189 7 91 -243 22 -174 248 144 -44 -183 172 103 -117 161 -39 -176 98 -236 178 -82 223 -13 162 -21 -36 -138 176 76 236 211 68 3 214 215 62 150 -195 -237 197 60 -231 -25 -175 84 -165 138 -79 102 -5 -148 195 166 5 57 159 -192 -73 169 -100 -226 -203 -164 -14 -54 90 105 -161 -180 156 -75 -67 -60 220 -172 106 -132 -57 -23 -11 49 -6 183 -213 -104 -151 175 -233 -107 -214 80 -110 188 -116 -1 -69 -45 137 -136 -17 152 -20 -70 -191 12 243 201 123 142 157 -115 4 143 131 184 53 149 110 225 -3 -190 -26 -210 -179 24 -225 -128 -55 -218 219 -48 29 240 206 148 134 63 -92 -152 86 136 1 154 146 -141 164 75 -215 51 139 -239 -72 -204 73 165 -53 -103 155 168 71 14 2 94 -153 18 233 -182 -245 -166 -111 -242 72 -150 -123 -217 193 158 -34 116 -156 -139 -98 -241 64 -52 -76 10 -154 242 181 -199 -147 212 69 -221 -89 205 -112 -247 -177 160 -238 43 -94 -197 179 -63 -41 191 235 44 61 59 227 70 -10 -124 115 -108 207 209 -125 -134 -113 221 -61 -68 81 -46 -135 -85 38 -126 -24 199 -137 -159 210 -7 -167 101 200 -227 35 126 58 -102 -184 -145 -51 -146 -209 -230 -56 -229 11 125 -18 -235 31 -222 -250 -22 -208 56 -140 141 21 77 -143 88 -59 234 -35 -90 130 232 85 -32 -157 171 173 -86 104 -248 119 52 65 -62 249 213 -50 39 -188 -84 190 -144 95 145 167 151 -158 -83 133 -133 -29 203 -155 -185 114 -71 135 -37 48 140 189 -58 16 246 9 -131 187 -169 -43 92 -142 -163 -27 180 174 50 -207 40 -114 55 -162 -201 -66 66 186 237 -224 231 -234 15 -15 121 -181 -101 127 32 46 153 -8 28 -19 128 118 -223 -49 20 42 194 -205 17 182 132 
TEST 31 ARG:124 -133 -103 101 212 -127 195 75 -48 34 -39 199 248 -165 -250 -124 -173 70 146 224 52 -137 140 -20 222 -71 -111 -25 -106 -138 125 -87 88 17 -78 -170 -95 105 -209 118 -152 244 60 42 46 218 89 -196 -185 94 -128 177 13 -17 209 30 73 37 211 -229 223 96 -214 156 -117 -157 -236 24 43 -15 -190 -72 165 110 115 -79 44 19 -188 56 -91 -234 -178 154 132 -9 127 -108 -243 -99 -96 -202 67 190 -187 98 -134 -183 97 181 226 -241 227 -2 -114 -44 -166 -7 -112 3 -199 -246 170 186 -169 -34 79 233 -11 -149 -83 -12 -140 -61 205 -101 217 -218 54 77 -186 179 -207 9 1 -52 6 153 -88 -14 -131 -47 5 148 175 200 -247 237 201 -215 -192 23 80 -184 69 184 -77 -164 119 155 -248 -69 -94 -63 48 -154 -212 193 168 -42 -31 -115 -175 -121 236 206 241 -242 -4 202 -75 -46 -198 -219 64 213 -120 -213 -200 166 228 204 -231 -144 -195 -160 219 -45 -151 91 -208 -97 172 29 198 234 -35 169 -197 -38 -89 -3 -85 38 -55 65 -153 78 194 167 -228 -26 208 -28 -54 10 -40 106 22 36 -191 49 -194 116 -70 -74 63 84 -58 120 68 158 174 28 -107 -148 -37 -143 -145 62 138 0 -43 35 -225 -177 107 159 -104 61 183 -29 -73 -123 -172 -86 134 113 -50 -129 -59 -171 51 137 25 -64 -168 235 39 93 -98 -27 59 4 162 239 216 210 -41 171 -76 136 -135 141 232 145 203 188 40 238 -130 -118 50 87 -237 245 -161 14 -32 -220 -205 -51 -232 -240 -13 -167 247 -105 196 -81 -19 -142 187 -6 -65 185 117 109 -126 100 81 225 122 -216 -56 -80 -235 18 -122 66 164 161 182 -93 -10 160 -100 231 -224 157 133 -158 -33 -24 -5 83 -230 26 147 -233 173 -180 -163 128 21 152 92 -139 -62 -23 180 -189 -92 -162 -210 8 -67 -244 207 -217 -176 32 -239 47 31 -245 -193 214 192 -211 -8 -53 -203 130 121 15 -238 131 41 -182 -119 -49 112 -1 -204 -113 242 86 16 114 85 11 -174 -141 -132 163 -181 -60 -223 -82 -147 -146 -222 -226 57 -179 -90 -16 53 126 -22 149 -150 -68 230 -116 -206 99 221 129 123 135 20 -30 143 103 2 -125 -249 72 -136 215 108 7 -66 176 -57 -201 -102 -155 -21 33 82 150 55 144 -221 90 142 246 -36 -18 71 104 229 178 58 191 197 76 189 -156 -84 139 45 -159 95 102 -109 -110 12 74 249 -227 111 151 27 243 220 240 
TEST 32 ARG:-193 6 143 145 -112 128 -150 -145 87 109 -26 79 -98 26 239 -187 -249 212 156 -13 -223 -215 42 -89 11 157 129 177 102 -125 21 -72 -71 -12 20 -245 120 93 -34 -78 -168 -232 -21 -37 -199 141 204 -5 55 196 -99 135 -67 47 -121 232 43 105 194 59 -44 183 -157 -104 75 247 -82 149 17 -188 -92 223 -74 91 -119 -154 246 -118 -152 -94 179 98 -61 -181 -151 122 -210 69 -219 127 175 -30 45 -6 -202 84 -109 -141 176 -163 -233 24 -65 -83 -169 18 73 146 -165 182 -40 -190 164 169 -137 -73 188 -45 184 -135 10 -117 205 -10 202 -201 -88 3 38 -246 41 -229 46 -206 -4 -19 -42 54 -39 -186 -205 -175 -56 -227 -70 181 114 -173 -235 80 189 -156 249 -86 -68 97 228 -143 -197 90 217 -148 -230 107 -218 -159 15 62 -110 138 203 14 243 -106 71 113 -14 83 -115 118 22 39 -8 -166 -238 173 -211 -203 133 -196 -41 -95 82 96 -180 32 215 104 -209 208 67 61 89 68 0 -84 65 -2 -108 -132 -123 -50 -198 -178 190 -231 -242 63 241 158 -128 234 -69 -75 -64 -15 160 101 245 119 -179 221 -124 66 23 220 106 33 -43 103 152 48 57 240 -24 153 -183 186 219 -191 -47 -23 -247 -153 126 -140 171 -195 180 56 88 -225 -97 86 -62 37 159 -59 110 31 100 124 7 -185 19 -51 16 36 -220 58 132 -27 224 207 237 167 187 74 -250 -171 -38 -53 -130 70 -100 -36 185 170 -170 121 51 -54 -161 174 154 -243 -35 -226 178 64 52 206 108 -228 -63 200 -28 -174 142 -234 76 -240 231 -96 147 -120 -77 -248 -32 -214 -107 -25 -11 117 -221 -127 -207 -17 193 -101 131 85 230 -49 99 130 -58 -236 12 -33 -160 29 235 -155 -204 -126 137 -189 -81 -114 192 218 -212 -129 -208 -217 -136 -172 94 -133 -222 27 225 13 -93 28 229 150 -1 162 -57 -18 -60 -158 -241 136 -111 201 115 213 -216 -7 2 144 -31 -55 92 -162 -147 -9 53 25 -213 244 -52 -20 60 40 -16 -146 214 -116 210 233 -164 -80 30 -224 -182 -194 148 -239 44 -138 -176 248 151 -200 112 116 209 236 -90 77 226 -46 35 216 -139 -76 211 5 -22 -105 8 161 34 -85 -177 -29 81 -184 1 -192 -3 -131 195 -113 238 -142 140 49 4 168 163 -102 -149 -167 166 50 78 165 -237 -48 172 -244 191 -79 242 199 198 125 139 -134 155 72 134 95 -144 123 -103 -87 222 111 197 -66 -122 227 9 -91 
TEST 33 ARG:-78 -178 -142 139 -171 155 -145 -166 -203 157 -224 -14 214 -231 99 29 -234 -153 125 -232 -201 145 -35 -5 101 -23 231 33 -217 32 -175 6 -45 -96 239 -87 -75 -228 -225 -25 192 3 183 22 200 236 -109 121 234 -138 -137 190 93 -43 -77 -40 54 86 122 245 197 163 -116 -39 130 -8 -208 138 127 63 -237 82 -16 -183 219 -212 -180 90 48 143 -103 113 70 -51 65 -62 -90 186 -167 -222 106 -223 38 215 220 43 71 104 -20 105 232 204 -60 92 72 229 95 -65 227 -139 147 -207 -134 -156 -130 -48 -179 161 -210 -230 131 -168 171 -56 158 21 207 135 52 -46 -140 -218 120 226 77 -152 -192 146 89 114 -119 -88 -86 -19 -151 -182 198 -184 144 240 237 -143 -191 58 166 -198 117 201 -28 -131 -108 -112 -72 151 152 -188 -105 134 -93 188 -37 206 -159 -181 -53 -144 83 -17 -243 -238 30 205 -91 228 -135 -49 68 -33 -15 184 -68 233 209 -55 129 -177 181 210 51 187 62 -247 59 -124 203 50 -250 -94 -121 179 31 -61 73 140 -21 247 4 -113 -248 -111 88 111 61 -101 -226 211 -76 164 -215 -71 98 7 -244 66 -190 223 -200 87 17 196 -83 -104 81 27 -128 246 115 -85 -79 9 212 242 208 199 -157 -120 -69 -216 116 238 -3 141 -193 24 -213 -154 216 -162 -133 248 128 91 235 -172 -187 -98 182 176 -150 -84 -47 103 -214 -36 -174 11 185 119 60 97 126 -13 -196 -95 -211 -64 -27 -114 -195 23 -236 10 191 108 79 37 -136 -239 -115 -165 193 -127 -100 -81 -197 -163 168 -10 5 -97 -241 170 136 -173 -74 -107 -31 74 -176 -73 222 28 137 12 100 13 -42 102 57 153 159 -11 34 -146 -164 40 46 -38 217 -44 80 112 178 -235 123 -206 124 15 -70 -220 2 84 194 -7 -30 49 -185 165 -57 -170 156 132 -189 221 -6 -227 244 -202 -89 -122 -50 -1 218 94 56 39 -52 149 -186 177 -242 55 35 -161 -118 78 -221 -80 -117 -9 -41 8 243 41 -126 -245 202 45 -240 249 18 142 85 -205 109 -132 -99 42 19 -155 173 195 -63 26 -169 241 -32 1 67 148 154 96 -54 118 162 -125 -34 110 -12 -147 -141 -18 -229 -22 -67 -233 133 25 -59 -123 -129 -158 169 -58 -204 47 -249 -26 107 44 0 -194 150 64 -66 213 -102 224 -148 -4 -199 16 189 230 180 -219 75 -209 167 53 225 20 -82 -149 -92 -160 175 76 160 -106 -110 174 -246 69 -2 14 -29 36 172 -24 
TEST 34 ARG:29 -118 109 -138 81 -38 161 138 2 -195 -87 152 126 -40 -105 4 -151 182 71 -7 36 -102 -26 205 28 -133 -191 -119 130 245 -43 162 -58 194 -211 62 108 -230 120 141 140 0 178 220 248 158 125 148 -109 -145 209 114 59 -224 -37 -131 75 143 201 13 -143 -210 41 -34 -76 173 237 -203 -68 -123 112 196 -164 -32 -174 223 -225 21 18 50 34 46 98 87 176 -244 214 -214 189 -209 199 188 57 -193 -81 -101 -247 92 -146 -236 -82 -56 -21 156 -67 -71 -126 234 39 26 -16 -218 -5 241 -181 54 160 -198 100 -135 73 -10 -177 198 -223 137 76 -9 67 -231 -240 192 -173 -142 82 172 25 -169 10 135 70 240 -110 -117 -243 -139 -41 -155 -86 -4 -95 184 124 230 -113 -238 -221 169 117 212 66 244 69 -184 191 -12 206 -242 -77 187 -72 -112 216 147 228 -29 -30 242 -189 80 89 68 23 224 225 232 -36 -241 53 -15 79 -59 -137 -6 115 227 -62 77 -156 -84 213 -66 37 -234 -248 -246 65 -120 247 -153 210 -160 48 133 -78 103 -199 111 -202 165 -115 153 208 -190 211 129 -148 -141 131 231 -57 185 -42 -180 145 -196 151 134 170 -226 6 -39 -3 180 -222 -127 -91 43 155 -35 -51 -179 177 -232 -200 -154 -70 35 -206 3 38 119 159 203 47 -49 88 -168 -125 -208 246 200 93 -217 1 229 102 72 -235 -187 -13 -1 58 221 164 -157 -108 27 157 -11 215 -245 -106 -140 -88 -201 -116 -134 -69 -170 -85 -172 -83 121 -33 149 146 -24 16 -128 190 107 -185 99 -158 104 217 -73 -45 139 -215 113 -178 56 -163 -65 222 52 128 -207 -97 44 168 -176 94 -103 -249 243 -237 60 -46 24 -60 -99 33 -161 20 226 -104 193 95 55 42 -90 -121 -183 -220 -98 233 116 136 -166 -20 -167 -204 74 -182 40 105 -111 -8 -159 -239 17 -150 -92 -23 11 -31 -162 63 166 31 186 -107 -17 -228 -216 218 -197 -64 -219 -79 -144 22 163 84 -50 110 96 202 83 -48 45 118 49 9 154 123 -175 -14 -130 -194 144 -114 30 -28 -89 -2 12 -132 -54 -136 5 -53 51 15 235 85 -165 -122 -75 -188 -212 -61 142 -152 -171 -63 64 174 249 97 -100 86 8 19 183 106 -93 -233 -213 -229 219 239 197 207 -74 -22 175 -19 32 101 -94 150 -227 -55 132 -129 -47 -250 195 -149 171 91 7 179 204 14 -205 -124 236 -96 -25 122 78 -44 -27 181 127 -192 -52 -186 61 167 238 -147 -18 -80 90 
TEST 35 ARG:-41 -107 46 -114 108 -26 157 204 -5 128 -130 -62 -113 -208 -188 190 -43 216 -15 215 -156 -153 195 -189 17 56 -143 -20 142 -39 -211 -10 -223 238 141 231 53 -76 -242 -128 -112 -218 224 -110 2 245 243 -93 -51 -32 62 -227 3 4 -136 172 148 8 -60 32 -33 -249 82 154 16 -100 -142 244 12 234 143 246 68 236 -54 14 -246 -58 241 229 -80 -19 182 -7 120 -49 92 86 -101 -44 212 -171 -124 98 -125 183 -163 184 36 173 -69 72 136 45 200 180 -172 140 156 49 169 -21 -222 171 132 48 223 162 -140 -86 214 -173 -29 -193 71 109 134 1 249 61 201 -138 211 -92 -233 113 -36 -150 -212 -221 -24 150 -78 181 131 207 151 203 102 -2 -215 217 -158 138 158 -224 38 -194 226 81 -164 247 33 121 -154 114 47 -16 -105 52 -214 44 -67 -73 -64 89 209 11 213 196 129 206 227 202 116 -235 57 -165 100 -87 28 -94 -160 220 -126 27 237 -200 -187 60 194 -135 -234 -196 -74 163 -48 -216 -117 165 219 -250 90 -157 170 -240 -178 59 -90 -96 35 -4 -245 -210 93 -28 -55 -109 -102 -47 22 0 -175 110 -198 -6 104 107 -14 139 159 192 -127 -123 80 7 -168 -141 18 -34 123 58 5 118 -243 76 -203 145 -81 -89 64 -248 96 19 -65 9 40 -144 146 77 -146 161 65 175 -99 188 -79 -75 51 88 -192 -217 174 63 -161 23 230 -91 31 -61 -17 149 155 -59 125 -228 -122 -46 -27 187 -68 -184 235 21 -247 -18 -238 24 -147 -11 55 -137 222 -116 153 166 -179 106 168 -104 85 -152 103 70 79 -8 119 15 -97 117 144 78 -23 83 -177 127 -169 -244 135 -66 160 13 -13 105 54 -202 133 -145 -237 177 -106 -204 -226 208 242 -103 34 20 198 -182 -53 -201 124 -45 -195 -52 -121 -199 -118 164 -133 -82 137 -25 205 240 99 239 -70 210 30 -1 -180 10 -183 -63 228 111 218 37 -220 -111 -38 147 -174 185 87 -231 -72 -149 -120 -213 -95 -9 97 199 101 -207 115 -30 66 -205 152 -191 179 -186 25 189 -155 -209 -197 -162 -148 84 167 -98 -108 221 126 -12 186 -71 91 -159 -84 122 43 233 -239 -42 -85 -139 -167 -181 95 -31 -166 29 74 -236 -232 191 232 197 -225 112 -129 -185 26 225 69 -131 -115 -50 42 176 41 39 50 -83 67 -151 -22 -40 -230 -176 -56 -35 -132 -37 -206 -3 -190 -88 -170 -241 -219 94 178 73 130 75 6 193 248 -57 -77 -134 -119 -229 
TEST 36 ARG:-138 -190 53 177 208 7 239 -214 151 -227 -137 98 -102 246 63 131 99 224 117 -195 -169 229 93 238 212 -244 56 182 -29 -234 112 -189 176 216 -10 213 -46 188 18 167 78 -110 75 125 -224 103 -247 217 -33 -61 -220 215 -116 173 76 -28 89 -99 -45 -107 192 47 -221 233 -155 -217 196 -193 157 200 23 -43 17 22 -66 -101 -205 -218 -184 135 129 -168 -180 -144 -85 247 -200 -106 -105 -58 -7 164 -208 -70 127 -201 -71 62 -79 187 207 232 221 60 138 -167 183 -245 185 52 34 59 81 -15 -81 -88 87 -83 67 214 219 -186 159 162 -12 45 -163 -149 242 -111 38 28 106 -153 -17 -159 -87 71 -145 -112 109 -228 -219 199 40 206 -36 25 235 -4 175 -229 73 197 -23 -158 94 -209 -92 243 -18 100 44 218 220 -152 209 -204 -104 58 105 -172 223 110 -223 49 -34 -243 181 -109 -236 1 -38 24 -240 -72 139 222 237 -148 -120 -31 -226 -26 4 -164 84 166 -30 -96 85 -62 79 -160 -119 168 -16 184 -139 191 -176 29 160 227 91 -177 -191 -93 88 61 128 15 158 -242 66 -156 13 -181 69 241 198 180 -35 -165 -175 16 156 236 -49 -69 189 -37 -125 114 133 -67 -13 36 120 -130 153 170 -248 -75 111 -9 97 -174 -212 -73 -117 -64 122 179 -24 -187 -98 -89 9 231 50 -162 -213 155 165 -86 14 -11 39 -194 225 -203 54 -126 -57 204 147 -140 -51 70 -19 -41 116 -197 121 27 -8 -239 240 12 55 169 161 -6 152 -129 -90 150 141 74 113 -91 144 -132 -241 64 -1 -94 -150 248 -199 210 -127 -135 195 -231 -233 134 8 -207 -2 107 244 -178 -146 96 -97 51 -53 149 -39 -128 -151 -114 46 -134 245 -179 193 -42 171 -225 -206 -182 -56 -124 -52 -222 174 249 142 -249 -216 33 -77 31 146 30 -185 203 -32 -27 -108 163 0 -115 148 -183 -118 -173 -5 -63 42 -82 -78 -215 130 132 65 43 -154 178 -47 119 -59 -65 6 -133 92 211 -246 228 -40 -232 41 186 154 -142 19 -22 -123 145 -188 86 83 108 -196 -166 -103 205 -95 -198 124 -192 -25 82 201 -3 -136 118 -147 -14 -237 10 101 -211 21 37 11 123 115 -50 126 -48 -131 -250 95 -76 48 80 72 226 -20 202 68 -55 -143 57 -230 3 -113 -80 190 104 -84 -60 90 32 -157 143 140 -238 -21 102 -202 26 136 -141 -235 -170 5 -210 -171 -161 234 137 -44 -122 -121 35 -68 194 -54 230 77 -100 2 172 -74 20 
TEST 37 ARG:144 -86 135 -84 -229 217 -144 86 -8 -66 -113 -225 -96 147 -190 -117 81 98 202 167 -4 226 229 237 146 212 -105 -91 192 34 87 -193 116 103 -218 -232 -20 -135 91 52 219 48 -95 -204 -157 65 23 -217 -63 7 -45 -197 -15 -122 -64 210 54 114 95 -11 -167 176 102 -79 -174 -34 235 216 -39 -60 -67 69 149 -172 5 119 136 -114 -153 21 -179 107 31 -127 -220 -185 240 -108 2 115 -183 129 145 -169 111 47 -109 211 -243 209 -215 143 -112 -150 67 -87 118 191 -18 -82 245 -78 -247 20 70 140 -89 -239 -199 -128 -224 -9 142 -210 -200 -50 161 -242 -142 -30 154 -48 -143 153 12 155 181 101 243 158 -31 -37 -246 -53 -164 180 197 156 170 -130 131 28 -12 187 50 -140 -25 3 -175 -120 -250 -47 -111 -149 -99 186 168 -177 -115 -56 -176 141 196 66 -160 -148 43 24 -36 -221 215 120 -110 -28 164 68 108 247 -101 -21 204 -216 76 244 249 -165 40 -223 36 -187 218 -219 203 -97 -83 -33 -227 80 -209 -68 -248 -231 99 190 -141 -196 201 -201 -77 -85 -156 55 -65 133 213 -90 -170 -7 -158 22 -162 8 238 105 44 38 106 122 -29 -125 134 -146 200 -192 -61 162 30 185 172 -55 -186 -147 -222 -40 151 221 60 208 -76 -121 -131 183 246 165 -43 207 -49 206 205 4 77 -159 236 53 -245 -189 96 157 49 -107 9 -81 112 -171 -235 -24 104 73 35 -238 42 16 -22 138 -42 -26 -134 82 -51 75 -1 -69 -188 -32 -19 124 13 -184 62 17 -54 -206 -228 -151 169 -138 -180 -191 -213 39 179 25 78 -137 126 46 29 139 -72 -182 -163 14 57 -230 58 -88 -126 198 -46 79 -94 195 18 123 -194 113 -44 -132 178 -154 -136 224 -6 242 -226 220 -70 182 130 -3 83 -17 0 -161 -71 -124 94 -16 56 88 121 41 166 -27 -214 223 -129 125 26 -2 -208 -118 152 71 174 -103 -212 -98 -178 110 -59 33 89 -236 -202 -75 128 32 248 -211 37 -237 -93 -203 93 85 51 15 -100 64 127 -123 -207 -62 228 -152 -241 -13 109 11 6 84 19 188 214 -102 -5 -234 -104 -173 194 193 -240 -74 -41 159 -73 225 97 45 -14 -195 10 -249 -10 184 -205 61 -233 -116 -58 137 171 63 132 189 59 163 222 -23 92 74 -119 173 234 -80 -35 -168 1 72 27 117 175 100 148 227 160 -57 -244 -38 90 232 177 -139 230 -145 231 -133 -92 -106 239 233 -52 -155 -181 -166 150 199 -198 241 
TEST 38 ARG:216 106 -235 -242 -126 -107 -160 -217 -148 55 -57 -67 66 213 -178 -27 89 -224 126 47 -223 -108 -88 -179 -168 -22 230 -112 -47 248 26 -56 1 10 -236 162 4 166 -176 96 31 -86 -34 36 -131 -233 164 -164 156 176 74 -211 -11 163 -133 101 -12 33 -76 -202 -238 124 60 -169 -197 116 -104 -38 183 135 86 -162 -35 -118 -153 186 14 -208 242 65 -30 205 61 157 232 95 -145 -174 73 -149 237 -175 -165 -65 -142 -19 -157 -103 94 125 -220 -51 140 -116 189 -66 -177 59 -33 -184 -193 215 238 -134 -82 -128 49 29 -204 107 67 18 54 -83 -1 208 141 -229 131 -100 -227 120 -218 70 210 -135 197 204 144 42 98 -87 187 231 80 173 -102 172 -124 139 -173 -230 -109 -72 88 0 212 221 -84 37 9 -44 133 -143 -196 -53 245 -94 77 -95 -48 184 -207 -60 -55 240 24 -122 122 -127 -79 41 -5 3 27 148 -89 234 223 188 226 -106 -141 227 30 -115 -246 146 -62 195 81 -20 -180 -199 -209 78 63 -74 -195 -225 -14 82 -150 174 62 -42 -25 -232 23 222 -226 -247 136 182 -43 225 -203 -214 12 57 15 -146 -63 142 236 -130 -120 177 97 -2 -46 165 -105 -113 150 -13 64 75 119 -117 -26 241 158 209 52 134 196 -244 -36 -24 -210 76 -166 -80 20 -6 -52 -77 118 178 243 -40 -139 169 207 -231 -32 246 -31 -41 -18 -15 53 -10 -200 239 202 -198 -98 -111 -167 170 50 249 -125 32 -183 145 -37 71 161 -21 -192 -188 -182 100 198 84 -39 109 -156 -181 25 7 -129 -119 153 16 115 152 69 -64 218 117 -23 228 -186 199 -185 -161 -50 -215 129 -132 -61 233 83 179 72 -241 185 8 39 -190 214 -191 123 90 -158 79 -228 -249 -71 -171 38 40 28 217 19 113 -245 -187 -99 -81 -206 -222 167 -234 154 85 -213 -92 -152 175 -250 220 -69 34 130 104 -243 203 -58 -75 -3 -240 -96 -59 -248 194 -144 -8 -45 -16 -159 224 193 -85 149 168 -110 43 -9 -114 -170 160 -239 -221 127 -90 46 17 244 108 128 -194 6 200 51 -205 -70 48 191 -212 171 192 -155 87 22 -68 -151 -123 -93 181 190 68 -138 201 103 2 -201 235 -172 102 -73 35 -91 -237 56 -29 21 121 99 91 92 229 -189 45 -147 138 247 5 -140 114 -78 44 -137 132 180 111 105 219 151 137 110 -54 11 -101 13 -219 58 -28 -154 -216 -97 -163 143 155 -49 147 159 -121 -7 -136 211 93 -4 -17 112 206 
TEST 39 ARG:-193 -16 158 223 229 49 122 12 140 -53 -206 -15 129 -208 151 -245 218 186 236 172 2 -195 182 164 -138 248 -216 -52 213 -36 -30 -247 -62 160 -238 90 227 108 110 -235 -231 249 84 20 -170 -73 -32 60 -250 149 -249 29 128 54 -240 141 -239 161 72 -102 147 -19 -191 76 59 -58 99 162 -100 137 -140 244 31 204 154 94 -232 -218 55 224 53 167 -27 -200 -242 -40 -155 187 156 24 195 111 -158 82 246 -48 194 -54 225 103 203 -214 40 -190 88 -88 56 -17 -229 -104 -177 -146 37 -56 85 -128 -175 -7 -136 22 77 112 -204 -76 -29 -141 214 133 173 97 -60 -134 106 -211 230 104 165 -91 50 -161 -162 -12 -44 120 3 -133 -144 -164 -202 206 69 -97 -174 -112 105 -166 -172 6 119 -168 123 -145 68 -188 -217 168 19 202 28 -13 -99 -125 -93 115 -234 -2 -148 21 4 58 -71 -109 193 25 1 177 -169 171 -51 -207 163 215 -243 39 176 -34 -131 8 -31 216 233 -198 -189 -220 52 -9 5 184 -119 -226 -37 157 23 127 153 -47 14 96 -65 -89 -176 -55 208 219 -147 -95 -246 -38 -123 -66 86 -59 -143 47 57 41 145 124 -5 66 -192 100 -120 -1 36 -139 179 -224 -178 -154 -63 -92 -83 143 183 -196 242 -98 -61 -215 33 13 -35 75 -187 125 109 -69 136 73 198 92 -21 64 -203 -171 27 -132 51 -81 17 131 7 -212 -41 65 152 113 232 180 -110 26 95 116 217 -205 -117 -103 46 -74 117 -183 222 226 241 231 -221 -42 234 48 -114 197 144 150 -213 83 79 -87 -236 -135 134 189 -150 -85 -96 -67 -4 -22 70 80 -111 -210 148 114 -159 63 -77 211 240 207 -222 -182 -122 235 -126 -23 205 169 -113 -39 174 -124 -79 209 188 -209 210 -199 74 -90 228 81 93 -94 -160 -153 -115 61 89 -129 -72 -151 44 -225 -106 91 -244 18 101 -237 -70 -45 34 -223 62 -80 9 243 30 -180 -28 32 135 -105 71 199 201 -11 -219 132 -156 -233 -241 212 102 78 -8 -181 239 -230 -43 139 -49 -157 -173 -33 200 118 98 42 -10 16 -163 -137 -46 -167 38 -121 175 -3 238 142 -86 -57 159 -142 -50 -127 107 247 220 67 170 45 10 -116 -184 126 -20 237 -14 -185 146 -201 -130 -186 155 138 -108 -6 -25 -68 -228 181 191 -179 130 178 -227 -101 11 -107 -82 196 43 -194 -78 -26 121 -24 -248 -64 -165 87 -84 192 -149 0 185 190 -75 -152 -118 245 15 -18 35 -197 221 166 
TEST 40 ARG:187 -203 166 -146 -157 -174 -158 -35 63 74 227 248 -90 -132 60 153 17 -69 -196 -234 152 240 -217 5 210 -176 -179 19 87 -33 -139 -187 52 -10 194 -188 157 -182 -103 -32 -88 -86 179 122 -138 -248 -190 -16 67 -154 -125 -224 -123 -66 12 57 188 24 125 15 -43 207 -170 13 -177 -161 -167 190 -102 -104 196 205 133 59 33 109 39 101 204 -70 -242 226 -117 -30 241 -220 181 28 21 82 -48 -9 -169 121 -227 -113 1 56 -19 180 149 107 148 -185 75 238 -230 2 -36 -107 8 -186 -41 191 -64 193 -239 -226 -75 143 108 -79 -98 -205 -215 -23 113 14 -241 -211 233 185 -111 -235 -87 -126 -67 -80 49 132 26 94 -218 128 37 38 245 -245 6 -202 -122 -55 -200 -155 -106 -13 18 160 135 92 -12 36 -129 105 -17 231 -118 -52 212 97 -249 9 -131 34 -57 192 -46 -143 103 -247 -49 93 -5 -127 22 85 46 -93 119 -53 167 16 138 218 116 211 40 178 -29 -14 -40 -208 201 222 114 -50 -213 214 -133 -214 -96 -173 -180 -229 -11 232 -58 95 -54 -135 -199 242 -89 165 -84 146 -7 -140 203 158 -159 -37 243 136 -60 182 78 -51 25 -6 -232 84 225 124 -72 80 172 246 -166 -221 89 -15 65 71 35 -76 -145 -152 -59 123 -181 7 -201 215 48 -81 -95 120 30 -250 142 -22 -42 -45 -141 4 66 -156 239 -112 47 126 -61 144 44 -119 -244 -171 -91 198 -27 50 -18 90 171 -204 -68 161 -151 163 -194 -136 41 -238 -197 155 73 29 -130 -3 -20 -175 220 -25 229 236 176 -178 -150 -26 235 96 -153 -198 -195 118 58 69 72 139 -147 -28 129 79 -134 -8 209 234 61 -83 -101 -109 -240 195 -236 224 -231 86 -47 -192 -92 68 -21 -233 164 -94 104 83 184 -128 -65 106 -191 64 -105 117 -210 200 45 -189 -44 76 54 221 55 183 145 -108 -85 -31 -120 247 51 102 159 -116 20 -172 -62 -163 -77 91 162 -160 -222 -219 100 62 112 27 150 131 99 -39 -56 156 -193 -137 216 -209 10 -71 168 249 -168 43 127 115 -148 -100 -246 88 -1 98 -142 -207 -73 175 199 -2 223 202 141 230 -78 140 -63 -165 -243 81 237 244 -216 170 173 -223 206 217 -97 31 -237 -144 208 -162 -82 23 -4 186 -149 110 130 169 -34 77 -74 0 134 -206 154 3 -183 -124 189 147 -38 111 -212 177 219 42 213 53 -228 70 -164 174 228 197 -99 137 11 -184 -110 -115 -114 -24 -225 32 -121 151 
TEST 41 ARG:-170 3 172 20 -190 95 -206 139 -20 -83 57 166 67 -58 108 -220 -157 248 -128 -63 32 14 59 91 175 138 -226 242 -25 -88 -203 236 -5 62 -211 -240 111 140 -123 -193 74 -198 -12 -243 169 -130 146 191 -223 -31 -114 -118 -126 223 94 237 -143 -109 -249 113 84 168 100 144 -87 -84 -245 133 -230 181 -112 -173 -105 -39 150 81 120 13 235 -47 85 218 211 118 -136 199 29 216 -216 179 -145 -163 -194 17 -72 -182 -56 -13 -24 -138 34 -1 54 224 36 -96 232 -111 171 -241 -49 49 115 28 245 104 106 190 92 123 110 58 16 239 125 -178 -235 208 9 136 79 180 -70 -10 -50 71 25 -150 -42 -139 -86 -7 -177 -18 12 159 -94 82 -28 -22 194 202 132 196 -93 177 -196 -6 246 102 109 227 -69 160 -179 137 173 182 -166 152 -184 -97 -21 56 -91 -120 -237 -222 37 -152 -121 234 27 -158 219 222 96 -229 -66 -212 97 130 -154 189 -215 -65 167 -124 -61 145 -35 -115 -189 -225 89 42 -185 116 193 -156 -95 -148 -164 -129 6 -227 -140 117 -250 -238 -233 -68 151 -3 249 -77 186 -200 88 21 192 73 121 -16 -44 -82 -221 -74 -27 -92 -191 -41 65 -46 -207 -201 -239 -147 -23 -2 206 68 87 -134 -168 40 18 -132 55 -60 204 238 -174 112 -48 170 -231 1 176 -78 155 -75 -55 -14 19 -102 -209 4 -71 128 -53 197 -219 178 61 -160 -103 185 11 184 -116 -107 228 164 -172 -104 43 -100 -34 51 153 231 217 -110 64 -37 201 221 -4 -165 77 -248 98 101 10 63 187 -213 143 83 -234 -236 -247 76 -99 39 154 -76 -43 -197 119 165 -67 -113 -122 -242 -232 -33 -117 23 15 -54 241 -135 93 75 66 -19 -131 45 -127 -137 107 -106 -151 50 -180 -11 8 -161 -101 60 142 -149 -73 -45 161 148 127 -214 174 229 183 -52 5 -192 -108 -30 -195 -98 86 -8 -153 -17 134 22 124 220 -142 -85 -175 -9 -244 -218 114 33 -210 -81 -59 103 203 214 -80 -204 -183 141 243 135 47 72 129 131 209 244 -29 24 -133 -199 90 7 -36 -62 149 26 -217 38 48 -155 247 -79 70 -119 -125 210 -205 122 126 31 69 -57 -202 35 46 -141 205 -176 226 80 240 2 -186 195 213 -167 163 162 105 147 -171 44 188 -246 -188 -144 -169 212 207 -64 -228 157 41 -159 -208 215 -26 -38 -90 99 156 158 200 -40 -162 233 -181 30 225 -15 230 -224 -89 198 -32 -146 -51 0 -187 78 53 52 
TEST 42 ARG:214 177 19 -30 -126 175 155 -170 70 -208 -92 -35 219 -59 -44 58 150 131 116 33 -175 -105 102 32 -187 -117 -120 -106 39 -190 -206 -204 -138 124 -216 169 229 -141 -219 -103 54 -52 -146 189 -46 -174 6 -78 50 129 -137 -84 -61 -218 132 120 -11 123 -2 114 -145 -150 222 143 238 -3 202 209 246 -32 46 -183 -230 233 227 139 -9 181 84 16 100 232 -201 -232 248 91 99 -166 110 -36 45 -124 -130 -247 128 -101 -205 117 81 241 240 -236 206 -111 243 -1 -246 55 74 182 -239 -80 203 180 -17 -180 12 142 -221 43 -24 -140 38 -193 152 -125 -177 127 -151 -148 8 119 15 -167 218 -243 178 -82 23 92 -249 -195 -55 -97 185 225 -207 -197 140 88 -60 174 145 104 -214 137 65 18 -73 11 224 -64 245 -107 -158 -160 -109 27 138 -234 161 -168 37 221 -191 -189 136 -147 -116 76 -238 -108 -26 -95 198 101 -25 52 -49 162 -200 -172 4 -229 -10 95 -29 199 -203 10 -22 13 47 14 -43 59 -56 63 -51 -7 -231 -85 -159 -123 191 -202 -89 109 -134 201 -169 118 -58 149 112 107 -115 -119 51 -91 153 168 -215 -112 -122 83 146 133 -128 -41 29 210 -184 -136 24 87 -196 67 25 242 -99 78 -23 -42 66 -66 188 -67 1 -48 9 -63 -186 -100 31 -71 -131 -188 57 144 228 -199 190 -242 -39 -182 108 -83 -121 -233 147 205 -209 121 220 -98 75 30 -118 80 -132 158 22 195 163 56 200 7 -12 186 82 -93 111 -69 -224 71 -153 135 -210 -62 -76 -250 -70 -34 -162 17 208 98 -212 183 151 -225 -176 -220 28 -81 64 165 -149 125 -127 -173 -27 -74 48 -171 167 42 173 -161 197 -18 -37 192 134 -192 -4 187 179 26 230 212 94 -50 -57 247 -47 -104 115 34 194 -20 -15 -13 -54 3 -227 249 217 -244 68 215 -248 207 -14 154 73 36 77 171 -110 61 -163 216 -6 239 -226 -228 -142 106 211 -152 -68 93 -88 -155 89 -178 141 41 -241 159 -94 223 -240 196 21 -19 -53 85 -21 -72 -38 2 130 -28 -211 -235 176 60 156 49 90 -75 -102 193 -144 -113 -8 234 -165 -223 5 103 -222 213 -31 -5 20 126 170 -79 204 236 226 157 166 -86 -114 164 -181 35 -157 113 235 148 -156 97 -194 -143 62 172 40 -139 184 44 -77 237 79 -245 0 160 -154 69 -45 -213 96 -33 -133 -40 -16 -164 -185 -65 -237 -198 -135 244 122 86 72 53 -217 -129 231 -96 -90 -179 -87 105 
TEST 43 ARG:-211 84 -182 -125 164 -189 210 31 -126 120 40 34 -207 -206 -146 193 194 -240 -245 131 249 -25 179 219 74 -249 157 100 -180 -112 161 -136 232 -66 115 -85 -181 -234 103 -91 -166 154 68 184 125 -89 -10 -44 -215 195 240 201 -148 140 -183 -71 -74 80 230 221 35 -18 -7 171 86 -246 -114 156 97 -20 -200 -160 -63 28 -9 172 83 227 -12 -61 -79 -222 245 -24 -38 -49 85 109 57 239 3 -116 -98 -130 -184 -72 244 64 -231 -197 181 180 218 11 -230 27 211 223 213 150 69 30 -216 -52 -168 -185 -3 -96 182 -65 -67 -158 132 -212 -99 -8 -133 -177 -170 -131 45 -73 67 -226 -37 23 -134 -1 -59 -220 -233 102 -243 -30 78 220 -241 212 -76 79 222 -218 -57 2 -54 32 -82 224 48 -94 89 66 -46 118 215 -152 -193 203 -117 75 112 -93 158 -102 198 206 15 -228 -202 -186 231 72 44 52 -129 243 20 176 216 -70 50 -169 -149 160 21 46 8 126 -104 -34 138 -78 108 130 -247 -119 -60 208 -155 -92 -2 6 33 98 -109 214 -237 -223 236 -140 205 -162 151 -248 36 127 111 -64 -178 173 58 228 -127 -27 -35 -113 225 166 -50 -118 190 -239 -165 137 87 -213 148 -11 241 -176 114 -115 -111 168 -26 149 107 -47 -175 170 -36 119 18 -142 122 104 -13 -156 -227 -144 186 -147 143 0 -87 62 70 197 -31 139 135 71 101 4 134 77 7 248 -40 -123 -224 -201 -205 -221 189 12 146 -138 94 -236 -128 209 25 -204 217 63 88 -171 -19 43 124 -5 -214 183 159 207 153 200 234 163 167 90 -110 -97 191 56 162 -58 22 -164 -6 235 -167 81 -86 199 -137 152 -219 -250 92 142 -95 -173 93 -198 -33 246 -135 128 -141 123 -103 -145 177 -42 -107 -174 38 188 -244 42 -22 -55 -151 -108 -80 29 -21 185 95 -139 73 229 202 -163 -77 -28 -106 144 14 -29 -122 -105 196 -62 -83 -43 9 204 -242 96 -209 117 -41 -217 17 -14 147 -196 54 -192 -191 105 110 155 169 -39 -208 187 47 13 -154 61 -210 24 5 -159 145 -194 116 -172 121 133 -238 -143 175 -199 -101 37 -15 238 192 76 -23 136 -120 -48 -150 -90 178 -17 -56 -232 59 -100 -69 -32 -75 -229 -88 19 -45 53 -157 -225 -188 99 -153 -195 -190 -179 129 106 242 165 -51 -4 -235 1 237 10 -124 -203 -84 174 -161 141 16 -187 -53 -121 49 233 -68 -81 41 65 226 60 -132 55 113 -16 39 91 247 82 26 51 
TEST 44 ARG:-228 199 40 51 157 -213 82 7 212 225 118 -226 243 -183 97 -191 -84 -159 210 64 91 -152 183 15 49 149 -65 -246 158 -151 134 178 -245 -36 -20 93 92 -74 -90 -47 -86 151 -178 -80 112 -196 148 65 138 175 83 27 -181 201 147 -189 -146 -102 67 115 -51 -206 61 125 239 42 -154 -241 237 62 -131 4 30 68 99 44 -104 119 -48 116 -91 228 234 177 -68 -120 48 89 79 -218 -227 156 213 211 -2 -22 39 -114 60 -33 -105 196 -174 -210 -30 -170 169 -235 -158 -94 220 -192 217 -222 135 -136 -11 -221 192 -239 -177 -135 -133 -198 -67 139 -231 -140 -109 -168 141 -112 236 176 31 185 123 -53 -93 -237 122 57 -3 106 -229 -169 -207 174 107 55 -31 10 13 173 132 219 127 245 -100 -71 218 -5 -242 165 160 155 -18 74 -122 -69 -193 195 -29 -73 8 -9 -234 140 -225 241 101 146 -58 -16 73 54 164 0 -138 32 -39 -209 -96 19 -49 -46 25 222 -180 -240 200 136 17 -115 -195 45 -223 56 -85 -172 -163 -37 -236 77 -98 1 87 -247 -60 23 -137 137 -23 52 -185 47 215 -38 81 154 232 -157 -24 -167 206 145 -32 126 -75 108 229 28 -171 179 -116 -45 90 -113 -204 -233 105 124 226 -13 -232 -250 -50 76 -79 85 170 240 -107 163 -55 130 -165 -25 2 95 -56 -15 -238 98 152 159 -35 181 88 -215 -149 -43 58 -203 -155 -128 -187 -150 -61 -156 207 235 -57 121 -139 171 167 -141 -72 75 -164 50 86 230 70 162 -125 26 96 -220 197 -144 -143 153 -64 172 80 221 -162 -230 -208 -81 -142 -217 231 -78 233 63 193 -41 -197 110 -12 -199 -190 46 -201 -214 20 188 -8 -160 -130 -243 -202 -111 247 -166 -123 203 78 -175 37 -124 223 190 3 -121 -82 -34 -54 22 -92 194 -126 -42 191 38 -212 208 -83 -110 129 144 216 249 -179 128 -77 18 84 -4 182 -200 198 -1 189 72 24 214 -19 246 -17 180 131 12 -173 186 -40 -63 -161 -28 -186 -176 -211 -89 -76 21 -184 -216 33 -99 -62 6 -70 109 244 143 -7 161 -6 238 -153 11 -224 -26 94 113 -52 -66 227 187 111 -10 103 71 -117 120 34 -106 43 117 142 -188 41 184 202 59 -59 100 133 -205 205 29 224 114 168 -103 -145 16 -27 -88 53 166 -127 204 -97 35 -87 -108 -95 150 -249 69 104 36 5 242 -134 102 209 -194 14 -101 -129 -132 -147 -119 -118 -182 -244 -21 9 -14 -148 -44 66 -248 248 -219 
TEST 45 ARG:-141 40 -227 10 -62 48 -112 141 203 66 -155 -96 47 132 61 130 -79 -216 83 129 -29 102 -135 -200 -97 167 -190 -233 -131 -243 -35 -229 71 -206 19 97 232 -115 104 41 -138 -193 20 33 152 218 16 62 229 -106 -4 -244 67 29 -240 133 38 199 -42 -181 178 -126 -133 -162 -27 -21 -160 197 -234 201 -230 23 -159 118 123 205 49 -209 185 -3 -169 -210 -177 -144 -196 -120 -242 -94 -52 -173 -176 42 22 -154 -248 -127 128 75 180 230 32 176 -205 -167 -13 142 25 225 -28 149 -228 105 -213 8 -103 -31 -140 181 107 -60 -165 69 -99 220 124 146 -163 157 111 -101 -24 -65 -54 -2 227 35 134 190 -172 -149 116 99 -124 158 -67 -90 24 -121 -235 -197 137 -46 9 27 -55 242 -63 74 -23 -183 -88 -34 45 -218 65 -7 -139 -82 168 -182 -72 147 95 -142 -80 85 54 221 117 110 -208 -168 -71 -40 -145 -137 15 -105 155 196 -147 237 1 -18 150 109 21 -118 240 -184 -189 -158 217 64 171 43 216 156 34 84 59 -93 -64 153 -43 172 -246 -221 247 188 -174 -225 -61 113 177 -186 79 -194 -223 160 115 -122 -129 -98 249 236 -198 209 -37 106 175 161 -84 -180 -83 183 224 86 -247 -150 88 94 -89 192 63 233 -59 -152 -69 244 174 182 212 222 -164 -86 51 56 231 -14 -57 -245 39 194 211 -171 -78 -39 154 -47 143 87 -203 -231 -111 -116 -74 -146 -48 -9 3 -224 -113 -249 -191 -95 4 -187 -53 208 -239 -56 -1 96 246 100 -92 73 127 235 -6 -107 -73 -236 -157 -12 26 226 92 98 17 -153 -102 103 77 80 44 -202 144 166 -215 165 -10 -179 52 72 -16 248 -5 101 -81 -232 -114 2 145 202 -20 131 -108 81 -222 28 -110 193 18 223 50 -241 139 138 162 122 -211 -136 -128 239 241 -219 -51 -143 -109 -250 -11 189 -119 213 -19 135 108 -66 -192 184 -91 -212 206 -220 58 164 53 11 198 -207 151 -151 -44 -188 245 -199 -226 -204 -68 -30 -50 13 -166 125 -26 195 -104 -132 91 0 -175 -49 5 210 -161 -148 126 186 -100 31 57 78 204 234 121 -156 -170 170 187 238 159 163 191 -38 -123 -134 -195 -25 55 120 90 -41 89 -117 228 -33 219 14 68 215 200 112 -58 30 -85 93 148 169 -178 119 -214 207 243 -87 -70 70 -125 -237 82 -15 114 -75 -17 -8 214 136 173 12 6 7 -45 -77 -238 -130 76 140 179 -201 46 60 -36 -185 36 -76 -217 -32 -22 37 
TEST 46 ARG:49 247 -42 21 60 59 73 153 194 86 -29 55 -23 -118 83 -127 138 -246 -5 161 67 133 -215 -12 166 -73 -163 11 66 129 -13 151 91 149 19 126 -203 -22 -121 61 -220 40 210 -7 -112 24 206 9 -122 -52 -184 192 221 -117 217 -83 85 211 -174 -48 -148 -128 72 -3 -137 -96 -103 165 -153 -210 -46 88 -230 -136 10 52 154 -131 172 79 115 -155 -10 -168 175 156 187 -243 244 -134 -31 -19 130 -26 -79 235 -208 -204 -198 -138 98 104 118 159 209 -172 71 95 -20 -76 215 238 127 179 -196 189 218 -64 28 -101 23 46 -240 188 -89 41 82 -189 -106 222 -11 -51 143 239 160 -232 232 -129 77 -173 248 117 -162 44 136 -248 225 241 150 147 3 -38 -8 22 58 184 123 -151 169 16 113 183 -108 214 140 2 191 -110 39 -159 -164 -226 228 -186 36 182 -43 -50 121 -94 -88 223 231 -95 -41 158 1 -201 -58 -139 -171 -65 -187 134 -238 233 42 109 131 -85 197 -197 -54 181 -132 -191 -242 54 29 78 110 -152 -223 -102 -90 -224 -185 -222 122 20 100 -45 -218 -237 186 -4 -67 38 -217 119 207 -158 208 -146 62 137 193 142 -6 -130 112 -143 -84 -92 -74 -206 -135 76 204 -175 -15 -71 171 141 201 -149 -77 68 108 18 -166 -213 43 6 -82 64 243 -39 35 15 199 34 -86 81 120 7 -116 -182 -126 -165 148 -142 51 -123 45 30 198 27 195 17 -212 -61 -21 -66 -91 56 -14 -161 178 -55 -188 174 -194 -47 -93 75 -27 5 -68 -140 103 111 125 -229 -211 220 -141 163 48 -235 -56 -111 -32 -236 170 -169 14 -145 4 101 -115 -177 87 242 213 -62 -179 -59 -100 246 -219 -53 128 -156 -249 74 -124 70 202 -99 -35 -205 -214 -37 92 69 116 -2 -178 -190 97 -199 -69 146 -239 -241 -154 229 -170 -228 203 -233 216 -49 245 173 -200 -80 162 89 167 13 8 -98 145 155 -34 -87 -125 -78 -195 33 249 -167 99 -231 -114 -1 224 226 -109 -202 80 -133 157 164 135 -181 -33 -72 -221 190 32 200 -40 -192 26 -157 139 -245 -144 -44 102 -16 -160 47 12 -120 -70 84 -193 -57 107 227 -24 -227 -216 37 -104 219 -18 94 237 -9 124 57 50 -247 106 -97 -28 -183 -209 -17 -176 -36 -180 177 -234 53 240 31 105 205 234 -81 -207 132 -63 -107 144 -60 212 65 -105 -119 176 236 -75 -250 -113 -244 196 -25 -30 96 230 63 25 180 114 -150 0 90 -147 168 93 152 -225 185 
TEST 47 ARG:-124 183 184 88 138 248 -35 81 -139 -102 72 -241 -29 20 61 75 6 56 -178 -23 65 37 54 148 30 99 -204 -88 8 -203 -219 19 -96 -226 143 -6 -132 -172 44 173 -117 -135 14 -188 -221 15 -94 -62 11 -198 16 132 -98 -122 -223 206 205 180 195 93 242 108 -31 -231 -89 -109 -13 -149 63 -45 -24 228 208 95 -145 -168 38 -26 -228 -234 28 241 167 191 -59 169 209 166 107 -227 25 199 -206 -110 -151 175 -155 29 145 240 -193 -61 177 89 149 -66 -103 79 190 125 59 -142 212 -39 -118 100 -183 -53 -182 -187 101 -121 55 -5 -18 187 -90 -20 -176 51 96 -8 92 133 90 193 24 220 -41 134 46 -215 213 174 136 76 -222 -218 176 -68 -1 -113 -207 -190 -134 -32 155 -175 -141 -115 -74 -243 223 197 -133 229 -58 -9 68 112 -82 36 -138 218 52 -169 146 221 -153 -170 -236 -128 -114 45 21 2 185 -70 121 210 -159 -129 -185 -56 41 77 227 -33 -54 87 224 -55 130 -174 249 -87 -57 104 -112 -126 -50 -147 135 200 -100 181 13 -163 246 82 142 -107 115 -42 -210 22 153 120 -93 215 60 -211 -242 -239 236 117 40 178 -131 245 7 126 70 -212 91 119 -191 -19 234 50 219 -92 168 -14 -229 -154 78 238 144 -196 198 124 105 -99 -16 -48 -195 -25 235 69 47 -84 139 186 -125 -143 -140 -173 17 -105 -83 147 53 -200 -95 171 -246 49 -111 151 -194 182 -104 116 -65 -101 39 164 -240 226 -197 -76 -28 -81 -150 161 131 222 207 137 58 -123 -245 -46 -160 27 1 35 18 128 -220 204 -233 113 -7 -119 -47 -146 34 0 66 -60 172 -137 -167 -205 86 -37 230 -235 -224 -72 201 225 62 80 -38 196 154 3 48 203 141 150 -10 -15 -80 -127 179 -106 33 -209 -166 -43 -130 73 -34 -44 -51 -12 -22 23 -214 85 42 -75 232 -86 -244 -91 -208 -30 158 160 -165 233 170 102 -97 12 84 -63 -3 114 -158 217 211 -79 140 -77 129 -136 67 -192 202 10 127 98 159 -69 4 -64 -49 -217 -177 214 64 110 -201 -120 -171 103 109 -232 189 243 -162 -216 94 162 192 106 -249 -199 123 -181 -2 -116 74 -73 -237 239 122 -157 244 -247 31 -27 -225 111 216 -164 -78 -189 -67 -144 -186 -238 188 -40 -180 194 -11 32 -152 57 97 157 -21 118 -17 -36 -179 152 247 165 71 231 43 -161 -213 -248 83 -85 -52 -184 156 -108 -230 237 26 5 -156 163 -202 -4 -148 9 -250 -71 
TEST 48 ARG:-178 222 -129 -68 198 -151 -85 122 54 20 -243 -132 -122 244 -155 82 -123 -109 -175 231 87 213 -27 146 -125 -3 -97 117 -149 93 -215 105 140 -29 108 159 30 25 79 247 -161 -120 -26 -226 218 -171 36 191 -138 195 -16 126 34 135 -36 22 -172 -25 89 249 -240 242 -23 236 -187 131 -18 -188 -145 110 -13 -30 -15 139 -201 -89 154 164 221 -139 56 -247 132 121 78 235 194 226 -131 61 -210 125 -32 -100 51 -142 -199 -218 216 186 -181 -204 246 227 -140 155 32 165 -33 26 189 -116 -246 42 -196 199 -52 -156 219 188 -225 18 -242 161 248 97 -197 -4 -227 -31 -60 202 237 -119 -179 13 -216 -50 162 11 5 70 -192 119 41 225 -202 174 -212 -20 206 28 91 240 -121 204 106 -103 113 -200 157 -74 163 35 -163 -217 149 137 47 116 -223 148 185 -54 27 -86 14 241 201 -79 83 67 -88 -160 -45 -114 -49 74 -165 230 -110 -166 170 -47 -82 -107 53 -198 -66 -205 -222 1 -91 -75 62 147 17 -152 103 -40 -11 -150 172 208 -237 177 145 -230 -1 -37 -159 -228 200 21 -137 -56 88 214 40 -249 -234 33 -95 81 -144 192 184 211 124 -164 143 -14 205 -106 73 29 6 243 37 -87 123 -213 -108 57 182 127 -184 101 171 142 -17 196 -35 -28 -102 68 -176 -34 -236 217 10 52 197 -117 102 -173 92 179 -46 150 -180 183 -250 215 50 152 49 -113 -83 136 -190 -67 115 -8 -238 -62 144 128 238 -7 160 71 -133 12 72 -224 -141 0 118 59 -78 -10 -143 64 -12 -77 39 -183 -76 -239 232 -162 158 153 -128 187 -177 -245 -193 -21 104 63 -130 -157 44 -135 -53 -136 -167 -98 85 -81 98 -92 176 -206 -105 -43 -111 16 -154 -148 -101 107 -80 223 -94 -185 -19 -126 -84 -174 168 -71 234 209 -96 -99 -6 -73 76 -231 -118 -169 60 -153 9 84 46 -48 134 15 58 169 8 7 -170 95 94 75 -203 210 -72 180 167 -233 -220 -57 80 -104 -44 -211 130 -191 43 -241 90 -9 239 4 -232 66 38 -194 173 175 69 -64 -63 48 112 224 207 -59 138 -58 -90 -38 23 114 -147 228 -221 141 -219 -39 -124 203 -186 -55 45 151 86 -127 -229 133 -5 -208 229 65 24 99 212 -41 129 -42 109 -51 -146 120 -209 -24 31 245 220 193 233 -22 -189 -182 96 111 166 181 -214 3 -134 -207 -93 2 -65 -248 19 -195 -235 -69 -115 190 -70 -2 -168 156 -244 77 55 178 -112 100 -158 -61 
TEST 49 ARG:53 -230 -211 -152 197 -88 190 -229 213 175 -221 -8 92 232 -68 -64 -168 -196 -215 210 -205 157 187 97 125 -227 74 -174 -10 31 207 -162 -98 -23 59 230 -9 -102 88 -160 13 215 -126 -147 120 131 139 64 96 214 28 156 -56 -165 -240 -202 114 -93 -204 127 109 -78 -48 54 137 -186 65 -153 16 30 -12 -107 12 143 78 195 -134 237 -90 128 -105 -84 -72 -166 -192 -103 -27 -94 221 48 -194 151 -54 -246 22 -131 138 185 -164 227 168 136 73 206 203 -181 14 229 208 45 212 80 154 122 90 217 -34 201 86 242 -156 231 17 18 177 228 -14 111 173 -185 165 -50 -182 -176 121 245 94 -29 7 174 233 -43 144 -223 -17 -180 84 -239 249 57 -224 -233 -111 -238 -167 -222 77 -149 1 42 19 155 -197 72 -89 248 -104 -120 29 239 -81 -127 -151 -15 -21 -11 142 129 -219 87 4 55 -26 0 83 204 -206 118 135 104 236 -242 3 -170 183 -188 -44 103 108 51 -101 -91 -18 71 -20 -96 -114 21 -67 -216 100 -86 -95 146 -140 -116 241 85 -226 -163 -144 -36 -241 -118 205 -155 164 8 161 -135 218 -198 -46 -13 176 -123 222 26 191 134 -175 -35 -38 35 -220 124 -58 79 -122 -5 -3 202 133 238 27 -74 -7 220 -228 23 -55 63 -85 119 2 -178 -25 -132 -37 -83 -217 52 -169 93 -171 -249 -6 -231 -119 43 -109 -79 -141 -16 36 -124 219 -159 15 186 159 225 -214 -66 -59 199 -191 33 -248 152 32 -244 -139 -60 -61 58 76 -110 -190 181 -195 81 169 49 171 140 56 178 192 -143 -154 -117 -39 -62 -2 50 -30 211 -136 172 -245 116 226 209 -187 243 -76 158 113 98 -24 -99 194 -112 -1 102 -32 5 60 153 -236 -232 11 -237 -19 38 -42 -179 62 150 -130 -235 247 44 -183 89 170 -40 -138 126 166 68 -75 6 -108 -213 -189 193 246 179 -199 -71 141 -41 -4 10 132 61 110 -207 240 24 200 -22 67 25 -218 -63 234 -133 -173 -148 -146 -203 -31 -53 -97 66 -142 -82 -150 -184 -208 106 91 -137 -212 223 -100 -210 105 -201 69 -87 -243 167 -52 -158 224 70 -234 47 99 107 75 235 188 145 82 160 -250 -49 -200 37 -247 -57 -73 39 -47 41 -45 -65 95 -113 -77 9 244 -69 189 -106 -125 180 -193 216 -172 -161 182 -92 -33 117 147 -177 130 112 46 -209 -80 34 20 184 -145 -129 196 115 -70 148 198 -115 -121 -51 40 -157 -128 101 -225 162 163 149 123 -28 
TEST 50 ARG:-65 -57 0 -116 -169 -93 105 -42 -219 -165 -173 -158 67 -66 -150 -170 72 -200 223 -111 73 110 -86 -120 88 -246 -193 -244 17 56 -195 145 34 54 -213 226 -125 211 63 78 -146 246 229 -101 -67 6 -49 203 -175 118 -225 100 148 -96 116 -24 -95 -149 -36 -220 74 241 -37 -11 -87 61 48 -189 130 212 -100 166 46 219 -166 64 225 59 -45 -234 128 -15 -55 221 -83 26 -176 169 -78 -30 245 -63 143 -228 -51 177 -135 -104 248 200 49 -114 180 -223 -167 -221 -25 -34 -84 76 125 204 -73 98 190 214 156 -97 243 21 187 14 142 -48 120 84 158 165 -40 -110 174 8 -59 -16 136 127 -61 -227 -107 234 201 -237 36 164 218 -18 22 -202 112 195 -199 -90 80 19 238 213 29 87 -151 11 -152 -60 115 -218 -178 -206 75 134 -22 -183 -243 43 163 151 -210 -19 -168 -53 149 41 104 94 96 -3 -105 -85 35 -47 -10 -182 -156 217 -14 205 -72 206 -211 -35 69 -27 45 -191 -188 235 -203 -147 90 82 -50 106 -179 -118 -130 175 70 25 153 32 89 -134 -249 -136 -46 -56 -144 12 -115 18 -174 209 170 -102 65 28 -207 -13 55 233 -9 -216 -129 66 58 -109 -99 121 -235 -248 -198 20 3 1 79 99 208 50 -217 -190 171 -12 38 -177 -121 155 194 -32 228 -77 -74 -38 -17 -1 147 181 91 -163 -140 -70 139 196 -226 122 107 -128 197 108 -224 185 68 -82 31 -204 -157 -205 -229 173 -250 -119 -180 -5 202 -155 114 -113 131 -153 -26 129 -231 -23 -39 154 -103 10 -33 -58 -8 -242 -52 -28 -185 23 109 152 184 81 -186 -44 15 52 -123 39 -2 133 216 -138 -141 -239 51 144 -20 -154 -238 -162 -208 220 167 85 178 40 227 -89 103 138 146 -131 -112 230 33 117 42 232 160 119 162 210 -124 24 -68 5 -7 -160 -79 -236 -232 247 30 -230 135 -88 240 -76 77 -43 -172 -196 123 53 -171 -69 -212 2 -201 179 -139 62 239 -92 193 132 161 157 -143 140 126 -245 -94 -164 93 -71 -181 7 9 -137 198 -117 -122 -215 -194 -54 -184 -106 -4 222 176 -161 -197 -148 4 86 -241 -75 92 -62 215 141 -41 244 -240 111 159 191 182 102 -98 -247 207 188 -21 183 249 60 242 231 -159 -132 -29 172 137 186 -108 168 -31 192 189 -133 -127 150 97 101 83 16 47 -126 -222 -214 -192 113 124 37 199 -209 -187 95 237 -6 236 -145 44 -91 -233 13 -142 -80 224 -64 27 71 -81 57 
TEST 51 ARG:-63 46 48 197 157 5 44 -188 195 42 214 104 -87 -49 225 -130 -7 -208 -210 -2 -145 81 -36 174 -116 -110 29 52 108 -192 162 -96 -135 50 49 -77 -56 33 38 -127 -139 -104 171 -171 45 -78 93 -178 181 151 219 147 134 68 179 -40 -59 -177 125 206 153 15 -85 67 -79 -74 191 63 107 213 -75 187 -62 25 -212 18 -72 -162 -154 -52 24 82 -134 220 133 -138 232 163 -248 -14 21 60 194 100 -245 241 85 -153 131 -26 43 88 129 -98 -90 -242 91 -140 -205 222 -17 -180 130 185 152 19 -44 188 223 202 124 75 -155 246 57 237 126 -84 114 -147 61 117 -207 -141 -60 41 37 -233 -193 84 -38 112 231 119 -99 -88 62 -45 -206 176 -156 -230 10 -236 -111 92 -195 139 127 0 90 -100 -131 32 -46 -157 -199 -58 39 135 -80 -13 -66 -5 -225 -216 -69 31 47 -122 215 -113 230 -92 106 155 164 27 22 240 59 -169 138 211 64 -53 -179 -150 160 -121 -235 -93 -21 132 79 -65 53 72 -57 111 86 -191 -213 -168 242 189 144 118 -120 -109 -37 -174 -237 203 -19 73 221 -73 -30 123 17 173 243 96 -101 20 148 12 224 30 105 109 -238 66 156 143 58 -181 -217 227 113 103 98 9 238 97 -33 -194 26 201 218 -34 140 -243 -119 -115 -48 76 166 149 -187 -64 -86 4 137 -234 142 -106 -107 55 -226 -11 -43 -159 -123 -105 154 193 190 77 234 -244 -182 209 150 175 -89 -222 182 -4 -142 -25 -146 -68 -102 -126 7 -18 122 -201 -200 226 -190 120 -108 -161 -167 -247 -202 94 -197 11 121 -152 -144 -16 -67 -227 -220 99 -170 -15 102 115 -95 -28 235 249 -136 -133 -211 216 -241 -83 -23 -219 -76 -42 -250 70 204 177 -39 116 -158 192 -151 -189 198 36 -232 245 95 -183 -166 -214 -164 -185 -125 -239 141 -176 -215 207 -9 -91 -184 167 83 -223 -70 210 -128 169 -143 -175 159 -47 -103 -71 -22 28 -31 51 89 -20 -29 -173 -218 184 244 -3 110 -148 -6 168 -1 248 128 65 -224 -24 -209 -229 -112 23 -160 56 229 -228 145 16 183 -149 199 -61 205 165 71 -231 -12 200 -55 172 -137 40 -94 -196 178 34 -97 -114 -117 158 -249 1 69 -41 -8 217 87 -54 -221 80 -51 196 6 -50 101 -198 228 2 136 54 -240 161 -132 8 14 239 -163 186 146 -118 -246 -165 236 -81 -203 247 74 78 233 -35 -32 170 -204 -10 35 -172 -124 180 -27 212 13 -129 -186 208 3 -82 
TEST 52 ARG:239 -15 240 148 104 -85 -162 -235 -183 54 167 -190 -70 203 26 -46 217 120 -210 134 7 -100 163 -132 197 -174 -167 70 -105 25 90 74 -195 224 109 -55 43 19 118 162 -122 -148 -25 -97 -44 12 59 80 -216 -129 -51 -104 -106 -241 41 242 -134 98 137 -30 123 -108 110 -1 -231 -196 -38 131 -73 -146 -163 -56 -209 -52 -47 -206 -10 -237 51 166 232 -176 174 145 61 205 60 -172 27 -136 34 194 -34 4 116 115 -213 39 130 190 -130 -194 -93 180 202 -160 173 -222 -7 33 -169 40 -186 -39 -159 95 133 -23 168 10 -17 -4 -68 -215 97 92 17 -145 -182 -43 153 -121 -157 -118 -225 -110 -16 22 -250 207 -151 -2 234 46 -133 235 -219 -13 -82 238 206 159 204 215 37 249 -207 226 -239 -150 6 124 -233 170 63 183 -103 -35 128 -178 -223 122 152 -141 125 243 178 225 -131 193 -128 211 73 -37 -197 -230 -86 -179 -170 53 -24 -152 -137 68 -232 76 18 28 103 155 -224 -175 -66 9 -49 -173 13 32 198 -243 67 199 220 81 -214 20 -31 91 107 -165 -53 -41 -199 -76 30 -79 -202 237 -208 108 96 -80 42 156 -234 -139 -84 -22 -204 164 -74 140 -188 -95 -144 -18 -117 64 -107 -90 228 247 -8 157 -184 -205 -242 181 0 -109 -89 -155 -245 121 146 201 221 160 -200 -67 218 -60 171 -99 182 149 213 151 -249 195 -236 16 179 101 36 -71 -124 5 -221 -59 -58 -220 -147 29 -123 106 87 75 216 -140 -26 -94 138 -61 161 184 -111 65 -45 -5 -42 -161 -127 189 172 113 -101 -91 188 -33 84 144 24 212 -28 -75 57 127 105 187 -29 227 -189 248 209 200 -142 -6 245 -54 -143 38 241 93 66 88 55 -125 191 136 78 -247 -11 -158 102 -181 -228 196 -62 -180 119 -119 -149 246 72 82 135 -227 165 -9 -98 126 192 -14 -217 -238 89 117 -87 -192 -78 233 58 56 -63 -96 44 -166 -164 -201 229 150 -57 -19 -69 -177 208 -156 231 -40 132 -138 83 244 3 77 69 100 230 236 142 1 -65 -112 11 21 186 154 52 -113 -36 48 -168 -83 219 -92 175 -185 -229 -211 49 214 210 23 -187 -226 15 185 85 -135 147 -77 -102 -20 141 -115 31 -154 -246 -116 111 223 177 94 -3 -198 -193 2 -72 86 -88 -218 -120 -203 -27 -248 129 -21 176 8 79 -240 -114 112 62 -153 50 222 143 47 99 -48 -32 -244 158 114 -12 35 -50 45 71 -212 169 -81 -191 139 -126 -64 -171 14 
TEST 53 ARG:-138 -20 -64 -120 -186 38 35 232 48 -35 -183 144 193 72 173 -176 -98 112 139 -26 106 -173 -130 11 -164 146 34 125 -2 39 172 -28 -17 209 -245 51 89 44 134 21 -166 216 101 130 147 -62 141 6 90 127 -212 -188 80 156 152 223 -65 234 -78 22 -50 43 176 -91 142 143 -243 -111 19 -206 -202 -16 60 -128 129 177 78 25 -224 186 87 -161 178 -151 -199 155 99 -205 238 -89 239 -200 136 -87 -122 33 -226 240 94 -56 -124 -24 91 -4 116 -25 -184 192 12 41 -37 -6 14 -147 133 -29 -247 96 185 -95 -66 31 210 8 -107 -125 -154 49 -109 -123 65 -9 161 -32 40 -225 16 95 -67 73 -77 -160 -248 -99 -189 -234 103 -51 27 208 -118 64 -230 -174 196 212 -23 -106 204 154 -60 -250 -117 165 -218 159 -86 -201 202 -41 24 -59 -142 62 243 75 -216 115 -12 -54 -110 -156 111 195 215 -213 -52 83 -131 7 -105 2 233 -220 -135 123 97 -69 -45 -170 -21 -194 153 58 -185 199 194 -73 -144 -215 124 118 -74 -133 -33 -113 -70 -15 163 -92 184 -158 131 -1 187 0 20 -84 222 -182 52 88 -244 45 -195 -233 183 227 162 71 -102 122 -11 -58 105 -207 -108 224 -97 150 -150 -63 50 -68 -165 -149 -208 -246 -136 -80 -228 28 86 -237 236 198 219 -172 137 -139 -48 -43 242 -27 -61 37 93 -232 -214 -145 -157 -132 180 167 77 135 -82 32 -227 102 107 -121 231 -155 -236 18 59 -3 -5 -104 5 132 69 47 190 211 -193 169 -159 -196 -221 109 126 -114 117 221 67 -129 229 -72 -210 244 9 29 55 54 42 166 -179 140 -94 -79 -7 -141 -134 76 -235 -75 -101 189 -175 226 151 -36 -116 63 -191 -242 -39 168 218 -13 -22 -171 -44 61 -177 4 15 -10 -223 -103 -163 170 10 -19 -146 26 -162 -148 235 84 -197 82 -115 -153 -46 160 92 3 -231 213 206 205 207 164 -34 237 57 241 -119 104 191 -76 68 -140 -222 -112 149 188 -14 197 -127 -90 -8 -169 -187 -143 -38 -192 -249 -40 30 66 201 74 98 -81 245 -96 145 -126 175 -203 128 -53 -71 148 -209 -190 171 13 -47 53 -49 -57 -137 -178 -198 1 56 108 -42 46 121 85 -93 -219 -241 230 158 -152 36 174 182 -83 220 -85 17 200 -211 -88 -229 228 157 113 120 248 114 -181 -238 119 -18 247 -240 -55 -180 23 203 181 70 -100 100 249 -30 -217 110 79 -167 138 179 225 -239 -204 81 246 217 214 -168 -31 
TEST 54 ARG:-227 64 241 -110 24 -77 -234 -185 -98 188 -141 -67 -102 39 -188 -46 44 -195 -177 -68 -103 -162 121 -23 -202 -207 244 208 -50 138 99 101 -187 100 -206 52 182 -119 108 77 187 113 -157 142 70 135 140 106 82 176 -216 214 169 -172 196 -43 233 -215 2 -151 -204 -9 14 65 -12 184 215 -86 -228 131 136 -146 -212 239 -96 -161 137 -54 178 36 -144 177 96 41 -197 -3 46 201 -116 141 63 -193 -100 -246 20 -184 123 153 223 159 -1 -32 -211 9 -16 54 1 31 35 -240 -168 73 -158 245 -87 33 13 -76 -140 -189 120 -236 161 -121 -60 171 199 61 160 110 -90 125 174 -52 180 122 127 -242 129 190 -221 155 -94 -181 191 -122 91 133 232 -194 -40 42 150 -69 -247 45 147 145 134 203 -105 104 19 -213 -108 -114 225 165 -118 130 74 -237 242 76 -190 -186 243 66 -235 40 -58 193 230 195 -126 105 -174 -120 -160 -63 -163 -97 56 240 57 207 -15 111 92 139 -183 227 78 86 -95 237 -136 -154 164 -200 30 166 -56 154 37 247 102 210 60 -191 -36 -84 179 148 226 114 -55 151 170 -65 -230 -232 38 168 205 248 213 132 -14 -142 218 -129 117 189 157 -20 -226 -79 80 68 23 25 -5 94 87 -196 -209 -41 10 202 -53 17 -133 -38 98 -81 236 -10 12 11 -229 149 222 -107 -6 -224 249 -33 172 -99 109 -72 231 4 103 -167 220 200 234 50 85 47 -24 -4 144 -173 -89 -57 8 93 -109 -35 -249 -73 194 -239 43 -220 83 -217 -130 212 71 158 173 -159 53 -155 112 22 -145 -214 -49 21 7 -25 175 -104 6 -125 -137 -166 167 221 -124 29 -80 3 81 -115 192 62 89 -8 48 -147 -169 27 -117 -51 -176 -28 -165 -171 -45 -21 32 224 185 34 -88 -205 75 -61 -30 -37 -26 -59 211 59 219 -139 -175 107 -19 -170 209 -78 18 -71 -75 -93 197 58 -250 67 217 246 -225 -128 228 -180 229 -113 235 206 28 -149 -101 -231 183 -70 -223 -134 72 -82 162 -44 -62 -210 -34 -152 -106 156 -198 -17 -85 49 -83 -47 -241 163 0 -245 128 -2 -182 -31 126 -127 -238 84 -153 -150 16 -123 -131 181 -218 5 -138 146 -111 -179 -243 -219 116 238 -42 115 -248 51 118 -203 -244 -64 90 -222 198 -156 -208 -91 -192 186 -74 97 -66 -132 -18 -11 -164 -135 69 -112 -29 -92 -27 216 -233 -13 -201 -148 26 -178 15 55 -39 124 204 -7 79 95 119 143 152 -199 -22 88 -143 -48 
TEST 55 ARG:243 -82 42 -46 -129 152 85 -206 87 96 -156 -139 -164 -126 -142 76 -217 70 61 -194 -4 -134 157 -181 219 139 228 -182 9 -131 80 -218 -190 -140 51 -13 196 -122 191 121 130 -238 -222 195 40 -78 -169 248 178 249 47 81 199 93 -19 198 -197 -50 -118 -97 29 -185 102 41 -53 -244 -2 -26 151 -212 30 125 166 50 135 8 -145 73 36 -198 64 -204 31 2 -20 192 168 -250 44 46 -23 189 164 100 -30 167 158 -95 -144 34 86 225 -232 188 213 0 -64 -153 -188 -225 -120 -47 26 -158 -48 -174 -89 -56 -221 52 -90 27 18 -245 -247 -18 144 111 -171 -116 22 95 122 163 23 161 -239 234 -79 150 -235 65 -143 -201 159 -184 -154 206 35 7 13 -196 -98 82 -234 -35 -27 204 126 -107 3 -242 202 -112 79 203 -43 -192 -65 133 -195 129 193 -91 -243 -49 245 -45 230 -51 200 -191 77 -52 -74 218 -96 -237 32 246 180 114 208 174 98 17 -12 -14 -223 229 190 -177 242 38 108 -3 217 -228 120 -63 68 -162 106 165 -110 49 -219 109 -80 -117 1 11 113 -246 -105 184 -229 -207 137 28 71 -227 -87 -29 -157 62 -149 181 97 12 -211 -173 78 -72 170 -94 115 119 175 -41 -119 -176 69 107 138 141 112 -115 236 223 142 57 -1 21 -124 185 160 -101 -233 -22 -93 84 -170 212 89 4 224 -21 5 55 88 131 -108 -127 187 211 148 127 58 143 -113 232 -166 -55 197 -172 117 -186 94 -168 -209 -9 25 -183 123 101 -165 221 15 -133 227 -160 136 -214 171 -10 -75 116 153 -151 -54 231 238 24 110 66 -155 -249 -76 154 -85 -6 -202 -150 -121 -179 74 -58 43 -152 39 -189 222 37 -178 -60 -31 183 233 -16 -59 -8 -146 -57 -236 241 -208 -200 -216 -213 -180 -111 145 -205 -33 -102 45 -103 -224 -77 214 63 -138 -37 -220 -167 33 132 10 -203 -36 -68 244 -7 -135 -137 146 -92 -44 -61 -199 -66 105 -161 53 20 -130 -193 172 -175 -240 19 194 240 155 -132 -106 210 -15 72 149 54 48 128 140 -84 60 177 99 -215 -39 56 91 134 207 -99 173 59 -125 75 205 186 -241 -148 -114 103 156 -187 -28 237 162 -81 -147 182 -42 -5 -73 -210 201 -32 67 209 124 83 6 -40 -71 -86 -226 215 -231 -163 239 -248 220 -104 -25 -141 -83 235 -123 -109 -100 -88 -159 247 -11 -62 226 179 -69 92 176 147 90 -34 -67 14 -136 169 -128 -70 118 -230 -24 -17 216 104 16 -38 
TEST 56 ARG:-158 42 149 -167 -32 -161 29 -143 148 -25 -214 -249 31 45 246 210 -34 -101 162 66 -250 91 88 -147 -79 -173 -31 -204 -176 44 -177 61 213 -159 204 151 -83 -152 237 140 38 232 197 -97 146 6 -123 25 -6 167 -192 -154 -10 -117 -69 -193 216 103 -236 -232 51 214 13 -99 206 -151 -221 -46 -67 97 182 -36 10 117 145 113 121 135 85 -40 94 158 -241 -211 -202 215 166 -245 126 -240 195 240 -138 55 125 -74 53 223 -16 114 -8 164 -55 -137 -20 -224 32 104 -75 163 -95 -5 -190 -62 -64 75 -59 155 191 -35 188 139 -126 19 208 83 119 111 202 -114 175 -121 22 68 244 189 -23 -164 -160 78 -1 -50 192 -174 178 220 -205 -44 20 245 1 -77 193 -115 73 -112 105 23 183 24 -47 173 -222 -9 153 -216 141 56 -185 -246 -196 -229 238 -169 160 -199 0 171 205 100 -213 -162 108 -148 -234 115 15 137 -14 -39 -181 242 18 95 -231 -142 -120 -225 -227 40 194 176 -210 -139 -134 131 109 -212 152 212 -30 120 185 170 -166 110 -82 5 -248 84 -78 169 -206 -153 57 196 81 77 -156 -48 -175 -15 -230 7 -119 96 -130 -38 80 -150 30 134 132 227 222 228 9 -122 179 150 -108 48 -171 241 -106 98 -45 -132 -24 -183 35 -94 133 225 122 -247 -188 -61 -87 159 -219 -233 49 234 -28 -157 180 -17 99 -3 -141 -116 231 -109 235 -209 41 -72 165 79 -57 130 -22 -80 -76 -33 17 156 177 -56 226 -144 102 168 -43 207 181 -195 198 -110 -243 65 93 203 221 233 64 124 249 36 74 -223 -200 -70 239 60 -133 -53 -172 101 -239 4 -194 -18 199 -41 128 143 -215 -7 59 -242 -226 -140 161 -13 -136 87 -27 43 -155 186 -88 47 71 -58 -52 -111 -86 -149 200 54 3 50 230 63 -92 174 209 -90 -208 -135 129 12 16 -201 -102 136 123 217 118 -98 -129 -217 37 8 -51 -125 -11 -103 187 -4 62 219 21 -73 -184 236 229 247 -96 39 11 172 70 -127 -54 -65 -100 -26 28 27 154 -21 -128 -93 -228 -2 -179 -42 112 -146 -89 -85 -187 -237 90 -60 33 201 -107 -191 -145 -29 144 -84 -63 -207 224 147 211 52 58 -180 190 34 -186 69 -189 157 -124 82 -66 -220 26 14 -163 -197 -198 127 -113 46 -178 -218 -165 -238 89 -37 -118 -182 107 116 106 -71 243 -12 -168 -244 142 248 218 -49 -19 -105 86 92 -131 -203 2 76 72 -81 -235 -104 -68 138 184 -170 -91 67 
TEST 57 ARG:128 -233 34 -57 -64 -145 -138 -177 24 132 148 91 83 -89 6 -80 -11 -108 221 183 -60 -20 -55 -224 103 -39 -105 -126 243 -154 -95 -50 -244 181 -41 -109 -124 -51 -12 -25 -158 203 -45 179 182 249 -250 -85 -107 2 31 -142 78 3 -96 -215 127 43 229 108 -231 35 -202 166 144 -40 232 18 -8 168 198 -212 -227 -54 -162 136 1 -247 -211 -166 135 -220 63 -171 -242 190 -46 -23 61 50 116 -68 -217 66 -123 -127 172 177 187 0 -58 -207 -115 225 -77 196 22 186 156 -160 40 -4 -125 -69 38 111 178 49 -112 218 104 14 -61 -234 162 59 -73 174 101 -222 -214 -136 217 157 -219 -56 99 244 -33 110 12 -84 -170 68 10 117 -230 167 -63 79 70 29 145 220 159 64 -35 -229 -49 223 4 9 138 32 130 -238 -131 -159 155 -156 95 -26 56 238 -19 41 191 208 123 237 115 126 -174 84 55 114 -117 -243 -157 -203 -111 -70 26 -37 -18 -180 246 211 224 -52 150 81 107 -178 -187 216 -97 248 -13 -78 210 -186 73 -98 -87 -200 197 -36 -42 143 -1 200 8 42 109 90 -146 -216 -225 -194 -43 -100 -75 -91 45 214 -93 -88 140 -38 88 175 -82 -161 -183 230 139 -241 -245 -29 -34 153 7 209 -192 -116 17 -10 75 149 -32 -118 -151 142 -206 52 -72 106 67 -74 11 158 48 241 -114 47 -83 105 129 154 165 72 227 -239 -67 -172 -2 -90 188 173 164 87 -101 74 -53 23 -16 118 -113 -205 -22 97 -119 -28 247 -167 201 -165 160 -133 16 -92 231 -9 -121 98 100 -3 27 124 102 112 180 -106 20 28 -148 -143 57 170 25 -128 161 -147 151 195 89 -24 80 131 236 125 92 -248 -94 -71 212 -30 -129 245 -134 -153 33 -232 -201 -44 133 193 -197 192 71 235 -152 -195 15 222 171 -213 -102 -188 21 30 39 36 122 -168 -249 -140 113 239 -163 60 121 -6 -21 -86 77 234 82 185 202 -169 199 -17 -59 -179 -198 46 -144 65 -240 -218 -221 13 -15 -189 76 -209 -149 58 -31 -139 242 137 -104 94 54 -141 152 141 -184 -99 147 62 -196 -228 -204 -66 228 -176 -62 -47 213 44 -208 -27 -137 169 69 -190 -226 -193 204 -155 205 -185 176 -76 93 -48 206 37 -120 -246 -79 184 -122 86 -181 85 194 5 -81 207 -175 -14 226 146 -135 -7 -236 119 -199 215 -65 -103 -5 -191 -164 53 -132 240 219 96 189 -210 134 -110 51 -182 -235 120 233 19 -237 163 -130 -173 -223 -150 
TEST 58 ARG:-154 -40 71 184 -163 243 -110 -245 174 -217 229 37 -211 112 64 -177 -44 -68 -75 177 121 -58 -83 -39 -87 -242 -146 -243 148 72 -220 171 -2 -63 124 218 -95 -162 -23 -185 -195 -149 53 115 -56 -224 79 213 134 -101 122 -173 56 -113 -50 57 182 211 -57 -141 20 12 235 -48 -168 -117 80 -43 176 45 34 21 -65 -55 -160 -239 89 -150 -181 154 111 -240 -49 -99 168 133 -98 -1 135 -106 225 -107 24 -76 -172 181 136 -89 106 2 48 -148 -116 130 26 119 76 77 -121 -125 -136 157 52 -204 84 -103 222 -114 -6 -164 -221 167 -171 -183 -199 -35 25 -124 215 187 107 228 -97 239 41 232 151 86 -175 9 -85 44 -161 40 -21 159 -223 -34 193 -225 -227 -26 -72 -69 103 118 -130 198 13 189 216 50 246 -134 -42 -222 -165 190 5 -244 -218 125 65 3 -159 -198 68 114 -15 208 -231 -236 -137 87 197 -31 -53 -123 -156 183 105 -82 -28 10 -140 -84 139 -3 -36 -247 100 -52 -209 179 93 7 144 -71 129 149 152 120 1 -167 201 -13 -102 -118 -214 -184 191 126 -112 -139 73 -67 -81 -86 236 69 249 248 234 127 223 -232 153 242 219 -153 203 -14 -115 -226 -215 165 -131 -51 161 -94 -66 238 -77 195 42 -135 14 -120 -32 214 -182 15 58 -228 -93 -158 -46 -155 226 97 49 -104 170 -238 163 164 -122 82 -235 -197 0 -11 46 47 31 205 137 74 -8 -19 38 -205 33 -191 -91 -96 19 54 96 221 -22 -202 99 -17 28 173 117 -80 16 4 6 241 212 59 35 55 123 142 51 81 -250 39 -142 -210 75 -20 -5 -30 140 -189 11 172 231 180 -206 -147 -157 178 -61 60 -219 90 -70 23 -4 -62 -241 -128 209 145 -109 -203 -133 -108 -37 -54 160 -201 146 -59 -73 131 -248 -188 188 150 247 175 -27 -178 202 199 -200 -127 -230 -10 -208 -229 -38 98 206 -166 -100 62 147 244 30 -12 88 237 -25 -60 36 -213 132 194 143 -246 -132 101 224 -216 -24 233 85 -145 110 -169 -33 230 32 66 -186 141 -194 -144 -119 128 -16 -193 240 102 -111 -179 -170 169 8 113 -233 -78 -126 104 245 217 67 94 210 -7 -74 63 155 166 -92 108 27 -143 158 -45 -29 -47 92 -88 185 -152 -190 22 78 83 -187 70 -174 196 -105 -79 -192 156 220 -41 91 186 -129 -18 204 227 29 61 109 138 192 43 -237 -176 -212 -151 95 -207 -196 -234 162 -180 -90 18 200 17 116 -9 -249 -64 -138 207 
TEST 59 ARG:248 203 184 -37 9 -192 47 140 -114 -146 -68 -24 111 -79 32 -155 -102 -134 -130 -238 4 -233 -57 40 108 37 193 -81 153 50 188 -190 -212 158 -58 -145 -14 -72 -206 -153 -179 207 76 219 -112 -12 229 -1 -183 228 -96 -135 -143 133 -32 -176 94 222 -59 101 114 -189 -16 179 34 -34 -78 -48 -3 -22 -123 -10 -110 201 -226 -30 85 -215 59 -187 -94 -186 -249 -213 19 63 -51 58 -223 144 -173 -185 161 57 35 83 -15 74 64 -221 52 190 149 137 -19 175 103 121 66 119 -148 -44 -172 -151 -75 243 -2 145 151 209 49 41 225 242 -231 235 -170 -116 -4 178 -225 -101 102 79 -74 -115 -232 148 120 223 -9 -220 -166 -36 -47 54 -69 68 15 -137 -61 -100 136 -82 -20 -154 182 -77 239 130 -240 123 -66 107 -158 221 -224 -49 95 -180 180 115 -191 -162 -5 -127 99 -11 -229 237 -67 128 181 122 88 -210 132 -181 129 113 194 -85 -237 -25 245 48 169 211 -138 -55 -39 236 23 234 89 214 164 30 105 -52 142 -250 125 26 -33 -188 77 -106 -152 150 141 138 -64 -209 -243 -147 198 -219 -13 -70 205 -174 70 160 159 -8 227 -161 208 28 31 -136 124 -40 96 29 -88 -113 84 25 20 93 16 199 22 2 36 172 -89 33 166 131 -203 -216 154 -42 -26 -227 192 232 -182 195 156 -247 -242 -222 244 10 -131 -53 -80 238 -245 -194 152 -18 -122 -218 -198 -195 204 -129 -107 157 21 -184 -164 -63 -165 -149 -128 -117 177 197 -157 81 -169 61 -73 -121 6 -99 117 53 210 191 42 82 -65 241 -230 224 -27 187 -235 -236 -141 112 -104 71 -160 126 -91 45 213 -239 116 170 0 186 -50 -98 174 -95 127 44 -60 43 17 11 233 -244 90 162 -23 67 -6 5 -140 173 -41 -71 218 -108 39 -196 38 -119 -21 226 220 91 -248 24 -38 -93 -105 118 196 46 -56 104 231 -120 163 -163 60 78 -193 -246 -205 -204 -178 56 -199 185 -142 -200 -111 249 -214 -144 135 -228 -17 110 -139 147 -171 55 18 13 139 97 -45 -28 246 155 -124 -46 -103 -211 -201 -150 183 -54 -126 -241 -207 -168 12 51 -208 -125 -84 212 171 216 176 -31 98 143 240 -167 -217 -132 167 206 -177 146 7 202 -234 27 168 -92 109 -62 62 -7 215 -35 -76 -202 69 -133 -97 165 247 -175 86 -83 87 80 200 65 -118 -90 -156 -197 -87 -29 1 73 100 106 -109 92 -86 75 72 217 14 134 8 230 189 3 -43 -159 
TEST 60 ARG:145 -57 -217 9 200 -203 -196 -206 127 -135 228 -241 -81 -228 107 -97 -187 160 101 -239 -48 -71 12 -250 -198 -25 -121 62 171 172 169 243 -142 147 -164 174 30 156 35 211 -75 201 -185 -134 -22 -67 -249 106 49 -184 -100 -183 -156 -111 166 13 -78 122 -33 -152 -36 7 -123 74 94 116 60 69 227 88 -27 -2 188 -108 167 -162 -128 -176 -11 -211 -172 112 -127 -136 -220 247 -105 199 -120 240 -150 236 78 -168 117 180 -9 -103 -178 -224 157 -200 -192 -85 151 75 154 119 -231 90 -195 124 -32 -235 -104 44 -112 -17 -46 -189 16 -234 178 93 -154 25 -65 -130 -161 173 102 191 -68 39 -110 -96 -79 27 11 54 28 -145 80 -139 -143 133 -55 202 26 32 -126 205 213 -44 -240 235 -50 76 -18 -72 196 -236 190 -76 -244 248 179 -95 208 -90 221 -170 238 -219 -117 164 -212 -223 215 -113 150 -34 -171 155 -38 -54 -35 17 14 218 53 21 5 -60 226 -141 -205 -186 189 -246 -98 61 -204 -191 197 110 -131 181 204 138 98 -124 59 87 83 23 143 20 241 68 -66 -157 -58 -70 47 141 -153 -227 38 134 -190 64 89 170 193 -77 132 144 -215 79 100 222 149 225 -177 176 152 72 206 36 -74 232 -61 46 -230 135 114 168 146 56 -243 45 82 192 -47 242 239 6 183 -62 -109 219 -210 -144 -49 10 -165 -216 -147 1 -151 -31 85 -208 203 -118 -197 31 -133 84 -237 130 -218 -21 -43 -4 -222 -114 -69 -229 118 -201 148 -80 -64 -107 -39 249 237 105 -199 -226 -15 210 -158 40 66 -174 163 -173 -59 4 -86 -194 -3 -82 -148 -188 113 -245 136 230 -163 -41 -213 8 41 -137 -129 99 -122 -73 15 67 -181 161 -45 126 -182 115 70 109 121 207 -19 -23 86 245 -221 -248 -91 209 186 -125 19 223 162 50 18 -42 -20 125 -7 -160 187 214 103 -101 165 -180 177 -28 77 -51 -169 234 55 -52 -247 -92 129 -63 -1 -155 -140 22 43 -225 -16 216 -40 194 -99 -84 57 -102 182 -242 -115 139 -8 -232 -83 -233 24 246 -10 233 48 137 198 95 212 229 33 -166 -94 -149 224 -37 37 73 -87 -12 -238 220 58 108 -14 -167 -106 -116 217 63 -26 3 -138 158 52 -89 159 2 111 175 -146 123 244 92 142 -159 -119 96 -24 -56 -29 81 -175 -209 65 0 -179 29 97 -30 104 -5 -6 128 140 -93 120 34 -193 153 -88 71 -207 184 -202 42 51 131 231 185 -214 -132 91 -53 195 -13 
TEST 61 ARG:19 -210 -100 102 -94 -143 55 -168 -136 -78 -196 95 -145 -133 -188 156 248 191 -61 116 -86 42 243 -64 155 -167 136 119 131 -173 -80 187 -4 -138 -36 137 -83 -205 -166 -149 -123 -3 121 82 90 134 -8 -218 210 -34 144 -233 16 73 -155 159 189 215 142 -62 -42 -147 120 160 -33 85 -182 -156 178 -230 212 51 -130 -225 -25 -224 -77 180 -58 7 150 -75 99 -112 -246 230 76 196 -60 -201 204 46 -21 108 -59 47 -51 125 -92 -56 -11 -208 -151 -189 -118 -87 -132 -206 -116 -214 37 -74 200 170 23 -243 -162 135 140 -221 157 66 249 112 -120 59 96 -144 24 195 -125 58 -207 -101 97 83 -73 117 74 67 -121 109 242 -134 -241 89 -53 -223 -24 -114 226 -185 182 -179 -115 -141 36 183 -171 -209 221 -47 -44 33 -20 98 -211 152 54 -103 -161 75 -45 -23 -158 -106 -38 197 -137 87 228 53 -127 29 68 -57 139 31 -93 205 -186 220 184 224 60 -154 -5 174 -26 -220 127 -29 244 213 -82 -215 52 64 -139 173 -200 233 207 -119 103 11 -71 209 -9 111 -129 -202 214 -160 71 -227 86 -91 -46 -244 176 -213 -152 -165 -122 -66 129 208 81 -40 -52 -169 -111 132 -180 -81 3 114 -128 65 57 148 -198 -14 -163 110 -170 -19 153 -174 -95 177 9 94 -228 -67 61 -15 -190 -219 229 235 145 28 -131 -39 163 158 154 92 -193 106 231 113 118 45 169 27 -212 -203 -99 -7 -222 21 41 72 -109 166 -98 14 236 -18 -49 122 185 -229 -192 -234 238 13 -41 -216 -27 247 -249 -157 -48 240 8 -84 -102 17 165 211 40 -50 -72 -172 -90 43 48 179 123 -79 222 -142 149 133 -108 -37 146 -194 -238 -96 -197 -237 237 -2 161 49 151 -12 -176 246 5 25 104 147 34 -195 203 0 22 239 202 -250 245 10 193 -68 -10 63 -175 167 -236 -177 175 141 -247 -242 198 -178 50 138 130 70 44 -97 38 88 225 234 115 -183 223 107 -85 143 -232 199 93 80 -124 -153 126 6 84 1 -231 190 -150 -164 -69 -184 216 -70 12 -146 -117 219 78 32 -55 194 -191 69 -17 -22 15 26 -113 100 -217 91 62 77 39 35 -248 30 218 -107 -181 -126 105 -105 128 -89 -63 192 -88 56 -199 -245 188 -54 -32 -35 162 -43 172 -16 -240 -235 217 18 241 4 -204 -104 168 227 -148 -1 -28 2 20 -30 -140 181 -226 -239 -159 -110 79 232 -135 206 201 124 -13 -31 -65 -76 186 -187 101 171 -6 164 
TEST 62 ARG:146 -248 127 214 42 -189 -125 -133 -209 40 119 24 -37 237 178 9 -250 -114 117 -150 229 135 98 -152 163 -59 -10 -28 138 113 -66 -6 -131 -109 70 105 -237 241 -31 -50 -63 -197 -178 202 33 -169 51 78 -62 -32 64 -190 -104 -73 69 -119 34 -94 211 -54 -35 92 -40 221 -202 125 72 -163 109 -61 -139 233 204 48 76 -42 141 -171 -129 195 151 2 -208 154 203 -93 -228 -43 -186 -1 -236 -173 199 -147 191 19 165 -168 -44 126 -30 123 248 -76 -83 172 149 -227 -127 26 158 -191 -244 93 -158 240 121 -64 181 36 99 -198 156 37 247 116 -148 -246 236 38 107 -19 -170 161 -120 -249 -101 -136 -86 45 -95 166 118 -81 200 -36 11 10 75 -135 -142 81 -134 238 -2 -174 -12 -99 -57 47 -9 226 82 -20 60 28 43 -52 -172 95 217 206 160 -78 213 239 -132 -112 220 16 -229 -167 -192 -55 20 -238 68 244 -88 145 -184 106 85 171 -239 74 -72 212 104 -7 -231 -29 -210 190 198 -182 -232 -212 243 150 -77 208 -21 242 -124 184 -183 -24 -213 -51 -181 1 130 -179 133 -4 -180 -137 23 -121 152 -215 -217 189 32 3 -223 -103 186 15 245 216 -60 -233 13 -194 -195 54 140 -128 5 147 -16 124 111 -126 234 155 -240 -242 -243 -48 110 -206 14 -67 97 -102 29 39 -33 182 164 -143 21 61 -11 -45 -224 188 122 -25 136 -123 -130 91 -157 -230 73 -156 86 -207 56 100 -117 87 -34 -122 187 134 57 205 -69 -91 225 -175 131 -204 139 30 -111 167 132 62 153 -153 4 -3 193 66 179 -106 -23 114 -211 -155 89 67 65 -146 -245 90 -216 -74 -140 -160 84 77 -113 -154 -70 -17 -27 -84 -141 177 -162 -68 96 -205 44 174 -97 6 25 7 -82 183 18 -196 144 192 185 -105 94 -214 -188 22 -221 -185 58 -49 -241 -218 63 -165 231 -85 157 -38 175 -116 -80 232 -96 142 -226 -166 -164 210 224 -222 228 162 -149 -144 148 -176 -92 170 -56 -199 -220 -108 -89 -201 49 120 246 -98 55 201 176 -118 -193 -15 -187 249 222 -235 71 52 169 -161 -234 207 -225 -107 112 209 46 168 -110 -75 230 -58 -247 -159 -90 -200 -53 129 -138 -115 -47 27 -46 -151 53 88 -22 128 218 35 -5 17 143 -65 194 83 -41 101 41 12 227 -145 -13 -8 8 -14 0 80 -26 197 -39 115 -87 50 -203 223 -79 180 196 159 219 215 -18 103 173 102 -100 59 137 -177 79 31 108 -71 235 -219 
TEST 63 ARG:6 -56 -159 82 -3 -148 154 -21 -167 214 125 -4 151 155 -99 202 121 98 206 178 27 -216 143 93 103 42 194 -55 -58 -173 -117 38 78 207 169 -106 84 53 90 32 -243 139 -114 -230 223 62 69 175 -124 -26 224 -239 -81 131 220 100 -226 204 -245 163 241 181 123 -145 -189 -164 198 30 96 -212 17 -113 79 162 61 40 95 145 -62 5 101 51 31 -110 176 -197 -53 236 221 -77 -22 -134 228 48 193 118 -144 66 -36 -141 188 -169 -7 208 -123 87 -47 -41 -32 -234 11 56 -235 2 -96 -187 -101 119 -132 -51 146 -246 65 -181 -224 -24 0 -161 116 172 -115 -48 55 215 -209 170 126 -39 4 -30 68 113 147 73 -198 -5 37 -172 -88 -20 -193 -232 -236 -166 120 148 -179 -231 49 189 -105 -217 -190 197 -139 109 -228 -146 -63 14 -35 233 240 -162 107 -98 25 43 86 -74 -229 -42 74 -89 187 243 -210 141 13 20 -140 -221 149 9 -85 23 165 210 15 24 134 -188 -218 -184 -182 196 -15 -60 -240 -95 -83 -200 -183 94 -171 -176 57 -206 -126 80 34 217 -222 99 247 130 -244 -180 156 -133 182 -170 -168 -118 8 -52 -175 3 111 -155 115 -12 -208 203 -72 177 64 -119 10 -151 -73 171 -9 -192 225 83 -220 161 108 -76 -128 -121 135 39 230 -61 185 46 -28 91 -202 47 -75 -107 22 -247 242 -174 160 -25 -165 26 105 216 -225 35 -104 237 -215 133 152 -18 -214 -157 -6 -233 158 97 21 -242 -194 -2 -122 138 -238 -147 -143 -11 -131 205 -71 -241 209 92 16 -69 -108 -100 -213 85 -201 232 -14 -156 106 -65 -54 124 -17 137 192 -204 -50 29 186 71 -248 184 128 159 45 -127 60 -64 -90 58 -195 140 -191 229 52 -150 -135 122 12 7 -152 219 -102 102 54 -211 67 -94 -29 -27 -250 -116 -84 -237 -67 -8 -23 -129 -44 -59 245 -16 -93 -185 -154 -40 226 218 -203 -31 168 -66 -43 28 -10 238 144 -153 44 164 -196 -91 -70 179 -45 136 -111 180 1 104 112 -136 234 63 -57 -103 -205 -125 -223 -219 -177 132 -97 75 -79 76 191 -130 33 174 -34 -137 -138 239 -46 -87 195 -186 -33 212 81 88 246 227 -160 -37 222 -149 114 77 -199 36 41 -86 199 150 249 -82 -163 -142 127 200 211 201 -49 -109 -249 72 50 -19 142 153 248 -120 -112 -178 -1 190 -38 70 117 59 231 -227 18 235 129 -78 19 183 -80 157 244 -13 213 166 -68 -158 89 -207 173 110 167 -92 
TEST 64 ARG:177 -224 -148 186 128 -230 -17 -152 -193 21 -116 168 -204 52 -110 218 -201 -186 5 -100 123 -96 37 -219 101 54 -12 10 -74 240 55 -44 -154 124 45 56 94 -4 -97 -173 -124 -27 -80 193 196 -95 -101 224 -57 28 -191 -108 11 231 -35 20 -207 -145 211 -26 32 237 126 127 -59 -129 58 -163 -83 -130 -242 -105 167 4 -51 125 90 -25 214 -72 229 43 -233 -115 243 80 102 122 -237 204 -90 49 70 145 69 -209 152 -88 -9 -168 44 185 -123 -180 -89 -169 206 -194 -118 89 -127 -14 210 -128 245 -155 192 176 235 135 238 216 -85 72 -40 246 -133 194 103 233 118 -137 74 -134 165 -132 -7 -171 189 -157 174 179 -178 40 78 -198 -15 14 105 15 154 -32 -70 -247 57 -208 -211 -153 95 -121 2 -165 -122 64 35 180 -162 -69 133 30 75 -81 132 -99 -150 225 -227 63 130 -172 -222 100 16 -246 17 8 -31 166 -146 141 160 -20 -37 187 -41 -36 -94 -68 139 -158 119 -16 -182 162 -56 -43 -210 144 140 -176 -244 22 -241 159 -243 239 -188 -91 202 -11 -5 -49 73 83 -29 -181 -231 -76 121 -223 -65 -151 -136 -98 178 -135 244 -221 53 3 23 -10 85 62 -126 68 -120 107 -48 137 -79 -228 77 -238 71 39 -45 -226 -144 48 -140 221 -75 227 29 -55 96 -218 92 65 149 -18 -3 -104 111 161 220 110 98 18 -107 150 151 79 -22 164 203 106 12 46 188 81 -62 9 19 156 -24 -82 190 -86 -66 -189 242 -147 191 234 -249 -1 82 219 26 61 -216 -170 -58 182 41 -248 -239 33 -164 27 108 -179 -245 -92 -220 158 138 181 -73 209 212 184 -167 -232 -103 -138 -212 104 -112 76 -34 66 -195 228 -139 -236 129 -183 60 -217 -203 147 47 157 -177 -199 -234 155 -77 146 -78 -240 -125 -93 87 -30 -53 42 50 86 226 -202 7 115 172 -63 38 -114 195 6 -46 -200 -187 -192 215 -13 -52 171 -131 142 -229 148 -215 230 116 -159 213 -2 34 -39 -250 -84 -23 153 -206 -50 -38 247 163 -213 136 -225 97 131 114 205 198 173 -47 13 222 -54 197 -109 109 175 -117 67 -71 -184 120 170 134 -166 112 249 -149 -235 1 -160 -119 -102 24 241 -87 91 -175 -60 -33 -143 -142 200 183 207 -196 -185 169 -19 -197 -141 59 -111 -214 117 -106 -64 -61 51 -21 -6 208 -161 88 0 -8 -28 84 -67 25 143 -205 248 -156 217 -42 31 199 201 -113 93 113 236 36 -190 -174 232 223 99 
TEST 65 ARG:197 104 31 -180 236 36 180 40 -167 0 -28 -235 78 -84 224 132 178 -172 199 47 134 -35 -213 157 3 -234 -99 -191 -5 159 95 -87 -224 226 -54 21 -205 113 -181 -12 229 -68 79 -223 38 -17 -183 -199 -241 213 -29 -3 -10 -194 -56 73 -174 -96 -216 196 -45 -65 -50 172 204 -100 237 -15 126 198 -119 210 1 234 74 -232 66 -182 -212 166 163 211 106 117 207 50 -34 -42 -52 -109 -55 214 45 -64 -33 184 216 89 -2 -164 -238 218 111 -79 -7 55 -193 238 -101 137 51 228 160 -31 64 112 138 -142 -136 -132 103 242 -21 -210 -163 -246 -154 23 -134 -102 217 84 -63 -179 154 -140 -83 -208 -92 48 -175 -166 -227 -90 219 75 56 -19 -126 17 -108 -57 -60 72 -8 141 165 82 146 -137 -130 80 96 -157 93 162 -1 60 239 -111 -145 -107 46 92 10 53 156 83 -217 -226 233 -127 -6 116 121 -47 70 -190 49 175 186 63 97 -187 189 -148 -80 -215 34 245 -85 -143 102 -59 59 -176 195 -4 -133 37 -69 -221 -94 76 -244 182 -22 -236 221 249 171 230 161 -155 -44 -202 -89 124 13 65 -195 91 69 -237 -66 -222 58 202 147 -106 -16 128 240 -161 222 -61 -220 -158 231 -91 -128 -239 -38 -189 18 127 205 135 144 -203 109 155 39 -247 232 -207 101 -141 52 26 220 191 29 -228 -159 188 -97 173 181 223 142 -103 -242 87 -160 176 -196 2 -86 -233 42 57 -171 -188 -153 -250 -114 -139 -186 131 118 110 6 123 12 94 -112 212 41 5 246 193 20 -105 -122 -116 44 4 14 -177 -117 -20 241 -13 190 -115 179 -152 235 -131 -243 -110 -144 208 -198 -204 120 243 140 -75 105 43 9 -78 143 -24 -149 200 -95 119 -125 -25 -88 -138 -162 227 99 -225 167 -214 215 125 -249 209 -231 -209 100 150 -150 -77 19 122 187 28 -43 151 -49 -185 201 244 -229 -70 -129 -184 -124 -72 -48 108 107 -39 -245 -113 169 133 8 183 -58 -248 145 71 16 -240 148 -41 24 -14 153 -168 85 -173 -36 149 114 -165 86 30 -118 -26 -197 170 -170 -27 158 -9 11 225 194 -40 -76 62 67 -123 -18 -206 152 -67 115 -178 164 -32 -218 129 -219 88 136 7 174 22 -46 130 -104 98 -23 -151 -81 -156 -121 -53 32 -120 -211 15 -11 27 168 192 185 33 139 -62 35 -51 -74 -201 90 -93 54 -98 247 25 -73 68 -192 77 248 203 -82 206 -30 -200 -169 61 81 -147 177 -230 -135 -71 -37 -146 
TEST 66 ARG:228 -218 99 236 -131 -39 240 104 197 -50 149 243 -209 189 146 125 18 -86 -148 180 -219 9 -118 -189 47 -174 152 227 -224 14 248 -72 -227 38 242 27 22 -146 -136 80 -109 -246 231 -68 232 -204 185 -97 210 -185 0 -192 49 -61 29 -152 188 -231 30 167 -81 -36 181 -63 74 6 209 173 112 234 -48 -133 -236 -113 26 144 190 -213 19 219 134 222 130 -167 -15 -154 34 -83 100 -215 119 109 230 138 -234 -202 -130 -74 79 118 -37 244 -190 7 -182 -85 102 -90 135 237 44 90 72 -124 -114 -225 145 148 221 -99 184 41 59 -241 -249 85 17 35 -132 86 54 137 -60 -144 -201 13 -205 -221 -135 69 151 -158 -91 -84 66 -22 -69 32 -9 -159 -27 -228 160 -244 -153 -73 235 -208 -87 176 147 143 -41 -127 8 -100 3 103 39 -6 -29 -52 -160 159 -129 -75 82 195 -11 -243 -108 55 -5 -147 -240 -24 -45 -126 -186 -196 -169 -168 124 -10 116 -183 -212 -76 -94 10 33 -162 70 -220 110 -38 245 -237 -157 179 81 21 -14 -77 -178 -222 -238 213 117 198 4 -67 111 -184 161 -245 -107 239 11 -96 -171 113 -1 64 122 42 196 -40 -8 83 172 123 -51 162 -106 45 -71 -110 168 -115 -216 139 131 16 -211 -143 -242 68 -150 -239 -25 63 -151 -123 95 -7 -18 150 166 -172 -101 -3 164 -54 -223 31 121 -4 -149 -23 225 -70 192 -232 -57 -203 106 178 37 97 -66 -19 -173 -20 60 28 71 -217 -104 163 -207 -195 -65 218 -120 207 -55 1 77 84 -181 78 156 214 247 169 40 -47 202 -117 -176 175 -17 -156 -180 -12 -164 -165 205 -13 61 105 -233 216 226 212 92 -56 -137 50 -140 -82 89 -21 94 229 57 170 87 114 65 206 -166 101 -26 132 -93 -194 76 249 -78 -200 155 -229 -161 -89 -191 -145 -30 20 129 193 -247 154 36 165 -179 -59 246 -122 -119 -141 -188 153 56 88 -125 -35 187 -155 58 177 -187 52 -28 -142 171 -88 142 133 -92 -43 -46 -121 182 199 -42 75 -170 -49 23 -175 -34 5 115 136 62 -58 -16 158 183 -134 -80 204 211 217 107 25 -250 -33 174 2 -193 203 120 46 -138 -62 194 -235 -2 -139 -111 -230 140 -177 73 -105 215 51 -128 -103 186 67 24 -95 -64 220 127 -198 200 -214 -31 43 224 128 -206 223 48 93 -197 -79 -112 -163 238 -102 -226 -199 96 15 126 -44 108 -116 201 208 -32 233 12 -210 -53 53 98 191 91 -98 157 141 -248 241 
TEST 67 ARG:-231 246 14 53 -77 242 -80 -99 54 139 -26 96 -112 33 -228 -84 -165 62 -124 -47 21 215 -150 239 -144 249 -79 195 211 -197 35 -108 236 232 130 8 -149 134 -90 -75 -93 -50 164 91 -143 28 -118 74 -204 -206 228 183 120 -106 123 222 45 -237 -39 93 -169 -202 194 -198 77 -217 108 72 -44 90 -166 -41 61 -187 219 -24 -246 -15 27 -243 150 -62 48 176 -160 -83 101 185 80 -193 1 51 -145 -221 182 170 65 -161 49 -174 86 -178 42 9 -103 -54 99 -192 -211 -249 -101 16 162 52 198 125 -216 -19 -205 -191 -151 -35 -110 -107 -105 24 199 -128 47 -195 -222 -117 216 -201 233 -86 208 -9 -42 212 133 244 4 190 -173 -226 -152 -153 -235 -53 202 -82 55 -43 -5 -185 -49 -23 204 226 2 135 -138 165 137 18 -232 168 -114 -69 -95 -58 17 -115 -121 117 19 217 203 -13 238 82 -136 57 179 -182 191 112 -57 230 -167 59 163 -239 144 151 -65 132 -60 -48 -123 118 -78 -102 -207 -45 200 -32 36 -134 -155 11 -71 -68 107 44 87 73 -148 124 169 75 -81 -135 3 97 145 -189 -91 189 -248 235 -142 172 -236 -120 -38 63 243 -104 -224 -212 38 98 -122 78 -66 -52 -175 153 -12 227 -186 20 -34 240 121 -7 160 155 76 119 -8 -31 223 -98 234 -22 -184 -74 140 -233 143 13 10 71 -210 187 -46 105 -219 147 161 -28 39 209 224 181 22 66 41 205 -218 225 67 92 128 -172 -64 156 5 158 -156 -181 68 -10 -55 -213 149 -67 146 -247 -196 32 -171 -194 -59 175 100 83 -30 -209 64 -16 188 206 56 106 -88 -157 103 94 177 69 114 221 109 84 -159 136 -89 -158 -72 -87 23 104 -139 -203 -3 -208 245 131 -96 -163 -168 213 -234 -177 -37 110 180 -230 111 -154 148 25 -214 30 -70 89 138 -14 129 -225 171 247 -25 154 29 -176 -76 152 -63 -164 -245 127 37 -223 201 31 -162 -2 15 70 220 -140 -94 178 -111 167 141 -21 7 -190 -40 -109 85 -97 -18 -113 0 -100 157 142 -27 -183 -131 229 166 60 -20 -51 -33 173 -116 -29 46 210 237 -11 192 -6 -1 116 -244 231 193 -119 -241 -125 -126 159 -127 34 95 -179 -240 197 248 88 -250 26 -4 -133 -220 -85 196 -130 115 -227 -146 -215 102 -17 -170 -242 43 -61 81 50 -229 -180 -132 -141 58 -188 -56 214 207 113 241 -36 186 -147 -238 79 -199 6 12 -137 122 -129 184 174 -73 -200 218 126 40 -92 
TEST 68 ARG:-61 93 63 91 -140 106 -117 232 -184 -118 204 -15 178 248 -151 7 -240 -237 3 -102 180 114 -232 5 133 -120 -7 210 -235 -32 -35 -74 69 197 211 6 -166 -124 -80 71 146 216 -49 -187 122 -14 -194 118 241 -238 -226 -84 165 -3 -47 223 82 100 10 -217 -227 0 -210 187 96 105 -91 -203 -157 -115 11 -215 -223 13 230 224 95 200 -143 206 78 172 168 61 181 -110 -89 47 138 215 75 149 -16 -23 81 212 59 30 128 33 203 94 170 199 196 -63 110 -50 -188 112 140 214 177 -177 -160 -201 -200 -37 188 -96 -135 -121 -51 43 -196 240 -147 83 -81 54 21 72 -44 26 -199 1 60 -5 246 73 -126 201 134 -17 -133 2 231 -230 162 -45 68 -152 -108 -28 -103 -234 190 49 -38 -129 195 -100 -98 98 185 101 -145 213 -83 -224 67 -162 17 32 -12 34 -30 155 77 116 -182 148 -161 242 113 -159 119 -136 -247 -214 -168 115 -132 39 104 -155 -228 74 25 -141 -62 35 -57 22 -1 -31 191 -178 175 156 207 219 -242 -239 141 4 55 174 38 -92 -21 -93 -231 -204 -225 -127 179 239 225 -192 169 -164 184 -153 205 -73 -205 -88 -220 123 -212 -79 -4 14 19 -82 -138 167 108 152 -43 109 235 50 209 -13 145 65 -64 221 -179 -243 -33 160 -221 150 103 51 -101 -156 37 139 -11 237 57 208 23 -165 -195 161 -131 -208 56 -246 158 -150 -233 -163 -183 29 144 131 157 -66 -122 111 -105 -248 64 -236 -193 -48 227 -77 -119 -169 142 -85 -112 121 247 236 249 137 -72 -65 41 87 -190 -42 44 -53 -8 220 176 -191 9 -55 -41 183 -173 52 80 -244 -144 164 120 166 89 218 135 -207 127 -216 -58 -20 86 189 238 -219 -46 159 130 -241 -67 -40 -107 -109 163 12 -26 -174 -54 -116 136 -170 -123 244 -94 -125 117 229 -9 -222 36 -56 153 173 198 -128 226 -149 -29 -142 -70 90 -39 46 -52 143 84 -78 -213 40 -245 -71 -181 192 -76 -59 28 70 202 -229 92 124 -167 -60 -175 85 42 48 58 -209 -137 45 -69 24 171 186 -27 -104 76 -6 -36 -202 -114 194 222 18 31 228 -218 125 151 -134 -10 126 -197 -211 -34 20 -185 -113 -2 193 -249 -111 217 -87 154 -86 8 27 -18 -186 -146 -206 53 -250 -171 -19 -106 -158 102 -99 245 -139 79 243 99 233 16 -130 -25 -176 -90 -180 147 -198 -24 182 132 66 -97 129 -22 88 -172 15 62 -148 234 -154 -95 -75 -68 97 107 -189 
TEST 69 ARG:-1 -227 13 188 114 64 180 -17 -109 28 -127 -58 77 -96 231 -166 -212 -233 -34 -174 -198 172 -200 -222 241 -24 -221 43 31 158 -122 -116 163 -190 -196 -244 -102 230 -191 15 20 -205 -165 35 -218 173 -137 -15 -194 -154 -9 -43 -36 57 150 -42 -202 79 -138 198 98 -133 -76 -39 112 -47 -208 -106 139 66 153 -167 216 105 140 219 40 -217 12 -2 73 -7 143 -27 -150 -175 -35 -124 201 233 205 61 159 -103 47 -155 -94 -22 -112 38 239 -128 189 21 -84 42 -110 -21 -224 -230 63 34 -158 80 -70 97 -23 -163 211 -104 84 44 213 19 -64 -8 -81 137 90 166 -142 -53 124 32 118 -185 -33 123 87 -140 141 52 96 -214 -240 99 228 22 222 232 103 122 5 29 234 147 247 17 -176 167 -63 -100 221 -206 134 -79 51 -162 0 88 36 -75 -141 8 -99 187 152 55 120 -226 181 -188 217 196 -204 -171 -186 -115 -57 65 -182 16 169 -130 -201 -10 -3 108 -170 -173 -152 7 -156 -159 62 -32 225 83 109 78 -12 2 -245 23 67 -213 184 -199 -89 -229 -139 100 130 58 151 -69 6 -108 207 177 24 -151 154 -11 149 -37 70 175 145 142 179 -211 144 54 215 229 -19 -114 235 178 -160 156 -25 -52 -238 48 206 71 110 197 74 18 -86 138 -131 -59 -247 27 -241 -73 11 -242 -101 -111 236 121 190 -85 148 -13 243 -232 14 -38 -107 -193 -215 -98 -153 -234 202 -29 -231 -178 194 183 -91 168 -120 102 -40 -236 49 -97 -148 -121 248 93 -65 91 244 -157 -117 -235 -95 -14 214 -143 -135 -51 -67 164 146 -184 68 -88 135 -129 -223 182 -220 -18 162 -183 -30 94 176 -216 -180 -26 53 69 75 115 -113 92 -197 10 -60 30 -68 -203 -118 113 116 -6 82 45 41 -219 -168 -82 -62 227 125 127 129 3 -209 128 -187 85 -228 -177 -126 -207 104 86 -239 111 -123 245 132 -46 -55 165 89 -243 -132 -161 81 240 -78 -77 -179 1 50 -90 136 193 -146 -144 -72 -181 -172 192 223 -248 131 157 117 -80 119 212 -66 -125 39 126 -134 95 186 204 155 171 -195 76 46 249 242 -225 -71 37 -45 224 161 -44 107 -210 238 -50 210 -83 106 208 -105 200 101 -93 -249 226 59 9 -250 -164 -4 185 237 -136 -48 26 -41 218 25 -87 -119 209 -54 -31 174 -169 246 133 199 56 -189 4 -192 -74 -61 -5 -145 -49 -56 170 -147 60 -237 220 -20 160 -28 203 33 195 191 -149 -92 -16 72 -246 
TEST 70 ARG:-203 -110 61 -4 -29 -230 82 127 -92 -138 -153 -112 -146 153 221 -176 215 109 -5 227 112 -49 246 -168 44 235 154 -171 -188 -50 146 -56 -69 29 -157 -123 32 -231 -118 -48 57 191 143 240 233 27 -8 -10 195 196 -30 -183 119 72 -169 -36 15 -35 -143 79 200 -210 -194 -52 -241 -212 45 -45 -204 90 73 -175 108 158 -97 218 -61 -182 -15 -148 175 134 -141 -27 75 87 104 66 167 131 -25 -246 188 -39 -111 -209 -247 -58 -218 -62 129 46 243 159 140 114 -17 16 -64 -134 -207 144 31 13 116 -135 -40 -96 -6 -202 -172 80 -13 -99 96 234 125 193 47 210 217 -66 51 88 224 103 50 -33 93 192 -240 206 -239 229 2 1 -108 -76 -236 -151 -193 169 -233 173 -249 -132 78 49 41 -85 239 -167 106 91 -177 17 118 213 185 37 160 -224 212 147 -95 99 -72 190 151 -117 -16 -228 -245 -90 155 -243 -119 -86 123 225 176 -180 8 97 23 -82 11 156 -234 122 -152 -53 -80 22 35 -120 5 145 -65 -31 -67 120 -11 170 -220 111 60 -205 -109 94 203 -162 43 219 71 -54 -213 128 -149 -94 -130 202 -20 -147 -1 40 232 -198 152 162 -189 -2 -74 59 117 -46 -142 -44 186 -41 -32 236 226 183 113 168 -201 -208 -98 -21 137 -242 -136 -131 -101 6 -12 63 -47 194 3 138 148 -60 -221 -200 20 -107 -156 -57 -128 142 -173 26 -105 30 247 -122 -150 -100 -42 242 24 -158 133 -190 130 -127 53 -199 -89 89 178 179 -114 180 -154 42 163 220 -71 182 28 -140 -81 241 -55 -191 -211 -250 55 245 -186 -24 -232 12 149 -34 -178 4 -214 107 -23 0 -237 150 141 -181 98 228 101 199 -121 -87 -78 161 -197 9 -26 -225 166 -63 -192 18 84 -139 81 -70 67 230 -196 -222 249 164 165 204 157 -217 208 -195 135 -113 -248 121 -103 -18 64 -227 34 -160 -126 207 223 171 -159 244 214 222 -43 69 -163 198 -219 211 -179 205 -104 54 -187 124 -93 -223 181 77 58 52 -73 -206 -124 65 19 -155 -106 115 70 -244 -102 -38 -144 126 -9 -59 209 238 -125 110 68 -170 -77 -51 85 187 -133 -7 -115 248 100 -216 -129 216 25 -226 76 36 -83 74 136 201 102 -84 95 197 -68 -19 -185 -238 -79 172 38 56 184 -164 7 -3 -88 -116 174 237 14 -37 -161 62 -14 48 -91 139 21 -184 86 189 10 -165 33 -174 -229 105 -75 92 83 -215 132 -22 -145 39 -28 -166 177 231 -137 -235 
TEST 71 ARG:232 -67 -107 -117 218 -142 -56 -97 -162 -122 -9 141 23 -182 -65 -192 -11 -66 21 -125 -191 1 -57 137 -243 -86 -116 94 84 -231 40 47 54 -180 -50 64 -59 -118 -230 -101 110 88 24 -46 219 -154 -82 55 -64 -143 104 -27 159 -245 -217 -141 -17 197 -19 0 75 244 -170 -25 13 -105 50 212 -81 -92 -20 -198 -219 174 -126 96 22 227 -232 43 107 190 -250 161 -200 72 202 34 -214 -151 -22 86 33 118 -120 48 65 -43 -233 229 128 12 167 -41 236 -238 -7 -132 52 245 -127 73 201 213 163 217 154 175 -108 -133 146 -211 -33 148 117 -96 58 -183 -90 78 -222 -218 -15 -226 53 189 199 122 18 -63 -119 200 -52 140 85 32 139 -225 -99 -184 -91 -88 -36 -1 129 -202 191 226 198 -28 -194 -220 -213 -210 176 95 228 240 38 126 164 188 -207 -175 114 165 171 -152 210 -140 162 101 -201 -149 -47 102 136 -228 -224 138 79 3 -54 -158 -153 -212 -193 185 -76 -16 -246 11 -136 125 -31 106 -93 -177 71 -190 -241 120 109 172 -39 -179 35 45 44 91 -23 70 196 100 -106 -172 81 -55 37 8 178 158 -176 -244 181 -168 220 -186 5 145 247 -208 -188 234 46 -148 59 -68 -38 -53 211 180 -60 -6 -114 222 123 153 2 -104 103 194 -72 -113 -171 -215 69 -85 225 -115 168 -95 -49 -150 -249 -165 -124 -128 -123 -239 -236 -174 -112 -144 157 207 -100 42 14 170 147 -237 -197 26 -8 108 -178 143 187 230 51 -169 20 182 206 -173 36 134 82 -199 6 -137 60 152 -24 -223 -221 195 89 77 83 -34 216 204 124 231 132 -98 183 -102 39 -42 -75 242 192 66 61 112 -79 90 205 57 -161 -147 7 -78 -166 -111 -134 -187 -35 111 -181 179 56 -240 116 186 -80 -51 221 215 31 -103 -145 -203 25 -164 74 169 -40 156 115 -94 142 214 -110 193 -84 17 -30 -235 41 -204 -155 -4 -3 184 -146 -138 -77 -69 -44 -10 67 -37 166 246 241 -130 151 27 249 -160 -74 93 243 -71 -135 -61 -48 -29 -18 -13 121 -167 105 76 173 208 -196 -159 155 239 63 113 -12 -87 133 -247 -209 -195 127 150 119 -163 -58 -242 15 -70 16 -109 130 209 -83 -5 -139 -157 62 160 177 19 -234 92 30 4 -62 -32 135 28 -73 -121 49 -206 -248 224 -205 -189 87 237 -14 131 68 -2 -156 -216 97 -131 235 99 203 98 -229 248 80 -89 -45 -227 144 9 10 -26 -21 -129 238 29 233 149 223 -185 
TEST 72 ARG:84 168 248 -120 217 195 -82 198 -97 -119 -167 -168 -175 202 112 -89 -26 -53 -213 -141 -19 136 210 -2 -137 -127 -63 -28 48 43 -234 143 -184 -178 25 -122 -105 101 -185 90 237 -134 106 -90 94 -55 -17 23 126 74 76 -180 -113 244 -116 -182 -86 70 182 -107 -218 -78 133 235 4 -249 -210 220 -94 -209 187 -197 -173 -40 24 -6 176 159 129 -143 -8 30 -62 167 243 166 144 -248 114 -157 -68 14 185 -9 -214 26 -100 40 -72 135 -92 -156 240 11 191 -77 -114 -129 52 31 -231 -192 27 -250 2 41 -190 -73 19 5 239 -233 -241 -93 -66 -36 -118 37 171 164 96 156 140 -31 -133 64 224 108 231 77 -27 229 197 16 36 67 54 -5 -24 147 172 -30 85 150 -74 -149 155 -206 137 -123 241 211 88 63 -246 174 -165 -22 -159 226 -236 228 -207 -235 -79 -32 -75 93 157 205 -135 130 -225 -99 -203 -39 216 -128 183 193 38 102 208 -148 -56 -84 138 -153 -37 -15 148 -181 -7 178 119 -50 123 -38 115 -169 -160 113 219 -245 189 10 -57 -112 -223 -189 -3 117 121 -70 181 -61 -110 192 -1 -54 190 -64 131 -170 179 -10 34 58 56 -220 -191 -152 -174 91 -121 89 110 -85 -171 -51 3 184 -147 72 139 -81 -219 203 -155 249 213 173 18 79 -34 152 -193 -65 -216 103 68 -23 -208 28 -151 32 -202 47 -237 -161 141 66 99 206 214 59 246 153 -80 0 -150 65 -179 132 80 75 -163 -211 107 -176 -240 -11 125 -144 209 180 -205 -158 46 -199 -187 -83 104 233 -145 170 -162 162 -106 -12 -95 12 -29 227 -35 39 -188 -164 55 145 -126 21 -21 -131 -43 83 -198 87 57 -238 -186 222 7 238 -132 -201 -71 -166 154 -111 -102 218 -117 -59 6 -228 146 42 242 78 97 161 196 -247 -229 122 -18 -115 22 199 -91 151 118 -243 -14 -194 -195 13 -67 71 73 225 -42 -232 -87 51 -138 -58 -69 -183 8 -200 -16 124 201 134 53 -172 236 221 120 -47 -104 98 -48 245 163 223 61 200 -103 165 127 69 50 116 177 9 45 -109 -52 215 35 142 194 44 -177 29 -46 95 232 -224 -154 49 20 -212 158 -196 81 -20 -204 -45 17 60 186 15 -25 -60 -226 230 -41 149 -230 -142 234 -101 -98 1 -221 105 -49 -44 160 111 -242 -96 207 -222 -130 -244 -33 -76 175 128 -125 86 212 92 169 -88 247 62 -124 188 100 33 -239 -13 -227 -140 -139 -136 204 -146 -108 82 -4 -217 109 -215 
TEST 73 ARG:-168 -201 93 141 22 -15 121 58 -40 -174 190 206 74 -129 241 61 92 89 -136 64 -157 112 240 -94 124 48 130 11 -212 -198 231 192 140 -232 83 -22 -99 -150 -75 137 116 -244 -118 180 -85 25 -105 7 227 70 -238 248 -167 156 -20 -111 -223 -207 -24 186 26 -179 174 -153 118 229 151 199 3 114 -45 68 56 -144 115 -159 90 -108 139 -224 168 -62 147 71 -2 195 88 -50 14 211 -195 223 65 169 -46 23 10 -181 -102 -79 218 81 79 -5 242 -74 171 -200 127 -31 44 221 -91 -151 -110 -72 161 -227 -11 -146 176 -220 -107 13 -192 -134 -53 -103 1 -16 -37 160 37 219 27 -161 117 -116 -236 -18 54 -56 -165 230 108 -43 -41 -28 222 153 60 -239 187 215 197 -216 -100 214 146 0 67 12 -243 6 -131 -188 -4 233 132 -8 16 -148 -98 102 181 162 28 207 -140 66 -130 -170 -172 249 -217 -82 97 -95 -51 154 42 -76 210 -250 49 104 143 -60 29 184 -104 -78 -187 99 20 -119 38 -124 -17 -163 77 -197 -139 55 -59 111 179 149 -58 -88 52 -96 -106 203 -180 -121 -219 -34 -39 -171 -66 -202 -175 -14 45 -137 -38 155 -47 123 -158 87 202 -19 122 -128 32 -191 -240 41 76 -9 -141 -35 -138 -61 165 9 21 94 188 209 -203 -132 157 -193 -48 43 178 -3 17 -84 247 -225 5 -176 -245 208 135 100 185 -97 59 -249 236 24 -29 -126 63 237 177 138 -30 33 -210 95 232 -12 106 -73 -162 201 96 148 -214 191 120 217 189 204 -13 -112 -42 213 -69 -123 -237 80 133 57 -32 19 39 183 -67 -114 128 -246 -230 -248 -135 110 -36 243 234 -63 159 69 -215 -242 -81 -204 -57 -155 -182 -185 -101 -156 73 -241 129 -186 -87 246 113 -120 -86 35 173 98 -113 -231 18 30 -142 53 -189 50 -115 -122 2 31 -145 -6 198 15 125 -206 170 109 -89 -177 -23 -205 62 145 196 -55 -54 -33 -234 107 -196 238 -209 -90 167 8 -152 142 216 -27 47 -213 85 46 200 -25 105 -247 -228 75 -127 -77 134 152 -93 194 228 103 -226 -183 -160 -164 -184 -190 -221 239 175 182 36 244 -83 -178 82 51 126 131 158 -147 -52 -117 -7 -64 -169 -199 150 -173 166 205 -49 -80 -44 163 245 -149 91 235 144 -71 -235 -143 72 119 -10 172 -68 212 225 -109 226 136 -194 -133 -154 193 -229 -26 -92 -125 -211 101 -218 78 86 40 164 224 220 -70 4 -208 -222 -166 84 -65 -21 -1 -233 34 
TEST 74 ARG:-26 127 40 246 61 44 -118 -188 -202 -165 -210 157 165 -85 9 -48 -46 194 -41 210 -237 -13 196 98 -239 -194 -244 55 71 -151 -28 126 -175 -201 75 -218 -157 -171 84 -33 -199 -219 -224 -129 151 -75 41 -81 208 80 -59 74 29 -101 197 -173 -172 220 163 -108 -114 155 174 28 215 -9 18 -2 106 -246 130 16 -60 58 180 -233 -146 48 -249 -76 -54 -189 -121 -198 -34 31 238 124 192 -203 -240 4 200 -124 103 -236 82 187 108 206 228 -25 -31 104 83 217 66 -228 143 -214 146 -109 -123 70 -79 -243 142 -50 -220 87 -17 110 226 154 11 -177 93 34 -211 -193 -180 221 81 -141 57 20 -102 -160 138 -113 -178 224 33 122 -217 223 195 135 222 153 24 -6 156 -89 -94 -90 -138 -204 -152 -103 109 -168 -87 245 -44 -181 -95 -97 -68 117 100 159 46 -10 -83 -225 203 77 150 -67 137 -30 37 30 -119 23 -250 178 -186 128 149 -170 -29 -156 -23 184 -134 213 42 199 -167 96 56 235 207 101 243 -223 -128 -163 -24 188 -153 39 21 172 219 175 185 54 136 -66 179 111 -126 129 158 -200 218 -78 -197 198 -131 43 52 -74 177 49 227 -40 -216 -122 152 209 73 139 -187 115 27 -64 -61 170 -57 63 181 -36 189 -62 53 125 -212 190 -52 249 -21 -51 -11 164 72 -149 -37 -116 -208 -12 -213 -148 -63 247 -184 12 -112 -98 -77 229 183 -27 121 35 -248 168 -145 -230 -14 3 -96 -155 -5 118 36 141 85 -38 112 -206 239 -139 -162 145 99 -161 204 211 95 -56 173 0 -183 -15 69 191 -158 144 -195 60 -135 -100 -174 -117 6 148 -106 161 -247 -71 233 -7 232 -86 -47 116 15 140 123 160 -127 -238 -235 -39 -234 -45 -104 -88 -207 -130 -4 -190 19 105 -191 76 -125 -132 92 10 131 86 -229 -84 -20 -159 -222 -227 14 -115 -92 182 78 -137 47 25 -232 -179 242 -147 -221 -133 -226 241 -49 -182 -143 -55 -70 -110 133 -242 51 65 -80 248 8 -231 -166 -107 45 205 5 244 -105 -196 -245 67 32 -19 212 -154 -8 -73 186 147 132 119 -53 -58 89 -16 -185 -18 240 -209 162 176 120 -169 -69 -215 1 -32 -150 102 171 -140 22 90 236 -65 7 237 169 -35 -93 -142 225 167 -205 -99 -43 -192 -91 2 26 -3 64 -164 -136 -42 230 214 13 -1 231 -22 114 -241 -72 193 97 113 50 79 134 -176 88 59 -82 166 234 202 91 107 201 216 -144 94 17 62 68 -120 -111 38 
TEST 75 ARG:-246 -172 -219 -120 -220 -245 198 17 3 -215 246 98 92 -229 -206 152 -81 -87 42 -167 135 58 83 178 110 -102 68 20 -160 214 88 -98 -23 241 149 141 -130 213 -68 -121 -101 10 47 -142 -159 39 206 -84 -186 -77 223 168 -64 -190 128 236 177 -155 158 99 123 142 -83 34 245 2 -95 -58 -145 192 -139 -166 76 -156 -123 -191 -173 -214 14 188 195 242 -61 -175 130 41 12 144 -133 16 -235 46 37 -116 -37 -85 240 -146 80 229 87 82 0 122 57 -41 -189 104 -165 94 222 23 56 70 -6 -12 -185 165 -86 124 182 9 132 -63 -13 -149 113 -200 -179 -151 217 -201 -144 215 160 -92 203 166 33 -203 -50 -129 53 86 51 127 -150 -117 59 247 147 243 220 248 -78 106 194 -208 55 187 -69 118 151 176 -232 171 249 170 -5 -9 54 60 43 4 233 199 211 108 224 -106 183 -182 -174 131 -205 207 -30 159 -169 -18 89 72 -195 115 21 154 -241 -152 148 -176 79 157 -35 -65 119 -105 5 84 239 62 19 -4 -94 -62 156 227 95 -7 -110 -49 18 -25 -198 -128 -24 -93 13 65 -171 231 -32 -240 -72 167 -51 -33 -16 -228 234 -138 133 -10 -82 -192 -140 29 -109 226 190 -20 109 73 1 218 -103 -90 -119 -153 75 -148 -202 244 -73 27 -247 -75 28 -168 205 174 189 15 129 -212 -223 126 6 -225 85 -21 52 -204 102 200 -238 172 -28 100 -45 -250 138 50 -31 -170 -53 40 -59 -26 197 134 -70 -96 -79 219 77 -217 -97 -40 -226 71 -66 38 -100 -234 -29 22 201 212 -248 -127 -48 -177 -249 -184 -162 -42 -196 173 74 8 -8 -71 179 -164 175 162 191 164 97 67 184 237 196 -52 -230 31 -124 63 -207 137 -14 204 -39 44 -218 228 -136 91 155 32 -239 225 146 -114 -43 -11 -108 -224 180 -194 -104 117 -91 -17 -89 232 -74 -46 -34 30 112 121 114 235 81 -80 -112 -3 26 -135 7 -134 -19 143 -47 -143 -242 -180 238 105 66 -27 -55 -193 -44 -221 -57 -183 -113 169 -211 -236 208 116 96 202 181 -154 -216 185 -178 -237 -231 125 -99 24 103 120 -60 -209 -188 25 -197 221 216 -132 -158 93 -67 -122 107 193 -118 -222 -36 -213 -137 -88 -210 136 -233 -54 111 78 -163 35 153 61 49 -141 -76 -244 163 -15 -115 161 -1 -38 48 -111 45 -243 -126 -22 -131 140 -2 -161 90 -125 101 -107 64 139 150 69 -227 -157 186 -56 -181 209 145 -199 210 230 -147 11 -187 36 
TEST 76 ARG:-73 -125 132 220 -190 191 -192 22 -223 -153 -114 -35 219 37 121 152 -140 -59 -134 221 -76 204 -206 239 -141 -240 96 141 43 -62 -211 40 32 -202 -38 186 -120 30 -16 -162 -15 -231 123 -18 -173 117 -221 125 211 86 107 193 177 -23 -63 -247 185 23 -98 -116 161 232 -77 -87 -32 -118 -167 -111 -108 -72 -135 -128 73 -216 -165 -201 -103 -61 -181 142 5 16 74 -156 20 238 208 111 -133 106 -236 25 206 65 -225 82 75 119 192 -157 -155 167 -102 105 -34 187 168 -75 -169 11 -53 -42 -232 -243 -119 -10 202 194 -51 -160 228 10 -129 -164 112 78 1 155 -81 -57 147 -17 14 -205 -214 -204 19 154 84 -55 139 -197 51 127 212 240 -188 -93 133 143 46 -89 77 87 241 171 -151 -25 195 126 172 -90 -22 57 -67 -48 -44 -2 -152 -19 -136 118 227 -78 138 249 -248 -139 146 -117 -107 -1 94 33 -171 64 -179 225 -36 -174 79 -64 203 -144 236 -198 233 -71 -229 -176 130 -126 109 -47 -245 -217 -193 -168 108 -79 -46 29 164 35 44 110 38 -65 231 157 -137 -227 36 -178 223 91 -92 -112 -138 183 -177 -215 95 102 63 -189 -207 71 -94 -146 -14 -113 144 62 160 178 -56 -54 -203 136 -4 -9 131 -58 67 -11 50 -182 229 -131 42 -20 -30 -109 -145 180 -196 198 145 2 -106 -212 128 244 -150 -250 66 224 100 -163 148 166 158 150 -99 237 -101 -230 -39 -97 -224 53 124 214 -147 9 -26 116 226 28 -24 217 104 207 215 -249 -88 200 54 -29 -84 0 15 -200 218 122 245 -28 188 153 76 -74 -130 243 129 -70 7 93 190 -186 -219 222 -91 135 13 -123 26 -33 81 -122 18 -213 -41 34 -220 -12 -13 -194 6 70 -21 -52 -228 -80 242 159 201 -40 -105 189 -184 113 120 -96 48 17 209 -69 69 21 169 -43 179 -233 -242 61 -209 55 -86 -180 31 -142 -132 -66 -68 39 -82 140 134 -175 -185 196 -127 -100 -244 -3 41 -104 205 248 170 165 -218 52 -210 -239 -208 85 -6 213 -37 -237 12 -191 -159 -166 176 199 -31 -27 -183 -158 -226 246 -143 115 92 8 103 197 -50 68 89 -199 24 247 181 90 235 49 -7 99 -110 -8 156 -124 -45 45 162 -154 -238 83 137 -241 210 174 173 97 -85 -170 -83 3 72 184 -60 27 47 60 163 58 56 -115 101 -195 -222 -172 98 175 -149 -5 230 151 -49 59 88 80 -235 234 149 216 -121 -95 114 182 -148 -246 -234 4 -161 -187 
TEST 77 ARG:248 -22 195 140 128 7 174 -239 -63 23 150 238 165 -115 -97 229 69 100 74 -128 -236 199 -226 243 146 55 -91 52 -132 -17 72 -198 159 224 -105 65 -137 -241 121 -163 129 -237 -113 15 68 -227 116 -213 141 -199 16 -169 46 32 -201 49 -168 -62 -136 -225 218 241 79 -158 -114 216 59 85 113 88 -103 95 -245 -49 -82 -174 86 -184 28 4 84 -170 -195 177 -211 -116 -44 -140 -83 -23 -148 -119 176 168 -55 -6 -187 -18 -240 246 -208 -51 -177 108 157 -66 93 -194 8 -73 -81 186 -182 -188 188 -162 -224 -216 90 -144 87 233 61 208 -111 42 96 -219 -90 242 -229 232 -48 -221 166 -121 133 -29 112 138 -39 -15 -104 104 -210 -243 -180 18 158 111 35 155 135 -173 185 -93 114 249 179 -171 11 20 207 -234 -84 53 209 192 50 191 -232 -20 223 210 -214 -102 -28 131 149 122 153 38 -139 -42 80 -228 -9 215 247 -197 75 -191 -72 -123 -99 -159 239 235 -124 -164 178 5 -13 -14 10 -34 9 56 -160 151 245 -218 211 -203 137 -69 -47 44 213 -71 -127 -154 -151 109 219 -205 194 -26 123 3 -176 -109 -19 -147 102 -46 -70 244 190 40 -75 -179 97 -129 -1 22 0 67 -38 -86 230 -112 21 -149 -130 -244 103 33 62 237 -166 -74 -230 -101 -8 -4 101 126 106 236 -16 201 132 217 -157 -220 -249 39 222 202 -120 -186 183 -37 -35 160 -60 -209 -108 37 -67 -10 145 -50 -133 -3 154 -118 -21 -150 41 92 164 17 143 -189 -45 24 -141 91 -77 -11 -2 212 -181 -183 180 167 205 -172 -79 196 203 -217 148 31 225 -24 -56 14 130 -43 6 -204 -233 240 36 107 -106 -80 -247 189 -53 172 -64 1 -61 -7 147 -76 60 234 136 -143 -231 -122 -238 63 198 214 64 -142 -215 -131 57 -117 -202 -100 -165 -175 170 47 169 -30 175 152 -192 54 156 -235 -178 77 119 26 -207 70 -107 -5 -58 -88 163 66 144 -12 89 78 -161 83 30 117 -36 -95 -222 -212 231 227 -57 118 -193 182 -185 -78 -27 139 -146 -33 184 29 2 -59 12 221 142 82 197 -126 220 -32 99 -98 110 -125 34 -246 -152 25 125 115 161 -31 -167 228 -138 -40 -110 -155 134 19 -65 -135 -96 -223 171 48 120 127 -41 71 -250 193 -248 27 94 -68 -89 -206 51 124 -92 -25 98 13 73 -196 -134 105 204 226 -242 187 -190 206 -54 173 162 -200 -153 -52 -85 -145 76 81 200 -87 -156 45 181 58 -94 43 
TEST 78 ARG:-228 -186 116 -5 -115 111 98 -155 195 -83 -8 -148 16 194 -1 68 17 -152 -196 -157 96 -174 109 -4 -90 -91 -204 -126 128 71 -114 -241 -112 170 240 -49 166 85 120 184 105 -32 -16 -165 152 -22 -40 144 -246 -82 -200 223 -75 44 32 211 237 220 -35 -168 -34 15 -50 185 -84 -107 186 64 21 -127 41 -129 -96 204 117 47 123 -47 -111 -142 -10 -164 169 10 -68 208 146 -98 2 209 39 -183 244 -167 -87 175 -25 132 171 33 -106 197 81 -158 -154 19 -149 14 119 215 -21 -60 139 -134 -72 -175 -184 158 228 -162 -110 8 114 183 174 -6 176 122 229 66 151 -14 -119 -191 -190 -238 190 -13 -232 219 -62 187 36 134 62 148 -3 11 227 112 -215 -33 76 232 -202 -236 125 217 -48 -187 -244 242 214 181 80 65 -219 -88 -189 97 -248 -54 -79 -39 70 58 -125 113 241 -211 225 -67 -233 193 -120 -182 -141 -226 239 -57 26 180 -234 -178 22 182 -138 86 -140 34 -9 94 -36 27 -2 99 -172 75 -224 89 -229 -231 167 -214 95 60 -46 -199 63 192 55 -160 159 -151 -147 161 -132 -42 -242 248 -198 164 245 -206 -89 235 -209 -188 -245 -240 172 140 131 -24 69 -73 90 203 -51 92 222 51 67 61 59 -65 43 -78 -194 189 -239 230 -223 -180 104 -66 199 73 -220 -44 -216 216 50 101 -64 48 -136 31 -97 121 -38 102 -15 -207 -121 127 -173 -85 -37 136 -153 210 -27 -122 110 -12 205 -185 24 153 130 -74 -197 -235 -80 201 -109 46 212 108 -144 -179 156 29 -18 52 77 249 -208 -159 -225 78 -11 -59 100 124 -103 177 160 -249 107 -217 -43 84 -195 118 -250 37 -128 -237 -69 188 38 206 224 168 -55 -192 -99 -201 143 178 -19 -212 -17 93 3 -116 129 179 28 82 79 9 -102 -26 -94 -76 -203 -124 5 42 106 54 -104 221 -105 -181 -123 238 -161 -243 56 -135 57 173 -100 138 103 -177 157 198 -193 91 -23 -247 -95 72 -137 191 -71 -133 -56 83 -63 142 87 13 -113 -163 49 -28 155 -58 30 -52 150 -169 -218 196 -117 -170 247 -81 -70 137 -210 45 233 -213 23 -230 -7 74 207 -101 -108 6 133 149 -130 231 -41 -139 -145 145 -205 -61 53 147 154 -227 -166 -146 -86 -29 -53 200 -222 -156 -93 115 243 7 25 202 -92 246 163 213 35 -20 236 12 -118 -221 1 -30 -77 4 135 20 234 0 -45 162 -131 218 18 -150 -171 -31 -176 126 165 141 -143 88 40 226 
TEST 79 ARG:-141 -48 70 -42 193 -34 -211 226 -120 -39 -240 -100 -145 -45 137 -207 101 17 44 110 -140 -59 -167 126 65 -13 99 68 94 -250 161 -99 176 42 -123 -84 -245 -143 220 -126 29 188 243 -92 -85 95 -236 -78 149 223 -186 155 -105 -5 154 222 129 30 -15 -235 -110 -161 179 38 -148 58 12 221 -65 238 159 -183 -81 -180 235 -243 -185 127 145 -71 -200 185 9 236 7 5 151 -169 121 -151 -64 52 -199 192 -206 152 182 -144 3 -205 -98 -125 215 -121 -241 -238 -231 -217 249 186 -117 73 158 -28 242 -2 -127 74 148 -239 -163 -31 200 247 43 -14 69 33 -173 205 -132 183 -63 208 225 112 64 50 248 170 128 171 120 -16 -112 -97 13 -232 -49 231 167 79 85 -29 27 -32 -136 46 206 240 166 -175 232 19 -67 -208 114 107 224 177 -22 -122 -82 -228 201 -60 -146 76 204 15 21 -12 -90 -94 -72 203 219 141 -247 131 93 190 -214 -215 175 -106 -203 143 -17 -138 -95 241 -51 48 -80 133 230 92 1 84 -181 140 72 -195 -154 -4 -9 134 116 81 41 -166 211 -170 108 31 210 -93 -234 -23 -70 -73 191 36 -68 -237 189 105 239 -66 -20 229 -209 -158 54 -56 -108 -172 218 -210 -118 -176 -192 96 245 187 -220 35 202 -62 135 -174 14 -77 47 -69 172 -8 -10 -233 147 111 -75 237 10 -219 98 -58 -76 164 -57 -162 -109 -43 -179 119 59 -36 -107 -202 156 18 106 118 -33 -41 24 -25 -177 -230 63 34 -168 -124 -53 -38 184 97 -246 -221 -18 234 -150 -226 0 -201 -212 244 91 2 -165 -190 -50 -156 4 212 -74 -21 86 -227 -157 109 -89 -164 -113 165 -104 45 39 11 -83 124 -55 57 168 130 139 100 217 -130 -11 -129 87 -194 -155 -24 214 -114 49 -19 -133 162 -137 -116 -3 -79 -52 -213 71 -37 -197 -40 213 207 -152 142 157 -61 233 55 -223 -171 23 37 6 -47 146 -1 -204 209 138 56 66 150 67 -147 160 40 104 -87 -182 83 -229 180 216 -142 -196 196 -249 -135 195 32 -198 -7 -188 -216 -26 -35 -102 -189 -139 -222 -86 178 75 153 -187 -88 -184 -153 122 115 103 89 28 125 102 -160 194 -159 82 -128 -178 197 26 -115 53 -119 123 77 113 -30 227 16 -242 198 174 -6 -218 78 -134 80 246 181 62 173 51 -103 90 88 144 -193 163 -131 22 25 60 -101 -111 136 199 -27 -244 117 -225 -54 -149 -248 8 132 -96 169 -224 -191 -91 -46 -44 228 20 61 
TEST 80 ARG:-200 -146 -249 -126 67 237 83 245 57 -192 -250 -215 -104 182 28 -218 5 183 -248 -133 137 151 -208 -75 33 -134 -120 242 -27 -144 -194 133 -209 -100 233 8 234 27 -237 -196 -169 -94 225 -177 -190 -153 -179 87 39 229 -246 -131 -143 113 -201 -78 118 59 227 -166 -213 -227 -54 -174 207 -73 -116 -33 -236 171 10 -88 138 165 223 48 -191 214 31 114 19 -186 13 213 121 49 143 -81 -37 112 -156 -129 -193 2 -53 12 179 -59 187 -51 90 125 -183 -181 -229 -70 38 -11 -19 -107 -1 -44 79 23 -90 -241 41 117 74 102 120 -161 -83 37 -225 -207 24 152 -64 -224 -108 -12 -136 164 50 -102 -106 -235 -10 232 9 -228 -68 -56 -205 140 197 43 128 -45 -162 157 11 0 248 -135 -164 -137 -3 58 42 -46 -77 148 196 176 20 147 141 -5 -242 -178 136 -28 -80 -79 98 126 -214 107 160 123 231 -175 25 -176 -238 215 72 -245 -39 235 167 1 -52 -165 -187 82 97 175 44 -121 -60 -110 -20 45 -97 218 -114 -234 69 -23 -130 -30 -29 99 191 109 62 96 70 4 78 -85 116 -219 -9 81 -222 -48 -211 132 -145 185 -142 -217 181 173 174 -99 77 -182 153 212 17 56 -231 104 210 -63 -232 -154 76 203 7 108 -62 150 -132 -58 230 -138 166 177 195 -124 16 88 192 -233 34 -50 100 -184 75 -4 61 -34 3 -119 -198 -247 189 53 162 159 -16 86 241 -223 249 18 -148 134 243 21 105 202 224 103 -112 -216 30 168 221 -239 -128 -127 -117 -158 -226 -160 -204 238 -202 32 -188 -244 -74 180 131 -25 51 115 -140 15 246 -101 -13 -89 -109 -115 -32 208 -95 -157 6 149 204 -103 222 209 220 -189 155 40 206 66 -69 -199 -7 -42 -141 29 -210 -22 119 -61 -243 111 -168 -2 145 236 -8 -220 193 -197 -35 -21 211 -96 -43 -91 14 190 -159 178 129 -47 205 -123 -151 201 26 226 -49 -82 -57 -98 -240 -26 95 106 -65 -170 91 154 -150 -149 247 -40 63 239 68 217 -203 127 -24 219 -185 240 -105 188 216 199 -111 -86 54 156 -93 -41 60 200 -76 -6 139 184 73 -71 -118 -84 -113 -14 46 -206 92 144 110 122 -66 186 -122 158 194 47 -171 -125 94 36 -36 65 55 -92 161 198 130 -163 85 135 163 89 71 146 -230 -15 169 -72 -38 22 -147 -17 -173 101 64 -212 52 142 -55 228 -87 -18 -152 -180 170 84 -67 80 -221 -31 -195 172 -155 244 35 124 93 -167 -139 -172 
TEST 81 ARG:120 -244 -18 148 202 136 153 212 180 -148 10 232 156 113 -119 57 -211 -17 -108 -7 84 -168 -60 201 91 59 210 -77 22 198 246 -63 90 242 178 195 62 48 -156 0 82 93 -58 -237 186 142 -220 -162 -198 155 -100 -34 159 -47 165 -141 -52 147 -153 -116 72 -226 240 -12 127 24 -42 -46 96 -165 39 -69 -229 -10 40 49 -208 -169 -235 -139 -122 42 -224 -135 38 217 -207 -236 -4 29 138 -239 71 241 188 -75 224 -78 -204 60 -117 -170 21 63 128 53 35 11 -238 -249 -185 -35 247 55 154 -105 15 160 -210 -222 -120 -160 -137 -62 119 -176 116 -242 -194 218 -166 -112 88 -206 12 -205 -128 95 13 111 -8 -40 -130 206 -121 -19 -218 30 -219 37 51 -59 -212 -175 -36 -38 -109 -230 52 221 243 94 -195 58 227 146 80 -143 -71 67 1 125 150 238 20 -80 -93 -91 157 -149 131 229 234 -16 -24 -146 -101 66 26 -55 191 -180 220 -144 -127 76 137 34 -106 25 77 129 98 -87 151 75 23 -147 -26 100 118 -31 79 -214 187 -200 108 -61 8 103 33 235 166 -247 -1 -217 183 19 204 -142 -187 208 126 65 -203 -82 -177 31 -189 226 -221 -209 -95 123 225 -85 -161 -231 27 244 6 -114 -14 164 -89 149 184 -248 181 -110 231 -223 -48 56 -193 -215 54 -21 83 14 -79 -182 4 193 -104 175 -37 161 -152 -66 -23 -107 -179 185 -246 -43 -115 -138 -163 203 172 107 68 -30 -96 -3 190 -181 -171 43 173 -32 -213 -44 171 112 87 97 45 117 -49 199 -173 32 -184 -92 140 92 132 209 -158 -99 -67 -70 -172 -5 -84 69 182 197 -102 47 230 105 168 222 215 -150 -202 -186 -233 133 -73 -118 162 -245 -22 -183 41 223 78 99 -13 248 36 -9 61 -97 110 249 -11 -188 16 228 -76 139 -136 214 85 -81 -227 -154 -28 74 207 -225 179 121 -20 -53 -56 -133 213 46 -103 -241 -33 -216 28 -124 -45 176 -192 -145 104 89 -6 44 211 17 -125 -39 145 18 143 -134 -151 219 -234 124 122 -174 -191 -129 -86 -94 239 -190 216 -68 -27 7 -88 -15 106 -132 -25 -197 245 177 141 -72 9 130 170 -250 -157 174 5 -240 -228 -140 -111 70 -167 200 192 73 3 -164 -232 -199 -123 -178 194 -131 64 169 205 114 -196 102 -159 101 -57 -50 189 152 -41 -29 -113 -90 -98 -201 -126 115 -83 81 -51 -54 158 237 -65 196 -155 135 236 -2 233 86 144 -74 109 -64 -243 2 167 163 50 134 
TEST 82 ARG:-31 -223 -23 20 -227 -85 -49 162 -202 193 201 68 198 112 -134 152 -175 -241 197 76 90 -27 100 -184 -133 -124 124 177 -10 17 -147 15 -164 -116 -229 -190 -189 -41 -216 -42 150 -65 227 122 110 -76 -110 157 -88 224 -203 -197 -4 -117 107 -246 -205 74 -39 -111 49 103 -163 -218 245 -46 -146 129 -50 4 -30 41 -248 -40 37 189 10 18 -151 -80 -132 102 143 -185 72 -192 -170 -66 -212 105 115 194 -94 -115 -79 -194 -177 -83 -99 -136 -13 -235 54 233 47 45 -182 -171 -131 87 -70 95 104 -118 -18 241 81 -101 -173 -38 135 231 92 -226 -224 123 -60 -73 50 230 238 -159 126 -247 51 79 -28 12 97 -107 -208 -29 -20 -3 172 146 178 -82 147 218 -45 170 -250 -237 -193 117 -231 -143 -17 -179 -244 -100 116 161 -160 -77 -91 219 -233 212 -201 -138 -43 202 -145 145 -188 210 -81 141 222 214 151 -56 -172 -106 109 44 70 -112 -210 64 -221 144 -209 -236 -96 -98 -155 232 -119 39 -174 -222 -149 148 101 -137 155 33 -25 120 61 -214 65 -44 -242 -198 -141 -169 -176 -14 -86 35 192 240 203 -121 -183 163 -161 156 -129 -215 136 140 181 -1 -21 99 211 106 66 -35 -181 235 -219 -62 -12 -90 -64 209 -24 -217 153 -167 217 165 220 -178 -51 188 11 8 -238 200 -140 118 -207 -9 -243 119 52 -103 5 237 -32 77 204 9 -152 -204 -74 -47 239 -239 89 27 -232 221 28 -34 -63 -68 -158 248 59 -89 -245 -195 94 13 -180 108 42 223 -225 113 93 -148 -213 48 185 190 -109 142 -166 26 149 -58 -16 236 -93 -154 60 -211 -162 -114 -57 -142 228 34 184 191 159 88 6 -125 -135 171 78 80 242 -228 179 154 187 -69 -54 -144 85 91 -168 23 139 138 3 1 -67 -95 67 215 128 249 56 55 -26 46 -156 62 183 196 205 -122 127 36 -139 130 -55 -153 83 -105 98 169 -165 57 173 -92 -120 -200 -75 29 167 -150 226 168 -2 160 216 111 244 243 -127 53 -52 -130 63 133 158 14 22 -128 -53 207 84 213 175 114 195 -87 -186 71 -199 -196 247 38 32 -7 137 73 30 -230 -19 182 69 -123 -157 -104 -102 -22 82 -36 25 -234 131 21 40 186 206 229 225 -187 58 -48 86 -8 -11 -78 -113 -191 125 0 166 121 2 -97 134 7 -108 24 132 -33 -206 -15 -37 16 31 174 -240 180 208 176 164 -71 -59 -6 -5 234 -220 -249 246 75 96 -72 -84 199 43 19 -61 -126 
TEST 83 ARG:-70 233 -109 -47 83 51 63 209 86 220 -55 -91 -151 232 -92 215 155 -149 48 204 193 227 74 -191 -107 171 -228 -67 218 137 4 189 140 142 129 -130 -18 43 200 -166 71 -126 147 168 -54 -131 -86 78 -223 101 191 -12 20 -241 109 -221 -41 -35 -48 -14 148 -71 -33 -227 95 1 16 99 -180 54 9 118 -72 -175 196 96 -114 -44 236 170 128 97 -106 167 41 210 -238 136 -181 64 239 207 -135 -59 -218 11 -82 27 126 -20 231 -6 -235 -52 -23 234 -207 -211 39 184 -232 185 217 18 247 240 93 46 72 7 -210 206 150 -132 3 -236 -19 -43 154 30 -179 235 102 -56 -99 -177 88 246 153 194 -213 -9 113 -134 131 -245 165 -46 -75 119 0 -190 -197 14 214 228 -201 -11 -214 -120 -212 69 -199 -246 -202 208 26 -192 -115 -196 127 -98 89 33 -83 -234 -102 -242 -4 -154 73 219 -169 10 45 249 187 -22 61 141 -185 -189 57 -29 -226 -97 82 -89 -237 110 35 203 60 37 -30 -243 242 159 -145 47 -116 222 -76 77 -163 -230 -78 -60 -57 -73 -137 85 -25 -101 111 -36 224 179 90 -162 87 13 40 38 -215 66 -148 22 -84 -153 44 -51 124 169 81 -239 -129 -15 152 182 241 107 -74 65 138 -136 -184 -141 -13 28 -58 58 130 -27 -49 -111 -240 -140 181 -39 230 -194 186 176 -222 146 223 120 -103 -61 -68 -95 151 -231 213 -24 201 -186 195 -117 21 -42 -161 125 -193 -118 92 116 -40 100 -146 105 -38 211 243 -80 94 12 -124 -69 205 -123 -171 172 -244 8 -45 -133 -1 -96 -220 -53 -198 164 -155 -17 -105 -170 31 -160 -152 -195 175 121 50 -178 -167 245 -142 -3 114 174 -249 115 -32 -159 36 -157 149 158 112 -174 49 -229 19 -150 -203 -66 -5 226 132 -7 -128 -250 144 -88 -248 183 62 -108 -225 -2 248 56 -64 -188 221 -94 -204 17 70 117 -139 216 -77 79 -28 -90 244 -168 160 -216 -112 237 -34 34 197 -158 91 156 134 162 75 108 -165 -110 -16 -31 -63 -208 -26 -122 238 -143 -205 -65 -125 173 157 68 190 178 225 -8 -93 76 -119 145 -113 -21 -187 6 -233 42 -100 198 133 -172 188 52 -81 192 -164 104 -138 161 139 202 163 5 122 -206 32 -176 59 -85 -79 24 -127 29 -209 -247 177 80 -144 -182 23 106 67 123 55 84 -156 -224 -217 -183 166 -121 -87 -219 199 15 53 180 25 2 -173 143 212 -62 229 -104 -37 98 -10 -200 -147 103 -50 135 
TEST 84 ARG:54 -80 40 196 140 65 190 30 -201 -142 107 -85 42 246 228 189 120 159 242 -205 131 225 91 16 102 -71 176 -195 57 -127 195 -33 182 170 118 -44 -121 -108 243 37 -59 99 -120 73 128 87 17 -227 168 -215 -131 83 -105 130 -43 31 -79 -155 171 -168 -70 -225 141 -54 -83 64 185 52 -118 -129 175 208 92 101 39 -122 -25 173 -234 201 3 165 238 204 136 5 36 214 -21 -173 -23 -35 -187 -159 -226 122 -55 -10 -220 193 85 -135 -62 -167 20 61 183 133 93 -204 -90 -150 -117 51 226 -147 -182 -91 -4 -146 -87 -12 217 -8 155 -218 -206 -176 -50 90 -188 -238 -242 139 -250 58 -81 -202 -7 -217 -193 206 -136 -163 192 -15 212 230 112 89 25 181 98 -169 -194 145 -57 -232 -149 -27 4 56 -84 -39 -125 135 -99 15 -178 -109 -207 48 -97 -175 -157 41 62 -37 -52 84 49 -245 203 -82 178 66 162 -40 160 21 -233 63 -164 6 115 -9 117 222 -134 -144 -141 -5 187 -241 -191 -152 -198 200 -219 19 -224 -107 -51 132 -36 34 -229 191 -11 -212 -143 184 -203 -133 22 114 166 26 229 -137 -161 -112 -53 69 216 -14 -64 -222 55 -221 -103 -77 -243 100 177 -119 235 -171 -192 142 126 -160 -236 -34 24 -130 116 -231 164 -156 113 -216 -26 -186 -237 -42 245 -124 236 163 13 32 35 43 -88 -116 -67 -181 -106 70 29 199 223 231 151 127 -208 -248 134 45 -153 -16 232 119 -247 12 -196 153 38 60 161 -93 197 -145 154 169 103 74 -138 215 143 147 46 110 33 174 -102 121 -228 -20 188 -154 -13 71 234 -115 79 11 53 224 -139 14 23 123 -230 -17 -2 75 9 157 241 124 -98 -177 -113 -249 180 18 -31 -239 -60 -86 -158 158 -75 -170 -189 -58 -132 -200 -49 -100 -151 -165 -214 47 -89 207 -179 -104 146 -69 111 -235 -183 -41 -190 -65 -63 149 106 -185 179 -244 152 -46 -6 -166 186 -72 -48 148 202 27 237 82 -1 -68 50 -110 198 219 209 88 -111 -29 244 -223 167 -246 -45 210 -209 138 78 2 220 -78 137 221 0 205 233 108 76 72 1 -174 247 -162 -30 -24 240 -95 -56 150 -76 77 94 -180 81 -92 -22 -199 96 -28 249 67 -211 -32 -172 -148 -126 172 -18 -66 28 -210 10 97 -19 213 -38 194 239 -213 -73 211 105 8 68 -94 -3 7 129 -101 44 248 59 144 104 95 -123 125 218 80 -128 -74 -61 -240 109 -140 -96 -114 -197 -184 227 -47 86 156 
TEST 85 ARG:229 67 22 -7 -182 34 -133 -110 -223 57 4 -81 -137 114 -6 239 200 122 -114 -174 -54 87 31 10 244 -128 164 -113 127 -184 97 -151 7 203 48 142 -147 195 207 146 -190 23 -20 133 -214 -80 206 -235 209 156 222 -9 79 52 108 242 140 -179 157 -199 75 225 74 111 -176 82 123 -18 232 -139 -156 68 154 -4 144 17 60 -224 -26 -22 -168 -217 -40 215 -70 -105 -116 -226 147 171 197 -12 20 -24 -152 160 113 42 -57 12 -119 -212 24 -238 187 -33 -141 153 64 -149 55 -138 -159 -208 -53 161 -44 40 120 211 -45 -216 -109 219 25 -94 -15 -123 14 -48 -231 28 128 228 -189 84 -140 162 56 -10 166 93 44 -122 -62 109 11 -175 -92 136 -68 45 -244 -191 -230 112 -42 15 -177 129 138 -49 182 -126 -144 221 -233 -77 78 -2 151 71 -239 220 38 -5 125 -111 -86 -93 247 -37 -198 189 2 -236 -215 118 245 168 5 -51 241 -227 -103 73 226 -132 180 30 -192 13 9 -162 230 -166 -160 179 -185 -167 37 150 -203 -207 -193 227 -39 -87 185 -72 137 -164 -131 204 83 51 -158 -35 173 105 -136 -221 -209 165 155 -25 -161 -163 -172 101 92 -23 218 -64 -148 196 -200 176 -107 -46 66 49 -241 139 -145 194 -240 175 86 69 -249 100 -29 88 72 158 106 -124 152 -204 238 1 -127 43 -84 199 -121 102 184 -74 174 -246 -75 59 -31 90 41 -129 -27 -67 -58 190 -130 -196 183 169 -89 -56 143 135 -88 -32 177 110 -211 -13 248 -52 119 -247 -220 212 89 202 -154 145 -36 237 159 192 -106 -14 208 167 -71 -100 -115 -118 96 246 -157 36 -50 -146 -234 -55 -201 -91 -143 -47 98 223 -142 -98 6 -169 117 61 191 -63 121 -19 240 188 231 -43 -34 -17 -30 233 -1 -242 -61 35 0 -79 -16 -173 116 -228 124 205 54 53 -181 -120 16 170 39 3 -69 201 -186 -171 -3 -101 -248 141 -21 50 186 -60 -96 32 46 -245 -194 -222 29 234 18 26 -250 181 -202 21 8 210 130 -229 -73 33 -66 131 107 -108 -83 91 -213 214 -150 -165 163 -170 -65 216 -180 -82 -197 85 148 178 132 99 58 115 -59 -243 -135 -117 -219 103 -104 94 -28 243 104 -41 -85 -232 -188 -76 -206 47 -112 -225 -195 80 63 -78 -178 65 213 -237 193 -11 70 249 235 -153 62 236 224 -95 126 27 -187 -97 198 -90 -210 172 -99 -155 19 134 -8 -38 -205 -102 95 149 81 217 -134 -125 77 76 -218 -183 
TEST 86 ARG:-208 1 -177 103 -98 -14 -68 47 160 -7 -31 16 164 162 151 -202 48 -36 -85 139 233 186 -30 -37 -112 -238 -34 -78 145 -247 -165 -53 -246 -225 -136 -200 -135 -187 71 109 190 -12 -28 -44 17 -215 -122 64 100 84 169 210 58 50 -81 60 128 118 107 194 83 -183 -71 207 46 -104 -113 -15 163 113 212 -223 238 189 76 227 -8 246 221 -108 -206 63 183 143 42 115 137 219 -19 167 57 -61 -134 157 41 114 37 70 24 -196 -243 229 144 119 -74 161 104 170 -249 8 -83 237 140 226 215 -95 -100 -82 -70 -2 -197 -166 218 148 -106 -195 -153 7 184 187 -35 82 -144 39 -224 -121 -13 -172 202 -18 -5 -107 -101 -236 -43 -248 -152 -3 108 -222 -150 -216 112 53 89 -128 231 -218 -130 203 141 -58 69 242 -127 -244 -174 244 -32 200 10 -194 49 -124 -6 92 65 81 -184 234 -245 208 -158 96 -115 172 -214 -242 123 11 -192 -55 68 -94 -119 97 -226 -73 72 110 176 -189 21 -21 173 159 -67 247 23 -178 -233 99 20 -146 -179 90 -72 -230 134 155 181 198 -182 14 -250 158 127 28 25 241 0 -49 3 -69 -33 62 235 230 138 217 36 142 38 -63 -137 -171 -176 204 18 -64 -217 78 4 98 -232 85 -205 -167 74 179 -191 -188 131 -162 -56 196 152 -175 -110 -39 27 -229 -201 -10 -116 79 -9 -51 12 -203 -219 -220 -111 -62 222 165 -151 206 182 67 -209 -241 86 -240 -65 -1 -92 -80 166 156 44 243 -45 -76 55 -17 216 19 -141 -131 -99 -114 236 80 197 -54 -16 178 -161 -169 111 -231 -91 -147 -173 95 249 -142 -140 -41 -237 228 -234 33 180 -38 87 52 -90 -57 -156 -180 150 116 -235 94 248 6 -97 126 -24 240 102 43 -84 -239 188 2 -102 -20 -207 -168 239 -154 -50 -22 32 185 -204 -86 -79 30 195 59 -52 -60 175 -132 -159 232 147 -117 149 -109 -164 -25 -4 75 135 26 -87 -228 125 88 205 -139 31 54 5 209 -96 136 106 -40 -186 91 132 -48 -103 -23 -129 -210 22 29 191 -181 199 -221 -133 225 124 121 51 201 -126 40 73 -190 -27 -211 -89 -193 -157 122 -118 34 -212 105 213 117 77 15 -149 211 -160 -123 -143 133 214 -155 -29 192 61 35 -145 120 -47 93 66 154 13 -66 171 -163 -77 130 -26 -199 -227 193 -75 -93 129 -138 45 -148 -213 -198 -11 177 -88 -42 245 223 9 168 146 101 56 -105 -59 220 -185 -120 224 174 -125 -46 -170 153 
TEST 87 ARG:12 -36 248 242 -113 -52 -117 -22 129 -77 -142 154 -85 0 -166 -9 -8 -100 162 156 -115 197 89 218 56 124 -98 53 26 -209 78 -156 230 182 -222 -135 -163 -7 -48 199 97 -91 -74 -235 123 -181 116 28 -107 117 -42 192 -47 -58 -138 87 82 -24 -121 63 -194 -112 -15 240 216 -228 207 96 118 57 121 37 95 -64 -230 -84 -177 -55 51 188 45 184 157 144 -219 -224 90 -70 107 -103 146 -158 135 152 60 -198 -109 31 -116 -124 161 -242 -144 244 111 -16 79 54 -51 65 191 -97 -164 -152 -134 246 -175 -237 -120 108 -170 -57 -244 -247 -10 -207 38 -86 -218 23 232 -76 55 -108 173 68 34 243 114 -172 -206 -179 -136 103 -143 -137 151 86 59 -221 92 -110 147 -210 76 30 67 -94 -95 109 -246 -12 211 5 -126 -160 214 164 -63 158 -69 -14 -212 43 -165 -167 -93 148 -87 40 64 -92 202 139 -149 -88 -250 -71 208 -231 140 73 102 120 27 -180 -162 -226 -150 -215 -131 236 -25 -68 50 39 -31 -216 -45 -233 83 -234 -213 -59 166 178 -65 200 105 176 100 80 19 -157 -145 -155 -23 219 153 -245 241 247 -241 127 -34 -105 -147 -243 70 -178 142 21 126 -173 167 -11 -171 -4 88 -33 -214 -1 -187 163 -21 -159 -79 -161 224 110 130 -139 112 -148 190 93 180 122 -141 131 -111 11 -72 -238 49 -193 177 210 -127 -75 -19 -35 15 171 -195 106 -176 13 -27 -41 1 170 -101 2 143 185 -223 215 138 -248 -26 17 91 -202 133 186 183 249 7 119 81 -229 14 -83 -211 58 137 134 52 233 69 -146 222 245 44 -66 32 -168 201 132 -43 -50 -37 -46 206 128 -106 213 175 -188 -151 239 225 169 94 -184 -185 -197 -3 -153 42 35 -56 203 6 -40 16 -182 -129 -81 75 29 -20 66 -236 -102 -99 168 -49 61 136 -38 113 -61 24 237 -82 -89 217 229 71 -208 99 -119 220 -60 -123 -217 -192 234 -122 187 -67 -13 98 41 -240 179 -249 -174 18 77 -199 172 195 84 -227 165 -133 8 -6 194 -80 -203 -62 -104 -5 -183 235 -29 125 -73 155 25 -44 -186 47 -140 -190 -17 115 -169 -132 3 -225 33 62 74 196 -28 -220 160 141 221 72 85 104 198 -205 4 -96 -191 226 238 -130 228 -114 223 -54 -239 145 -200 10 -154 -204 36 20 -30 -18 227 -78 -2 -39 -32 48 -118 -196 -189 46 -53 231 159 193 22 205 -90 150 212 174 -125 149 181 -128 204 -232 101 209 189 -201 9 
TEST 88 ARG:-39 -45 116 46 60 153 -217 174 -227 -26 -182 -15 -223 -186 49 -110 111 39 163 -103 -181 -125 -221 140 214 169 -9 132 77 -135 -108 79 224 -124 -91 -243 -22 16 151 237 50 -31 195 171 154 32 -236 212 54 -205 -28 92 -119 134 216 124 -50 30 6 115 64 -222 190 94 -4 -62 37 -94 81 109 -189 -24 -211 -167 -80 103 -17 207 -38 240 156 223 -71 -118 177 -198 209 -66 -60 93 130 183 181 63 -180 44 227 196 191 -155 -89 -177 180 -190 233 -207 249 248 -107 -248 246 -106 42 -229 -74 160 -197 119 87 58 138 210 -142 -191 -240 -163 40 -203 199 -199 -218 -86 -100 145 112 -79 -12 -242 -141 102 -139 165 34 -151 -183 -232 -68 -98 -157 -170 -201 -171 -83 106 -51 69 66 -147 -179 231 -6 204 -21 -165 76 13 217 101 -150 122 -134 229 28 -204 -10 144 -164 113 -213 -59 228 84 -1 -99 -46 104 -90 -34 206 59 108 158 -174 96 166 -249 241 200 -138 -132 80 -234 -228 -75 -76 55 150 -209 -58 53 97 -145 72 67 114 29 3 143 -13 -160 -196 221 8 65 147 38 -65 86 226 24 -5 -128 161 -239 -42 -63 -146 -11 82 -23 162 -67 222 -116 19 215 56 -121 -126 213 1 -102 -122 175 -47 188 -159 -149 129 172 52 -95 -18 142 -105 -233 74 89 201 -35 187 21 -96 26 71 -54 -37 -235 35 164 -69 -195 141 219 176 -97 -200 -61 -93 118 159 245 61 -184 194 -25 -129 -130 -113 235 -33 -84 107 148 185 -215 -81 -92 167 5 125 -70 -48 99 -143 14 -19 120 -226 -219 -178 -88 10 -7 -8 -112 -152 -114 -166 -168 137 197 15 -55 -104 -101 45 -41 -202 100 152 98 -57 -2 193 95 -43 -44 110 236 -16 135 -246 133 -56 4 170 -111 -172 230 -87 173 31 211 -156 218 234 25 -193 -133 36 -52 22 88 157 -212 -20 182 -115 -154 -117 51 -148 -85 -14 168 12 -49 -82 -194 -36 -32 178 -192 220 73 20 -77 243 136 -123 -29 -64 -78 -153 -53 85 41 -3 -214 -136 -250 202 149 -208 126 47 2 184 33 203 48 208 -176 -161 -27 186 -210 68 -225 -231 -224 0 -238 -175 -131 27 -241 -230 146 247 -220 -109 -144 232 70 83 -216 127 -245 91 18 43 128 -30 23 -187 198 -73 78 139 155 9 11 -158 -127 192 -140 57 131 189 75 17 225 117 -162 238 239 -247 105 7 -120 -40 179 -188 -185 90 -244 -173 -137 62 242 123 121 244 205 -206 -72 -169 -237 
TEST 89 ARG:171 -122 -62 -86 201 68 -148 -245 -217 185 -215 -15 -50 -37 -4 94 72 -56 -84 16 -48 213 -17 -18 163 -25 176 -195 -28 -140 194 93 -88 137 65 -202 -93 9 188 -165 -181 89 237 -167 144 19 211 -91 -198 -104 -46 -200 -34 177 122 -82 175 47 -68 -119 -45 182 180 225 -170 -131 121 -115 184 152 -168 192 -107 -138 17 79 -237 165 187 12 136 82 31 56 -100 -112 -193 -227 33 20 -247 -143 -7 -186 87 -116 120 147 160 -250 -191 -129 101 -66 239 208 -106 8 140 212 129 -49 -146 -114 -249 -64 108 179 -180 -158 78 107 229 164 -110 75 37 -144 -42 119 104 191 1 222 -211 -40 143 209 44 -172 -152 -98 226 -30 71 135 7 103 217 246 -179 197 -113 170 99 84 248 -1 -161 -204 -147 -233 149 26 34 22 50 106 113 -85 -189 117 102 -3 -51 -20 127 -19 228 199 114 10 6 -78 95 105 -197 -153 18 134 150 -8 243 245 -67 223 131 -128 202 29 -239 238 230 66 -166 227 -178 -94 35 -96 96 100 148 203 -22 11 -226 90 142 162 -235 -11 161 24 145 166 221 -190 -103 -196 -187 70 -44 -209 0 -36 151 123 -228 -149 -125 27 231 48 43 -76 -53 153 -23 -99 -194 -173 -232 112 67 196 -145 -201 189 -135 181 -39 156 -43 220 -111 -70 -74 233 158 115 218 -24 -176 -13 -57 -238 155 -75 -5 -182 52 125 -29 38 80 -164 -141 -242 -223 -203 97 -183 21 36 2 -123 -52 -225 -130 32 -188 -61 41 -169 -97 124 64 -133 -92 219 57 -14 198 -31 168 23 -208 -151 -216 249 45 -231 13 216 59 -26 -207 -184 -90 -219 30 -60 -102 -160 -73 139 -54 -236 -124 -27 40 58 215 -205 91 224 -83 118 3 138 5 -157 -120 61 -159 -175 -134 157 169 -229 -246 -126 206 -9 -156 -192 -81 63 -118 55 126 69 -214 130 -199 242 49 -12 74 200 207 46 -105 116 -33 60 -77 -89 53 -213 -41 -136 128 193 -244 -154 -177 178 -95 77 -171 214 173 -63 -80 4 -221 -121 190 195 205 -212 -243 -162 76 232 -69 -137 244 -150 39 174 -35 14 -59 146 132 83 -174 -55 -108 247 172 183 -139 204 110 86 -101 -71 154 -240 210 133 -234 -47 81 -210 109 92 -132 -142 15 -58 235 25 -224 159 -109 -163 -10 -16 -218 241 51 98 -155 -117 111 240 28 42 -6 -127 85 186 234 -206 141 -21 73 -220 -87 -2 -248 -222 88 -185 -72 -241 -230 -32 54 -38 -79 236 -65 167 62 
TEST 90 ARG:71 141 -97 247 112 -19 -47 -70 45 157 -217 -196 -1 -127 -117 -41 123 -99 -111 -98 -138 168 106 109 -142 -213 -197 -94 19 227 14 167 -13 -246 23 -55 75 -68 171 65 220 25 212 -44 -229 152 -162 86 18 3 77 114 -76 10 -60 -171 5 236 -177 -244 -74 -137 73 87 -88 151 -134 -65 -11 0 -16 182 36 -164 24 133 -192 -218 1 194 140 40 -48 179 -40 216 44 -8 218 -219 -185 176 -84 66 209 -58 -202 197 107 127 -149 -12 105 -189 68 177 -35 -24 169 -112 -34 -180 84 191 -119 -73 225 34 219 -108 159 -170 -21 -150 -183 69 42 -212 38 192 46 92 -233 228 -209 -206 -103 -243 -128 136 -204 -172 -198 -166 33 -79 -3 -28 -4 213 230 211 61 82 -174 -236 -178 -14 59 -54 78 -239 -176 -109 131 20 -124 119 -231 155 -17 142 -57 -63 184 -93 -240 -163 -181 -85 -208 -140 37 -102 -95 174 189 13 85 173 55 -186 244 6 -86 -82 -235 -67 -62 53 144 229 11 122 -155 -114 -190 -115 231 161 88 143 57 -31 172 -100 -169 -211 91 101 -66 -242 -42 62 130 -77 58 -91 64 117 -90 27 224 -30 205 188 -53 102 121 48 222 149 47 -245 -107 195 217 -101 221 52 -216 -56 -175 17 -113 15 146 235 214 158 215 95 -248 -153 70 198 -83 -80 -52 -105 93 -78 183 16 -201 129 -61 206 4 -46 208 -187 -151 113 -6 -143 -9 -116 135 126 -18 115 -106 -167 -122 8 -27 -37 148 103 -5 -194 166 50 245 9 49 145 -154 80 -135 81 -20 43 249 -222 74 99 -227 -45 132 -120 -81 -50 -22 -200 -75 -72 -2 207 -159 97 -148 90 -146 193 120 -158 -250 -71 -38 -132 51 153 202 -125 -182 -32 -141 -136 -156 89 137 199 -126 12 7 139 196 226 246 -26 -118 31 154 -238 -33 243 -23 29 -230 248 -232 39 56 165 83 124 -89 186 -36 -221 63 -49 240 116 21 -237 -173 134 79 -215 -157 -129 170 110 147 111 -179 35 -133 -228 234 26 -144 156 32 -121 -247 242 -130 -226 175 -96 28 -160 -69 187 -214 -152 239 -210 72 -29 -207 -15 162 -220 -87 -223 -234 232 -145 67 237 -10 -205 -195 160 210 -59 -224 -104 -225 238 -131 204 -110 -51 -168 201 -191 76 203 104 -188 -7 -64 108 98 -203 -147 190 -123 22 180 178 -165 163 185 164 138 -241 96 -43 150 233 -92 60 125 -161 -139 241 128 2 -193 100 -249 223 94 -184 30 41 54 200 -25 -39 118 181 -199 
TEST 91 ARG:-171 85 73 -150 139 53 -132 -91 163 -52 132 -187 84 -164 142 12 -35 113 -97 38 247 215 116 -66 -44 4 -26 -141 248 -208 -16 167 168 234 114 11 -211 -191 -192 191 -220 130 -163 107 122 189 205 -46 93 -143 162 -240 86 39 91 141 199 -203 -226 -130 105 -68 -159 -160 62 117 -57 1 -69 -17 -241 216 180 60 -40 174 -154 5 -75 -165 -77 -10 195 -89 -228 -183 -217 -212 -117 15 -178 -237 -24 66 43 221 -197 -122 54 -213 25 -207 82 -49 -32 -233 203 -25 172 -112 133 166 179 154 -81 -162 -205 99 103 -103 16 -108 -224 185 18 17 -118 156 -42 170 58 -61 -1 187 -146 220 196 26 193 -88 231 -158 214 -39 -124 -189 -60 -48 -135 -209 -70 70 186 -210 200 61 -148 -151 -126 -63 138 -129 -144 -98 -229 8 7 13 -239 35 -246 92 237 204 211 28 -50 143 -125 -34 120 -87 118 96 230 -101 -250 -214 -184 -99 155 146 -74 47 -38 188 226 -131 -176 104 -133 165 151 -23 -106 -173 -196 -248 -206 -182 -109 242 -28 21 -199 222 -7 -73 -94 241 -186 3 227 134 -4 88 194 164 192 209 -225 -119 -47 178 34 140 29 -92 -90 -54 -188 -236 10 131 -53 176 169 -11 -238 -120 71 -247 -200 -9 45 182 171 147 150 -153 -157 153 175 -155 190 -232 98 -30 106 89 -22 110 -71 59 -33 -110 -86 32 -116 -51 136 148 213 -19 49 124 207 -72 198 -113 -27 -96 55 33 -80 -137 -37 -85 -245 94 -249 0 173 -36 219 97 137 238 -142 -56 -83 44 42 -104 -234 197 83 -18 2 202 37 144 -185 -181 111 -136 77 225 31 48 14 115 -161 -31 -2 109 23 90 22 -244 -20 232 152 -168 -15 -127 95 210 -45 159 6 9 -128 -166 -170 121 -93 -216 -102 -235 -12 79 -230 19 -242 -107 -115 -204 -156 161 135 -140 149 -221 -84 -201 177 -67 129 -13 -5 -223 -100 -179 -198 -62 -145 -43 -149 181 -139 56 -114 40 145 -105 46 217 201 212 235 184 -194 243 -190 -64 63 101 -82 72 239 -169 80 74 -147 223 100 52 218 -111 78 -121 -123 160 30 24 -175 183 68 87 240 -76 41 249 20 -58 -218 -134 236 112 246 -21 -193 125 -167 -172 -202 -79 -138 128 208 229 -222 -6 157 64 51 69 -177 123 228 -14 244 108 245 -55 158 75 50 -215 -3 -231 119 -59 -29 57 -8 67 127 81 76 -195 65 27 36 -65 224 233 -95 -174 126 -152 -243 -227 -78 -180 -41 -219 102 206 
TEST 92 ARG:63 -247 171 85 -26 124 141 60 -113 126 86 194 -235 -38 -145 -5 30 242 -9 99 159 -115 27 -1 -30 -153 26 142 92 36 32 48 72 -71 204 8 -211 163 -194 183 28 -95 -236 -178 -14 101 -22 -20 190 -128 -225 221 -56 -118 -120 90 -240 120 -96 -220 -242 -166 -232 -250 197 -86 158 154 35 191 61 237 -57 -3 -91 -67 44 209 45 215 -231 122 -182 -75 38 192 -221 -129 222 -116 17 -84 13 -89 -191 -104 -41 127 -215 145 -205 -108 131 -150 71 -83 111 52 37 -34 -147 153 -241 -187 -39 226 115 175 82 139 55 166 93 -65 109 53 -36 80 40 -238 225 -192 146 -202 11 74 220 198 47 -193 -18 -111 228 2 -106 51 -54 227 179 -170 -74 -159 181 185 177 108 -93 -105 -52 151 112 -212 23 58 129 96 233 69 -62 -8 224 -249 241 -163 -244 -44 98 7 246 33 -208 -144 31 -4 -126 -7 -180 -156 70 -27 -109 -47 -64 -16 12 -121 62 -48 121 46 -127 118 182 -97 -19 135 234 -110 -200 184 24 130 10 223 -80 -140 152 -45 -124 -209 -10 148 188 164 -112 216 -152 -43 73 57 -6 -206 230 149 -164 -204 50 -119 -69 39 176 213 -100 67 -102 -214 -198 116 102 170 -196 238 133 187 -174 -228 113 196 -162 -78 -167 193 -134 16 -183 -184 195 88 -142 -177 -61 207 200 210 -154 -219 105 104 64 125 -137 -218 89 42 239 -160 -230 -158 94 -207 -135 -60 201 -125 172 -186 -149 134 -63 -175 -227 -82 21 -201 -165 19 173 -122 77 -23 9 -141 -213 231 -73 248 211 -199 245 25 156 -233 203 -55 1 -15 -81 119 -98 -179 -85 123 -173 103 -210 106 49 -70 15 56 -114 79 81 -176 162 -25 34 186 91 68 107 14 199 -50 -148 174 -101 -133 128 136 -87 65 132 155 -143 189 -12 138 95 -40 -53 -157 140 -188 147 -216 244 -168 202 -17 178 -68 -203 -49 -161 229 -195 -29 -224 75 247 4 -130 66 20 -222 0 -139 -24 -35 -223 3 -239 -226 -136 205 -107 232 78 -155 -72 -151 -88 -94 76 143 83 -103 -13 249 168 218 -77 -46 18 -117 157 -181 -59 -123 -32 161 41 -190 -243 -217 22 29 -138 110 236 -92 -237 5 114 -234 43 217 -246 -169 -33 -172 -229 219 117 -2 100 6 -58 -132 212 -245 208 150 -66 -42 -185 160 -131 144 -76 87 167 -21 -90 54 -31 240 165 -79 59 -248 -37 -51 -146 235 -197 -99 97 -11 243 -171 169 137 206 180 -189 84 214 -28 
TEST 93 ARG:16 -128 -46 98 -28 2 204 -217 -35 158 -203 -135 -17 96 79 -154 -216 41 -85 -159 114 -230 -101 167 93 -8 -114 223 -14 137 -68 -152 60 -75 -36 208 -10 -116 -143 -113 -96 201 -164 181 -183 -5 -153 -106 134 7 -249 -105 -142 212 -78 -16 -150 94 105 3 -86 -4 171 74 47 -55 193 -139 185 -138 -167 -132 19 -189 87 -171 -224 -243 -45 159 8 121 25 -194 73 -11 146 10 11 226 -74 -125 -13 -208 -193 127 128 191 109 56 -147 61 -29 -49 238 -247 -82 43 77 32 49 220 211 -250 200 -44 102 62 142 -64 165 -40 65 -26 235 136 30 -176 153 133 -56 213 135 166 156 -43 -20 -158 -160 -39 -166 -140 83 -246 34 144 199 0 123 188 -148 -9 218 173 -6 203 180 -104 -136 15 243 -149 107 68 24 99 27 130 -66 -155 -241 63 -205 124 -236 89 86 45 -244 -209 222 228 -172 17 -73 -190 176 108 -144 33 -24 210 234 -175 46 -95 13 101 195 240 -223 151 160 -119 117 129 179 192 71 -215 -206 224 76 21 221 -21 90 216 154 232 22 131 -72 40 100 70 -169 249 237 -112 113 -226 -184 -69 82 162 -178 -63 -165 35 -173 -174 80 126 111 -161 4 -141 -130 168 239 50 29 48 -231 170 39 161 -22 -80 231 -117 197 -54 -58 110 -48 177 31 -118 190 -239 198 139 103 -92 -185 -134 9 92 -212 -221 -110 -47 157 20 5 -12 -195 18 -67 196 -115 -1 -103 141 -94 -19 -222 -124 -91 147 -23 125 118 -2 172 37 194 38 -207 69 -228 140 -99 219 75 -61 112 169 -131 -30 -213 227 53 -157 187 -83 23 -235 59 236 242 -168 -188 -127 -108 -62 -41 150 183 -210 207 -42 -201 42 -248 205 54 -59 -70 -97 230 -180 -38 -126 -102 182 248 233 -57 -182 67 28 84 184 247 -227 120 -200 229 -220 -32 -199 -211 95 -187 -204 215 209 58 -27 186 -25 -100 -232 -31 104 -90 -60 202 -238 -50 -245 -93 -179 -133 -15 145 115 -186 -170 14 97 78 -123 81 152 1 -181 -197 245 66 -225 189 -77 -88 178 -162 -52 -198 163 241 -237 -76 -33 -219 -87 6 88 149 116 246 -98 -84 91 -120 214 -53 64 217 12 -146 -65 174 -191 -3 -177 -121 -89 -7 122 -18 138 -109 -240 -37 206 -233 -51 -79 -192 -81 164 -34 -196 -151 175 36 -218 155 106 143 51 -122 -202 -214 -145 -242 44 225 85 -163 26 132 -234 57 -71 119 -229 -107 -111 55 72 148 52 -137 -129 -156 244 
TEST 94 ARG:5 79 205 158 -11 36 135 73 238 -53 196 164 186 123 -119 -171 -183 210 7 -16 35 126 -13 240 -138 152 -134 130 241 -61 239 160 -140 -216 -175 -202 -46 -7 -81 167 162 -94 229 84 -243 6 -165 13 29 120 -28 134 -176 -79 216 24 128 -72 86 139 -4 -78 52 -56 -44 -103 -222 87 -128 -195 163 127 69 34 156 -205 -3 -130 132 133 3 -30 -89 176 85 -109 117 233 -118 172 -158 243 51 -170 -157 185 -15 64 17 136 82 -113 -115 237 -142 -172 -26 146 231 -124 -234 -39 108 222 194 183 109 -137 -25 -88 207 -114 -223 90 30 -52 211 188 57 61 213 -32 -148 -146 -227 44 -42 -210 -110 224 -21 -111 214 221 21 63 -48 192 -200 16 70 -107 68 -121 75 -174 -71 40 202 -66 107 189 110 -54 15 -236 -156 -90 98 -8 115 171 125 -190 49 -98 -250 80 232 -149 20 -51 -5 74 -237 159 206 -65 2 -191 -199 -240 -162 -59 -242 116 203 71 -91 106 33 22 32 226 -144 -185 180 -22 -120 -168 -10 148 12 113 37 62 170 182 147 195 67 -198 78 -45 23 19 -23 181 1 118 218 193 -101 -154 -218 -83 89 169 140 -62 175 99 -40 10 -159 -12 -224 -169 157 131 -123 -153 -93 -132 219 208 -151 -193 9 197 65 -70 -150 88 212 -204 234 200 -178 -100 -214 -47 -232 209 -217 -55 47 -82 45 -2 227 -245 -112 -231 -125 38 -97 4 -38 144 -196 -235 137 97 -60 246 83 56 96 -117 155 -229 112 177 11 94 53 -225 -34 223 -136 -164 92 59 -87 114 -96 235 220 28 -133 14 201 153 54 100 -233 122 104 -105 -145 119 -68 111 225 -9 -228 -213 -29 -99 43 -102 -86 -177 228 236 168 -1 -43 -197 -76 -247 154 -106 215 26 -18 -41 124 -122 -50 -226 -139 -184 -116 244 -203 -182 -207 191 -64 39 -179 -74 242 -6 -19 -27 93 -77 141 91 105 143 198 8 -181 245 50 121 149 77 -147 178 -208 129 -37 -239 -36 81 -187 166 42 -186 103 -92 -35 -219 -206 -180 -211 0 150 55 58 -201 -126 102 204 -75 190 -20 -24 -248 -108 184 174 -221 -238 -14 165 173 -131 161 -194 48 -63 -161 -73 -167 -241 72 76 -85 60 18 -135 179 -143 142 -209 -58 -188 -163 -220 -192 101 25 217 -249 -57 -127 66 -49 249 -69 -67 -129 -17 -246 -244 248 46 230 -212 27 199 -84 -166 -230 -189 -31 41 -80 95 -160 -155 -104 247 -95 -152 -33 -141 -215 31 187 138 -173 145 151 
TEST 95 ARG:-157 234 2 -84 -249 -166 -136 -121 -77 193 -59 149 205 87 82 150 46 -236 195 -13 -14 -131 112 68 130 56 217 128 94 33 -87 86 157 5 16 -159 160 179 -203 11 76 65 113 -49 97 23 235 -170 -143 241 73 -81 246 239 -108 -233 -137 28 15 -118 -55 110 -92 143 -244 -175 181 243 -30 222 -124 45 -152 187 -135 -32 -242 -57 -44 219 182 -94 -146 -216 -230 237 -163 178 224 -179 -78 -134 -114 123 139 -148 -76 77 -12 10 85 -34 -198 -168 -104 -70 169 -16 215 47 30 -110 -91 -186 -213 -109 6 -2 25 -79 118 -8 18 -154 -38 -227 19 44 214 155 31 227 192 -122 232 -100 -180 -139 -158 208 137 207 -111 184 49 -228 -128 51 -11 -201 -3 -141 109 -41 95 -83 -46 -184 159 90 32 129 -39 -52 -212 119 162 216 -173 249 -191 26 -29 121 100 103 -15 -33 154 -187 -172 -72 -101 106 60 52 12 1 -151 -162 -45 -241 -223 144 131 225 156 -209 20 -231 204 8 211 -37 -21 40 -115 210 -247 229 140 70 248 -7 83 125 111 91 122 -202 203 -169 -27 -176 161 -218 218 202 24 -150 -65 -246 142 4 -5 17 -178 -10 39 -127 38 93 200 -133 -192 165 -197 201 141 153 -6 166 -47 101 -89 -221 -123 -165 -130 -185 -171 63 -235 244 220 -204 221 14 -71 71 171 -18 -211 -232 -62 -67 226 -53 -208 -160 -85 -69 -147 -238 -73 -20 170 64 -174 105 127 78 42 -54 54 -125 -145 -140 209 -219 13 21 185 242 -149 -206 37 -35 -96 -48 -75 -117 -51 -74 -22 -155 189 -82 -98 188 -19 62 158 167 -225 135 -93 -36 -138 104 -56 88 -60 146 -80 50 57 -243 72 -226 84 53 -164 116 74 245 -102 66 126 9 213 228 -63 186 -205 -200 -132 -144 7 -188 3 174 -28 -189 -106 -182 -156 -88 75 -31 -217 -9 -237 -43 29 -17 81 22 230 120 92 35 -90 -224 -126 -119 136 -112 99 59 107 -161 -120 164 -142 -113 -129 55 114 -181 247 198 -194 240 180 -222 -25 -107 -1 206 212 -245 -214 -177 -40 61 -103 34 124 175 -26 -234 152 69 -220 168 190 -167 191 -50 -64 96 -239 -61 196 48 36 -97 -68 108 -66 -4 132 145 -105 173 0 -23 -193 -195 -250 -42 -95 102 197 176 231 194 98 80 67 -215 223 -99 172 -196 148 27 133 -229 177 163 115 134 147 -210 -183 41 -116 236 -153 -240 117 151 43 -190 58 233 89 183 199 138 -86 -199 -207 238 -248 -24 79 -58 
TEST 96 ARG:-107 201 233 -94 54 -221 78 153 -74 156 -174 217 248 171 -171 -78 83 30 179 59 -173 89 87 197 232 -216 -65 -5 -91 -130 -229 185 132 100 -195 155 -187 -133 -87 -2 28 -184 -60 -28 56 -75 -6 -121 -203 -64 -125 9 -189 139 16 228 148 160 120 -194 -101 -23 -38 -225 -145 -77 -151 -73 29 34 109 144 -246 25 235 -19 -249 -85 154 -68 169 -162 -48 -215 151 -100 -237 94 -21 107 -201 -157 218 -197 -11 180 214 111 11 142 134 31 52 21 19 -161 8 206 192 239 183 -144 195 -45 108 96 26 -115 -165 -204 -129 204 -240 127 -44 -92 -66 166 240 -176 215 110 -226 10 199 -228 230 140 69 -193 -43 104 -132 157 130 -224 145 46 188 -3 194 -178 -123 -200 -182 -172 -113 -26 159 57 92 -155 -219 -96 115 -52 -124 81 -69 -206 106 -30 238 95 -205 205 62 244 58 -42 -207 55 189 60 -238 -81 -62 -118 178 172 -179 196 -106 163 -135 -109 -20 -86 -4 -32 91 -93 242 67 135 80 138 162 -169 -244 -120 236 -104 -147 -185 186 -152 219 105 49 -248 181 -13 -18 170 101 -250 -25 -196 117 225 -105 -247 -35 213 -156 227 -202 12 -58 -29 72 -110 -63 243 -159 97 -212 98 42 200 -40 -190 147 221 -49 137 -234 22 193 -243 45 152 -9 65 14 50 71 2 -12 -90 -41 -54 -27 126 32 -14 -76 122 -31 -39 23 -138 198 164 158 -7 -84 15 61 149 -72 -227 44 -131 210 -153 237 -209 -140 190 176 -89 33 -119 -122 -114 -230 -180 -208 27 -141 -50 41 129 -218 -146 74 202 -235 4 118 -79 -231 48 -126 -15 82 39 -164 116 -210 -239 -117 63 86 35 -70 24 13 -198 1 -175 -83 -232 20 133 -220 182 36 229 226 -108 123 43 143 241 175 161 -142 -214 -112 -166 85 -191 119 -158 -57 174 112 231 -56 76 246 -36 -98 -17 -149 245 -170 18 -139 -82 -53 79 102 -192 -148 40 -8 216 -181 0 -211 -199 187 -97 73 38 222 -127 113 234 207 -160 -46 -71 99 121 208 165 -95 -16 -223 -177 249 247 70 -167 -137 -183 114 3 -168 -245 -22 -128 -217 -61 90 51 -136 167 125 88 211 -80 -24 -99 -59 103 -236 -1 -186 131 7 -51 -103 209 -134 64 93 -102 191 -222 -150 224 184 -37 -10 177 -111 5 -233 -33 173 84 66 168 68 136 -88 -143 -34 77 -67 128 6 75 141 -241 150 212 -163 203 -47 37 146 -242 -154 -188 17 47 53 -55 220 -213 -116 124 223 
TEST 97 ARG:-5 207 -214 -120 218 185 -27 -138 -189 -49 148 47 2 214 -155 -217 194 219 -122 -141 68 32 -61 37 -172 224 241 42 205 -234 -45 -124 234 -99 -47 -71 128 82 -151 9 -59 -238 -86 215 -130 -197 -31 -157 84 126 -213 110 212 46 50 61 -175 -6 -110 118 230 -46 -54 108 44 200 -84 -160 174 -12 243 40 -44 17 20 -223 41 -76 31 64 70 173 -33 121 202 122 206 159 34 76 86 130 143 -3 240 -204 150 158 225 87 -15 -183 3 176 167 49 -180 91 223 131 235 -102 -190 28 204 -131 -126 182 147 -244 -229 107 73 88 -135 112 10 244 168 124 165 27 -43 232 166 136 141 -132 -158 -185 -32 60 190 89 -115 184 0 135 127 161 -93 -74 -97 -173 198 98 -24 -192 -92 -60 242 4 -100 16 199 226 249 -10 189 48 -82 -75 -91 -79 111 -226 151 -210 -242 181 208 -137 6 -53 160 36 -170 -219 -80 7 -245 -147 -207 -25 -98 -17 133 -200 -220 -156 164 59 -38 -85 -232 90 -26 239 -20 105 -78 -4 -171 33 13 -206 236 1 23 172 -89 233 -121 62 -248 -148 -235 -153 102 152 -186 153 14 197 -83 -1 114 -101 137 210 -177 81 186 169 -11 238 -165 85 100 -96 -50 54 53 196 30 -212 138 129 -117 57 45 -193 -14 -164 -72 -181 -109 216 -127 63 -70 179 94 -174 125 -19 -41 -237 -228 -116 -195 18 157 -48 -231 103 134 -196 69 -249 247 221 149 -227 -199 51 180 15 11 71 -9 -140 115 209 140 227 -233 -51 -111 75 -198 -56 119 -105 -69 -77 -176 -211 -18 -90 29 -208 -218 -30 222 -34 -94 -149 -81 213 -225 113 -13 177 -222 -133 193 -87 72 8 183 163 24 -118 43 -104 39 -7 -144 -113 -106 195 -68 -246 116 -143 248 -178 74 -123 -52 -161 154 120 58 228 -159 192 -239 -188 -191 21 -62 144 67 246 -247 93 77 66 123 -128 22 -129 35 175 -66 -2 12 -22 106 -169 -201 -241 92 -39 187 97 19 -224 237 -146 -221 155 156 -35 80 231 -57 211 -182 -21 5 -139 -194 203 145 83 -107 -114 -28 -152 -112 -215 139 65 229 220 25 -168 -145 99 -108 -55 -88 -16 -216 -58 78 117 -95 -8 -202 -184 109 -65 -42 -67 52 101 201 191 -64 -187 -230 178 -240 -162 -167 26 217 -179 171 245 -205 -203 -29 -63 95 -250 -243 -23 142 -119 132 -40 55 56 -125 -73 -134 -150 162 146 96 79 104 188 -166 -163 -209 -136 -142 38 -37 -154 -36 -236 170 -103 
TEST 98 ARG:-112 -63 81 96 220 -135 225 -33 108 -43 141 40 62 110 239 199 -192 118 218 -242 32 200 -126 139 -27 -89 134 39 -25 41 204 -200 50 -139 -60 -74 -229 -133 227 31 15 -4 79 51 -11 -131 109 191 246 132 23 182 -69 -161 80 -196 -88 -141 223 -195 -153 137 -152 -38 -55 -241 30 210 235 -99 186 185 148 -67 -138 -32 -91 -61 -146 -176 245 -219 156 -20 -236 100 -194 -150 -110 -183 116 211 183 160 159 106 177 73 179 176 193 -125 -184 -29 111 -211 -104 -214 -197 -202 187 66 86 178 -167 -66 -118 173 142 164 95 -116 209 188 -85 58 237 -105 -249 37 -95 -216 -178 42 -39 -62 172 135 -154 -157 -73 17 247 -207 -82 129 98 -121 83 -26 19 -148 64 90 -5 130 240 -164 190 -120 -96 -180 -243 236 69 192 -149 -198 26 168 -124 -224 171 -3 101 -130 6 228 -108 -147 71 68 215 195 11 -127 175 -46 -237 -86 163 -223 -119 82 3 18 -36 -225 -248 -77 78 -172 -115 63 -137 -222 194 61 -212 207 -220 -245 158 76 -21 206 72 74 -232 249 201 -132 -15 -123 212 -246 -170 -6 161 13 -233 155 138 169 -218 97 -22 -160 -190 214 248 -159 -113 123 -98 125 -65 -19 157 59 -181 -193 -231 -199 213 -64 -102 -24 7 70 -7 93 -213 122 -12 -51 87 127 165 154 24 -230 -151 47 -92 -57 -134 -71 14 119 232 241 -122 56 149 114 -90 203 208 -52 -49 -221 -239 -203 113 -35 -54 -50 -48 53 -8 -206 226 147 75 89 65 -235 216 -79 -189 181 2 -58 5 -23 55 -129 146 -226 -186 85 143 221 205 107 150 230 0 -136 60 92 33 10 -145 20 29 -109 -10 -1 -2 -204 -208 128 -128 222 196 -70 -28 224 -42 105 197 -40 35 -97 34 136 102 -163 -80 -168 198 -217 -215 234 151 8 162 124 28 152 -227 120 43 133 189 25 -81 140 -191 -103 231 49 -9 -107 -75 180 -68 -234 229 -209 27 -30 -228 217 -240 -169 48 145 -143 174 -173 -165 233 -44 -78 -166 -16 4 -117 -76 -244 -182 184 -155 57 -34 202 -45 167 -14 144 -100 77 -101 21 38 44 115 46 -187 166 -56 117 -140 16 -37 -238 -31 244 104 -162 243 67 -93 36 -174 -47 -144 -185 94 -106 112 -247 103 153 131 242 -18 -188 -13 126 52 -83 219 91 -210 -250 -171 -111 -142 -72 -156 88 -175 121 -94 54 -41 238 -59 12 -201 22 84 -17 -53 -177 -84 170 99 9 1 45 -87 -179 -114 -158 -205 
TEST 99 ARG:-225 86 149 -2 117 244 -117 17 137 97 -177 5 116 -210 23 -220 119 87 -245 238 -94 -238 8 -115 -178 194 63 171 16 201 -99 -104 213 -246 209 -22 200 104 98 -96 43 90 -159 125 211 32 -18 -35 183 -219 25 145 -17 236 81 135 42 -235 -65 -143 113 118 -223 -141 245 38 188 176 147 -125 114 143 -103 -90 -197 131 -12 93 -224 -81 165 -222 220 -169 -39 173 -229 -49 -134 151 20 79 -52 -55 154 -179 133 -237 -152 242 -250 -155 -73 237 -241 228 -53 -57 193 67 216 229 144 158 219 22 -202 -199 -170 142 -190 -58 -48 190 -21 163 -207 172 49 -149 -150 -66 208 99 -60 -244 -79 35 -105 82 -157 -112 -160 89 -193 127 141 -72 -161 -196 -92 -154 -127 191 210 -194 88 70 105 -123 129 205 -85 39 155 -172 166 28 78 -88 60 -145 134 -62 -184 -135 112 -4 -195 -131 -248 100 -59 140 -129 -137 -34 -7 241 -201 -168 -38 -32 -231 -153 10 47 13 66 -43 11 160 101 -114 247 -175 -11 -122 175 -19 -176 -1 -10 37 177 52 -110 170 -101 34 -191 -102 -181 -9 -41 -183 64 -200 -3 -173 30 -109 130 -240 212 -95 -204 -167 -185 -27 180 249 146 62 115 233 -234 -205 -71 218 -189 58 -128 -78 110 132 -23 189 231 55 94 29 -61 -228 -227 85 192 -214 156 167 -25 33 168 -182 124 248 71 -236 41 72 102 44 -51 -171 157 103 179 225 150 -212 162 19 243 -138 -156 -89 -24 2 -111 224 0 -45 161 -29 12 -119 -163 223 -84 -239 217 -80 -208 15 182 -47 -165 26 53 187 3 195 69 -64 -249 -118 -46 -100 -203 106 -106 239 45 -162 197 -91 -44 -139 -206 -63 84 -36 -86 -151 51 199 -198 207 -120 48 -166 -77 246 -93 -233 -97 -217 234 -113 -82 235 59 -218 -174 174 56 -107 178 -5 -28 186 -140 169 96 -50 -146 -216 -116 95 -158 215 221 24 -74 232 -130 -186 -243 204 61 -221 -180 -211 40 -56 111 -121 -30 83 -192 184 -215 185 21 -83 -213 4 -126 65 68 77 -142 227 46 230 198 222 -68 240 92 74 14 27 -26 148 138 120 -54 153 -147 54 36 -76 18 -187 73 -188 -69 -20 -37 -31 -108 80 7 -40 6 152 -132 164 -124 -242 -87 76 109 -98 203 -148 128 91 122 -8 -6 159 214 -226 -67 121 -13 -133 -70 123 206 -136 107 57 9 108 -164 202 196 -144 -15 -230 -42 126 31 -75 139 136 -14 -247 50 226 -209 -232 -33 75 1 181 -16 
TEST 100 ARG:-242 106 183 -249 8 -196 -223 -13 141 133 15 -54 5 121 243 13 -59 -94 -167 83 90 51 132 248 -37 -26 -100 238 -38 107 20 76 234 -190 95 229 167 -44 152 -99 227 186 109 -92 47 -188 37 -198 -202 -169 23 -187 -166 45 -145 -34 188 -156 154 221 135 28 -97 69 -119 239 149 -184 -239 85 -61 -74 -117 33 173 -165 138 -148 -222 139 -36 86 177 18 92 117 -230 -123 -233 185 125 50 30 -1 48 102 -180 -20 79 -217 180 52 -204 134 -126 -64 -236 -62 -81 44 -175 -102 93 -63 182 10 -240 -164 -5 -21 184 -172 116 -197 80 209 -80 -193 174 166 204 115 208 -47 104 118 -75 -207 -39 155 -50 -159 -210 232 -89 112 53 245 -58 -114 -28 34 -103 -205 2 -173 71 -177 228 165 194 -141 140 123 -11 196 36 -25 84 -176 146 55 78 -30 21 191 -234 -77 -238 162 129 9 -118 87 217 11 73 -162 200 -40 -52 -220 41 193 -138 -129 247 -152 144 119 -85 -87 -170 39 170 -109 -135 -219 -4 -232 242 205 -131 -67 29 66 197 153 187 207 -110 -250 240 -70 -171 233 -127 -79 128 203 -49 -153 -8 215 241 160 210 -45 220 57 -144 -27 190 -53 137 -245 -160 -168 -71 26 -125 -174 -130 230 -16 -140 -46 219 151 158 -96 -192 -221 -90 94 22 -72 -201 -107 -227 38 -111 19 40 70 -43 -32 -231 235 91 32 -12 -146 101 -203 111 -209 126 17 49 -116 -147 -69 -51 -157 7 108 -3 211 -241 -213 24 -104 110 89 -216 -182 74 143 -224 -247 -248 27 -6 -22 189 -237 61 -161 181 0 -228 -42 -9 -2 62 237 88 202 -133 43 99 136 -18 127 1 -179 222 -218 150 -225 77 -183 -48 72 -215 206 -154 147 -56 -151 216 -31 -108 -14 -106 172 195 -246 -113 -178 -10 223 -124 -139 25 -57 164 -181 168 226 -155 -195 -33 120 -244 130 54 -91 -136 159 -134 192 -191 -185 113 -35 65 161 103 97 218 -17 175 6 169 60 148 114 67 100 198 105 -186 -84 249 -101 163 56 214 156 -163 -200 -137 212 224 -83 -132 -82 35 131 -122 -121 -158 -98 -55 12 4 -76 -112 -208 -66 42 81 98 236 -88 176 3 231 -60 -68 -214 -105 244 246 -73 58 -93 -206 -19 -15 16 14 -78 -95 -7 -143 -235 -229 -142 -128 82 -149 199 -120 -24 59 -41 171 124 157 -243 201 63 178 -194 -199 -115 31 -23 145 96 142 75 225 122 -226 -211 213 -86 46 -189 -150 -29 179 64 68 -65 -212 
TEST 101 ARG:-199 -51 -164 5 107 -6 -201 -237 72 40 -195 -96 -216 -220 -59 -13 -50 -232 103 162 188 -140 159 -43 16 130 -32 224 35 -221 -215 137 28 76 119 165 -129 118 104 8 90 48 246 71 -33 -2 247 124 223 46 -36 205 -183 -146 -150 -189 -123 -224 -125 -188 156 -134 -55 170 -176 113 17 141 -75 -247 221 139 174 108 -5 105 242 -246 30 -157 47 31 133 -138 -39 -126 -7 91 183 106 142 -26 173 56 -219 160 96 -209 24 95 172 -244 -105 54 153 -235 -173 -85 -102 -156 -121 -68 -179 3 34 216 -100 -145 -132 180 13 -58 116 38 -166 -117 189 204 -230 78 218 -249 225 117 203 -108 2 157 10 -187 -101 53 77 58 -1 151 64 249 22 -231 232 51 -200 -236 -149 -80 220 -37 15 191 -196 -74 -155 -112 179 233 88 169 74 -128 -160 63 62 120 -22 14 -174 -24 25 214 -197 -71 -113 80 -186 184 -168 65 -135 152 196 -42 167 -60 -62 -159 70 -83 7 200 209 163 50 -25 101 129 60 36 -248 146 -106 237 132 186 235 213 -15 -193 231 21 122 -238 197 240 0 -136 -49 -103 -228 -222 82 -93 -78 -130 -56 128 -142 -177 -69 -172 -79 -202 138 230 45 202 -223 -23 110 69 248 123 -97 154 41 114 176 -239 -217 211 20 126 -20 -205 227 175 145 -198 93 -122 -137 -250 -35 42 115 -21 100 -17 99 -161 -19 -61 -245 -104 -206 194 212 -162 244 11 243 -65 238 234 -191 -229 -207 -4 143 131 32 -163 -76 -180 -11 207 -210 55 -94 -204 -54 -47 -203 -87 219 68 94 178 -67 -184 -98 -46 -116 187 18 144 182 222 23 75 87 -151 -131 -225 -233 -211 -89 158 89 228 59 -208 -38 -218 -212 150 109 245 -226 -72 -114 -119 -120 239 140 181 -144 193 241 4 -111 37 -167 -115 57 161 -181 -52 229 236 192 92 1 164 -141 -14 134 44 112 -40 9 -88 52 -182 102 79 33 -73 -118 85 -10 -185 -81 -240 -92 -165 -214 210 -53 -29 155 198 81 73 -143 84 -171 226 -242 201 147 -175 86 -18 -57 -234 177 97 206 -77 61 -34 6 -110 -8 166 -148 -48 26 -95 -82 43 -63 -170 -31 -64 171 -139 185 -27 148 -30 -213 -16 83 -127 208 -124 66 -9 -190 29 149 199 49 -86 -133 -109 -3 -178 -194 19 195 -241 -44 -243 121 -192 -158 136 127 -66 135 111 12 27 -107 217 215 -154 -147 125 98 39 -41 168 -152 -84 -12 190 -70 -90 -153 -99 -227 -91 -45 -169 -28 67 
TEST 102 ARG:-204 -196 -243 -4 178 -133 -211 -96 -33 -20 -139 150 58 -28 -194 23 -124 -218 -24 220 152 -191 149 201 67 27 202 55 159 -92 -145 177 -44 110 -179 88 169 218 -210 -100 -88 133 -209 -150 69 -77 85 119 125 176 -23 8 12 193 144 49 -158 -83 116 226 74 120 -49 95 157 1 -46 -41 -9 204 -212 46 -75 2 -173 206 196 -58 187 -136 -52 244 212 -19 -144 -8 233 179 -71 -102 156 -223 -220 -199 -176 59 -242 -62 153 -184 -59 -167 171 -1 -221 164 -146 -118 93 86 127 21 -164 236 -215 -148 211 83 -208 188 138 -152 -207 198 24 -90 53 106 154 -127 30 -140 213 -67 -11 -2 -122 -200 5 29 -47 -78 33 -132 -166 45 -42 -203 -237 140 245 -12 -15 -143 180 15 -188 11 -151 -125 -222 -205 -226 115 170 -156 216 225 -74 -168 -142 16 -135 -6 -36 122 -69 -165 184 -187 -250 64 121 38 -171 -57 -99 -93 96 -3 183 191 0 -214 10 182 -73 -109 62 240 40 80 -107 -64 160 -37 -227 -190 151 -147 -141 -154 137 -129 -89 134 57 -65 -56 -68 -249 43 -192 44 208 147 -72 -80 73 148 194 199 -181 113 47 230 13 -169 -18 237 -51 72 247 -85 -160 186 -30 19 25 -7 -79 108 -232 166 -121 -14 -219 -134 84 -34 87 -241 241 -116 200 -86 36 103 172 26 185 -103 -10 91 28 37 -185 209 210 -60 -63 234 214 242 20 136 205 -104 -48 -137 221 32 -161 195 -182 -229 232 -239 -115 -224 65 -43 -246 -230 -31 -216 162 54 -170 -91 111 60 -159 -234 -27 -217 161 118 238 -238 -138 -5 158 -244 -21 14 189 -110 173 -163 -61 130 -120 181 -231 -112 167 -247 -113 7 89 -149 -180 141 -84 6 -228 99 155 117 207 248 -245 -197 -155 107 -53 77 -198 4 63 52 -29 146 -38 192 -17 126 -66 203 143 -70 142 92 219 9 129 223 -54 -175 -25 68 -50 -193 165 231 70 -157 -248 222 -195 102 -45 41 97 79 114 -240 -76 -178 224 34 -172 35 -55 124 229 -117 18 51 109 50 -106 174 104 197 75 42 -35 78 -101 90 249 -236 76 -22 -40 71 -233 228 -186 131 66 -105 -126 22 -183 123 94 -206 -82 -174 -13 -95 -177 100 17 239 -123 -87 -128 -119 217 -98 215 -16 -213 -225 -235 235 163 135 -26 61 31 246 -81 168 -153 -39 128 -108 145 190 -131 -162 -114 175 132 243 48 56 -111 -130 139 112 -32 227 81 -202 82 39 3 101 98 -97 -94 105 -201 -189 
TEST 103 ARG:-204 85 134 -242 229 -111 230 -219 -175 54 202 112 61 113 -200 -25 41 42 44 155 -149 -65 -15 177 124 -49 -217 167 83 -174 -128 162 -80 -169 46 168 243 -119 110 171 88 -27 66 111 86 196 5 -19 -124 212 150 7 84 125 -87 -229 232 16 -158 -192 151 -104 120 -67 -31 -134 -165 60 43 224 -103 148 -6 -38 154 192 70 -223 -16 -166 -77 9 -236 -120 -193 15 -100 21 136 -59 215 -228 -212 204 -95 -102 163 -28 65 -118 -208 -79 -30 -57 166 206 245 78 -201 -209 -196 -35 -138 -126 -171 -72 -140 -60 58 -70 18 -23 -176 72 -203 -74 186 241 214 -230 12 48 -8 223 14 -41 121 -226 -167 181 45 -220 194 137 218 28 -2 89 55 -50 -42 75 91 93 36 193 19 57 -39 157 -194 131 169 -91 -73 -198 234 173 249 67 -112 -78 -177 96 -53 -178 98 126 -21 -141 -14 -172 -58 -157 56 -93 -235 219 141 -227 -84 -161 -222 -180 174 -4 -90 -170 159 147 30 90 -129 -244 -232 92 201 185 -52 -187 116 122 4 101 -210 23 -83 149 133 -239 -195 -144 -48 170 -184 118 99 135 40 152 237 -225 -133 52 108 -143 -75 -17 -247 210 31 209 213 97 73 95 71 -55 -151 -24 247 -154 -122 242 -85 156 -36 -20 -89 27 6 80 -22 -62 -145 -9 153 63 -136 -146 -250 3 211 -109 -152 114 195 -137 -164 -162 -231 -5 128 217 34 79 -121 -168 246 81 -114 233 -125 82 102 26 -160 119 -69 39 -106 -215 138 164 142 25 -18 -123 64 -117 205 -116 107 228 -156 203 -7 -101 -26 100 -97 222 184 68 132 127 24 -213 -139 239 180 0 226 13 221 33 59 -189 -37 197 187 248 -94 146 -115 53 -113 87 -214 -249 103 -29 -243 51 231 220 115 -218 -153 94 -199 -190 47 -206 49 17 -11 62 -237 -246 225 -173 -96 -99 -179 11 238 -216 -10 109 -205 -224 -3 129 29 20 77 -107 -1 2 -32 -241 -63 179 189 -61 176 140 -64 -108 -12 183 -86 1 208 105 -132 -88 191 -147 123 -221 178 -240 37 117 -182 -76 240 32 -245 -142 -105 -234 -135 160 -150 244 139 -110 -181 10 22 38 -131 -43 106 182 -130 143 -148 -155 69 -197 -211 144 -159 -13 -44 -207 -40 -185 -51 -71 -233 158 -183 -98 -127 188 -56 207 104 -46 227 190 -47 130 -45 172 235 200 -68 165 -82 -66 -33 -202 -163 236 175 76 -54 50 -81 199 -191 -186 -238 -188 74 -248 161 216 35 -34 198 -92 145 8 
TEST 104 ARG:40 -180 23 -164 29 77 -236 -38 222 -84 1 175 142 54 -106 226 161 174 -113 -136 -159 -176 90 195 -7 -238 68 48 -141 -68 203 -158 -108 -200 -36 -73 -172 -21 -154 -33 -70 225 162 233 -61 -139 -91 -72 241 141 -27 -210 -5 97 140 -166 -82 -151 -92 -23 -173 79 198 39 37 98 84 101 -50 186 4 179 35 33 238 6 -237 -10 -205 -48 8 -199 12 -100 22 -244 -170 173 -235 -87 201 221 -20 158 137 53 130 -185 176 149 66 -229 151 -18 111 89 -181 150 28 117 -107 -117 -94 -190 -232 -216 -79 75 42 -227 133 -56 10 -125 -99 -123 27 -25 -242 -47 -248 -129 -122 135 212 -162 -46 -15 80 -105 -231 -137 205 188 -12 -120 157 -115 159 115 -42 240 165 -192 16 19 3 191 123 218 88 -83 -41 -96 217 -95 102 164 223 -131 21 -228 9 107 -30 189 100 -11 214 93 -196 57 -43 139 108 239 73 247 132 131 -110 81 125 122 -177 -217 152 -135 -148 86 129 160 208 32 -39 134 202 -88 169 18 109 -22 246 199 -90 211 249 -116 67 99 -215 -127 206 25 -168 82 105 -193 -138 -55 31 -182 -249 69 -165 -175 15 -247 -44 -140 70 227 244 116 187 103 -128 154 119 -31 -29 91 -203 -146 -188 172 50 -76 -67 -19 -230 -52 -194 5 -209 -114 156 -218 -81 -62 170 219 45 190 95 -144 235 124 224 -17 36 59 -149 -69 -130 38 34 229 -213 163 85 243 -241 -197 167 178 44 51 248 -169 110 181 -78 120 30 -155 26 24 20 -63 -221 -103 -45 121 -226 -93 192 -64 112 -225 -189 62 209 -34 -4 -224 71 -3 230 171 216 168 -250 -1 215 -163 -184 213 -32 210 -121 -243 204 245 128 46 -124 58 -112 231 78 0 61 143 -198 13 -6 11 -223 177 -167 185 -16 -208 126 60 -171 -49 127 -147 41 138 -77 136 -160 -142 220 118 180 -191 106 104 146 -98 -85 145 87 -206 -71 -37 83 -134 -74 237 -143 -246 14 49 -2 -13 -245 -54 207 183 -65 -179 63 -211 -133 -240 155 -80 200 -219 196 -132 65 96 -153 17 52 166 228 94 -102 -24 -150 -204 -28 -195 -178 182 -220 232 -8 144 -212 74 194 -186 -214 -145 64 -161 -202 -58 -35 -156 148 -239 -187 -9 72 -66 197 -109 -119 242 -201 -51 -53 2 47 -222 55 -152 7 43 76 153 -86 -97 -26 -111 -75 -234 -207 -89 -118 -233 -14 -126 -60 -104 -40 234 147 -183 56 -59 114 193 -101 113 236 184 92 -174 -157 -57 
TEST 105 ARG:-142 -214 205 164 138 -22 -139 127 -40 58 -80 80 -25 190 206 -34 -28 -170 204 174 -62 134 53 200 -68 -195 248 -248 -99 243 -103 32 233 79 -240 24 185 -121 191 97 52 -64 -46 -129 -96 -55 -242 159 -205 107 -70 -20 74 156 151 -47 -24 60 108 -89 -83 98 49 201 -227 -187 -145 214 29 -69 -12 -203 -143 -135 142 -229 69 228 122 11 211 67 -49 244 -217 -191 161 78 -141 -241 -239 -136 -82 48 -5 87 15 -190 -153 10 93 192 165 -90 179 75 77 144 -56 193 -189 130 116 170 -108 51 -201 175 -86 -134 126 -37 139 218 -164 -132 210 59 -95 119 -137 147 40 12 -27 -4 221 42 -54 153 198 197 187 -172 -15 184 145 178 113 -188 215 -112 -178 -74 -224 55 -219 -45 -116 -186 -192 43 238 -32 217 -87 -60 -29 -126 -79 225 148 -180 -105 -100 202 137 -41 155 177 4 246 -130 212 86 -156 188 5 -165 -211 -208 110 99 117 -93 199 181 46 -176 18 45 146 152 44 -193 -150 88 -77 90 -30 25 -249 94 -199 -14 235 20 -118 66 -198 -232 -76 -10 -31 -53 141 173 -18 62 47 -144 -181 -152 -98 229 140 -168 118 -73 -75 -117 112 150 -16 -179 154 158 73 -237 -206 -204 -244 30 54 101 -35 -72 8 -119 -146 136 196 71 -220 38 -210 208 216 -226 -133 -104 65 63 -207 -148 -175 -6 194 -52 56 89 -1 160 166 245 19 149 242 -127 33 157 186 176 222 172 247 219 -228 -230 57 121 124 36 -196 -158 -113 -114 -185 167 -38 37 115 100 171 -223 -48 -174 -11 -200 104 183 -13 84 -21 -19 39 -3 -110 -166 232 241 223 162 129 -162 -44 23 227 -243 72 70 0 -140 -88 -173 -2 35 -194 -149 27 240 -128 -177 106 -218 -245 -215 2 -84 -66 -250 -97 -216 169 -33 -65 -8 -115 41 -151 231 -71 143 -247 125 -236 -160 -238 224 -43 91 -51 -212 68 -67 207 3 -234 13 -163 -154 120 -183 17 111 81 -213 102 -7 76 34 -91 103 16 220 109 -197 -167 50 -246 -182 236 -63 -9 6 -23 9 163 -157 -109 182 128 105 -106 64 -225 -159 133 234 -222 114 131 189 21 85 -122 -107 226 -155 92 -120 -58 82 135 132 180 -125 -111 -39 -85 -101 203 -102 -171 209 237 95 -59 -231 -169 239 230 -50 -235 -94 -123 -57 -147 28 -202 -61 -138 14 -209 31 -78 -92 -17 -161 195 -42 -26 -184 -81 249 7 22 -221 123 -124 61 83 213 26 1 -36 168 96 -233 -131 
TEST 106 ARG:244 -33 -5 166 115 -225 221 -138 -146 -86 39 99 -221 -134 12 79 -42 -93 -112 -100 19 122 -178 70 227 57 178 -200 -9 -205 97 86 234 205 207 247 -194 -81 -24 -94 83 175 118 -91 34 158 18 -233 -72 -34 91 223 3 -189 246 38 -104 -39 -218 121 -64 62 -111 173 100 -59 58 204 74 132 142 224 -210 -48 241 -232 41 76 152 243 104 -192 -92 -44 2 -197 42 -18 168 -168 -84 55 245 -223 -230 -83 93 -79 202 45 -144 -8 177 -82 -239 24 -16 -186 -202 -149 -36 -165 133 26 188 -237 -167 -208 -157 -99 -29 69 129 -106 -159 -20 21 56 -195 -250 -246 98 194 -248 -139 -89 -15 -190 108 119 109 -161 123 -176 27 -71 196 -244 -46 150 -122 -65 170 17 -164 -7 -196 216 -203 -193 90 -201 -185 52 -169 -235 154 -120 -107 148 -148 -45 176 54 37 75 -117 214 -129 28 114 210 33 144 -131 147 -116 -66 6 -17 200 145 47 213 8 -187 25 -153 235 -213 -182 -47 -211 78 -38 -140 -216 -171 77 -78 -28 53 -166 101 -113 233 -130 31 -163 -243 106 -54 -119 -102 155 -110 84 59 -212 92 -75 211 88 186 -141 -55 -160 -32 203 -155 -121 36 -76 232 140 236 80 -62 240 -151 -124 180 239 -238 -206 -158 -226 -215 -156 208 222 189 1 64 -40 -22 7 -229 -87 136 -154 -63 -74 82 126 -150 -188 -61 -118 -177 238 -21 -41 -135 103 -183 11 -58 -204 -31 209 195 71 -12 60 68 81 117 192 220 -209 -43 20 226 96 124 162 -57 -184 -1 94 102 111 44 -132 -136 172 130 -3 -199 229 -224 14 9 0 193 35 191 219 -126 87 -143 156 -115 -37 -220 -191 -85 -56 -152 -108 206 -227 127 -26 -127 -219 107 -109 -101 -147 -14 4 -214 -96 137 15 187 153 230 -242 217 10 120 -10 -51 73 -234 228 -69 -217 -125 -222 -2 143 63 65 190 -30 13 -247 -175 30 -80 125 -53 -35 113 215 -245 61 -97 151 -123 -60 -23 141 237 -52 184 43 -179 -98 -240 -173 -11 201 164 160 72 16 231 181 -128 46 -67 -241 29 -142 -88 -236 51 22 -70 40 -73 161 197 198 95 185 -133 248 -137 225 131 -105 135 128 49 -25 -95 169 249 149 48 66 -68 -103 167 -180 -77 165 -6 5 -231 183 174 89 157 67 -162 199 -207 146 179 -114 -174 218 50 -249 -90 32 110 -170 -27 85 -13 159 -198 23 138 134 105 -145 -50 116 163 212 -181 -19 242 -172 182 139 -49 112 -228 -4 171 
TEST 107 ARG:111 138 187 79 -208 -102 168 17 48 37 -148 -80 125 50 161 -117 -153 22 63 167 100 191 -112 82 -136 -56 47 177 209 -237 122 130 99 237 -9 112 56 80 -133 -233 214 -196 218 -180 -12 41 -115 12 115 60 -228 136 225 53 -70 204 -73 166 92 88 -57 -69 44 24 -160 10 -175 -32 -20 -212 -134 -128 77 58 -159 240 -119 -244 -188 233 31 98 -13 103 176 227 -23 3 -21 128 -156 -19 -8 228 -191 134 97 2 1 40 -239 75 -199 -161 146 131 -231 -235 -25 74 192 -190 226 30 186 -227 -224 229 -215 51 -120 -195 71 5 174 126 173 -86 119 189 -137 32 -223 -72 245 -192 -163 -242 -11 -5 -95 -108 -145 137 -4 -58 105 184 93 165 -197 76 -176 -1 -41 78 27 -132 132 133 69 38 45 -234 46 -187 -232 -15 61 139 -151 120 9 -183 -219 -220 208 182 -147 91 159 207 -14 -203 -111 42 -155 -33 16 -179 -60 -205 -172 -135 -249 205 157 -24 243 -90 19 -114 114 -48 -198 -118 217 223 244 -124 143 160 -17 -2 23 -35 185 -71 150 -213 118 -171 14 -62 96 -162 220 -141 -123 -109 169 249 -130 215 231 -164 202 -127 141 232 -236 -122 -193 -28 203 222 246 -87 178 -206 11 -150 179 239 -225 201 28 64 -105 33 -53 -216 35 238 59 -202 -61 -143 -40 66 -34 -139 199 142 -138 39 94 219 -221 -240 89 65 106 194 124 54 -16 -174 200 -82 -84 212 -93 121 -31 -211 -169 -178 -30 21 -245 -63 -47 -177 -125 55 221 -126 72 -76 155 -113 25 52 62 86 -27 -168 -238 95 107 152 -116 -74 127 171 104 -154 123 188 -107 -79 101 -83 -104 162 -78 -144 181 8 -51 148 -185 13 34 135 -43 129 -106 -98 67 36 -230 43 -247 196 29 -173 163 -217 -204 170 149 158 172 -207 -189 -181 -96 241 -170 190 -81 116 236 -65 0 -241 -37 102 213 154 15 -229 -52 -26 -64 90 -248 -129 140 230 -166 198 -46 147 -18 113 -66 -140 -68 83 -194 206 -55 49 -88 -59 -42 234 -103 211 248 -222 57 -77 81 -67 175 -250 -210 -3 -131 -121 -146 -92 -10 -6 224 -85 109 6 -39 84 117 197 -54 -149 70 151 180 -243 -44 -22 -165 -214 68 -45 -38 -209 -182 26 -110 145 85 235 20 7 -29 73 195 -36 183 -184 87 -218 153 -101 110 -152 -89 210 -99 18 -100 -246 -167 -94 -7 -49 -75 144 -226 193 216 4 108 -201 164 -50 -158 -142 -200 -97 156 -157 247 -91 242 -186 
TEST 108 ARG:58 182 86 -165 210 -244 66 -37 70 207 215 25 -25 -176 106 -194 -107 -218 212 -12 -128 208 54 227 129 39 175 202 144 165 -66 -75 -152 205 122 170 -240 83 -199 110 26 -65 -200 -180 -97 85 185 138 89 -222 -18 234 -121 -127 109 -113 -205 120 162 200 133 67 -118 -24 19 31 27 152 -55 -34 179 -46 -70 -44 -41 7 104 231 -156 218 173 32 174 76 -62 181 -242 -56 42 -49 -229 -111 149 8 50 147 2 201 178 90 223 -51 -73 154 228 74 -99 6 217 -140 160 87 -87 -204 -155 206 18 146 -109 52 188 -67 -120 -207 -38 -106 -57 51 -91 -198 -141 132 45 -71 203 -195 -211 -123 148 -23 -48 105 222 241 -178 -243 -58 -170 -135 163 183 29 -33 171 134 -171 -126 -159 116 -112 141 -237 -129 247 -4 -227 156 -181 -98 97 -122 -148 -50 244 238 -79 235 245 11 34 73 35 166 -201 -236 -132 112 -114 -105 -68 125 -191 -248 236 -203 99 -93 216 199 -226 -174 -85 -206 9 -161 -166 -167 88 -27 -110 63 -150 124 -88 -116 -89 239 -124 -149 209 71 219 232 -77 111 101 -95 -11 30 115 -145 21 -14 187 -43 131 -188 229 -175 108 53 80 237 77 23 220 -32 211 -186 197 98 -192 -250 17 -214 -117 143 -84 -52 -158 -157 0 242 -217 150 -115 224 204 -3 -19 -108 -1 -136 -139 -189 79 48 -231 -179 -134 -160 -146 -53 -96 4 159 -219 -82 135 -21 167 -232 -131 240 127 142 -228 22 -153 -74 -30 -151 -216 -9 -246 -164 81 -94 -6 119 -163 75 -63 248 100 168 -239 -221 95 221 137 -29 -234 -35 140 -5 -42 3 -7 -16 -143 -90 130 -83 -212 176 -54 13 226 139 -168 -235 41 -225 -31 -119 -230 -183 55 -22 195 -86 20 -28 96 -223 172 102 5 -177 -210 186 -197 161 -241 -101 151 -80 -76 -238 -64 -169 59 -125 64 225 37 36 145 -147 -220 84 1 -208 -92 103 -102 15 107 -184 177 123 62 114 38 -100 230 155 94 47 193 -10 189 -154 92 -47 -138 -26 56 24 198 246 158 43 -60 57 -245 233 -78 190 126 -69 196 -20 82 -144 -182 249 -45 136 118 -104 44 -193 14 -233 68 -190 -187 10 -8 -61 -249 49 93 213 113 192 -103 184 -130 -172 121 91 -142 16 -196 -17 -2 -39 72 -40 -81 -72 214 -213 180 191 40 -215 61 -13 -137 194 78 157 169 128 12 -202 -185 60 -247 243 -209 -15 -173 -36 117 69 -224 28 65 -59 -133 46 153 164 -162 33 
TEST 109 ARG:212 225 -160 97 83 -229 128 -146 -169 -92 186 -178 -224 -32 126 146 -121 -239 -154 178 77 -22 -103 86 68 117 -102 -101 190 166 -48 -219 -214 -204 -73 -201 131 50 -153 -110 -115 66 27 -231 49 43 170 -163 59 -236 -172 58 125 -235 245 -174 -18 199 -197 61 98 -81 163 69 -37 -60 -2 204 35 67 -198 -53 52 -131 -165 -127 211 -42 -173 -16 149 116 247 -246 -119 3 -36 8 56 -143 14 -148 6 16 37 -85 79 22 228 -168 -250 -21 101 -54 -191 -205 -23 73 174 231 168 21 -83 232 179 -223 244 7 70 40 96 88 133 95 -228 -80 32 -30 -51 -100 -241 -19 217 -162 -130 -63 -195 -238 -129 -234 -96 -189 -170 -33 139 -140 -158 -144 26 1 106 -159 18 -98 -9 -72 -167 42 10 154 75 112 221 234 172 218 64 155 239 236 134 237 23 144 109 -210 240 -175 107 -243 -203 63 -10 159 -206 206 51 -225 -138 -97 25 205 224 -135 215 -152 80 -68 -84 135 -40 165 -132 -66 121 -111 -112 -76 36 -74 187 171 -221 12 235 226 46 11 -233 -13 119 -139 72 9 -44 141 -57 105 -94 196 -49 138 -56 -134 -207 -124 0 162 19 -64 74 197 47 -202 -185 191 -149 114 -147 -1 -15 189 -192 -176 55 201 180 54 202 137 -71 -209 -164 183 167 -181 213 -226 -77 227 243 -230 -59 185 -29 161 123 -171 111 194 198 -91 241 31 192 -184 -244 60 -69 -182 229 -136 195 207 -122 34 92 230 -11 181 -141 102 127 44 -70 -186 -27 100 156 -113 219 214 -156 -17 -79 -108 -183 94 132 -123 158 -55 -35 -43 -215 -99 -47 233 -61 71 145 48 -39 -126 -151 -212 169 45 -249 -25 38 -232 -179 152 220 -125 150 78 182 -4 -90 -237 -114 -196 248 91 -190 30 -26 -3 -222 -38 216 177 209 -247 -45 200 164 15 -75 5 -95 -93 87 -106 -58 -20 242 173 -211 -116 148 120 147 -142 -62 -145 -217 17 160 175 -194 81 -14 -6 210 -31 -52 90 39 -82 -7 188 -216 -161 -67 -120 193 -88 118 -242 -157 140 -24 -248 -104 -208 142 -218 -188 -41 57 153 -187 136 -200 -166 33 130 -133 208 -117 -65 62 4 -118 176 122 -89 -78 85 65 -107 -193 82 84 -155 -137 129 -86 -105 89 29 -8 -50 -177 115 -12 113 249 -240 -128 -220 124 20 143 -34 108 -227 41 222 223 -46 104 -245 246 157 110 184 -28 28 2 76 93 -150 -87 203 -109 -199 53 238 151 -213 13 24 99 103 -180 -5 
TEST 110 ARG:123 -40 -171 -241 -24 -104 -34 -229 246 -148 -224 208 97 -150 105 102 -129 220 -234 -134 -73 -167 -112 43 -123 -96 169 67 183 34 175 -106 -116 -136 -161 233 -245 -50 115 -227 -248 39 240 -179 -57 1 -31 69 -16 46 -67 207 227 -154 230 -218 -27 -168 186 -201 120 211 191 152 -246 110 -54 49 139 44 -75 -65 -109 198 132 232 -128 -243 -200 223 -199 192 62 -39 73 26 8 -100 -86 -14 14 3 -95 181 -204 107 -81 -85 -46 147 -10 158 -228 159 -22 -155 64 -105 25 29 -244 -113 -87 222 -236 -242 213 -202 -47 -94 112 216 -88 148 -205 -216 237 156 -45 -17 236 -208 -191 -211 -188 -145 245 -214 218 -240 219 57 -78 -159 -118 122 209 170 28 184 -170 -43 -3 -149 212 -144 -33 225 83 -69 45 37 -215 149 5 61 -115 -190 99 -79 -102 15 -98 6 248 9 -207 -153 -217 11 -158 -76 226 -23 231 71 84 52 -132 -11 16 137 136 135 60 -77 -183 161 -103 -230 -146 -2 247 -52 -232 108 77 -91 -203 -249 -226 -174 -221 24 -219 70 -237 -60 98 -12 81 -192 76 96 162 -239 165 55 177 -38 126 63 -29 4 146 65 31 143 214 235 -125 190 -32 -99 41 -169 -142 -72 125 130 -25 -122 -62 128 182 -124 -66 -210 154 -213 -250 -186 172 56 -184 189 243 38 7 -126 133 127 82 194 -137 -175 36 103 -233 -152 131 -160 217 -178 -141 -53 -5 164 -247 35 72 205 166 18 -181 234 -138 -41 -164 22 50 -107 -156 201 140 -48 185 -18 196 -108 -8 202 -70 -163 -173 -182 -157 94 -26 -220 -196 -223 -49 -177 -121 -110 153 58 239 171 75 87 157 134 124 -189 2 74 93 118 119 -80 163 195 0 -185 -89 -222 151 40 -20 68 47 95 104 -51 42 -6 -133 -101 53 54 59 -7 17 -130 242 -162 210 20 -206 27 -59 -165 79 -120 -139 -36 -82 155 -63 228 -37 -197 142 -90 -35 90 23 200 -198 129 48 -131 -4 21 -119 -111 -135 -30 150 141 92 -42 -235 85 -56 -92 -97 138 -194 -231 238 -147 33 167 101 -180 -238 106 -143 -172 197 109 221 111 19 174 51 -19 -176 241 -58 244 113 188 -64 86 32 -13 187 -225 10 168 229 -93 30 -61 121 -71 80 -44 89 160 -114 13 78 -68 12 -74 173 -209 100 -15 -117 178 -84 -193 179 -21 -195 215 91 249 -187 66 193 206 -83 -9 203 -55 224 116 -140 -212 -151 88 180 114 176 -166 -1 204 -127 199 145 144 117 -28 
TEST 111 ARG:43 -60 238 -141 29 215 -161 107 195 55 77 95 180 135 186 150 -109 230 223 53 182 -41 -227 -78 41 142 217 -90 103 -206 -56 214 -16 -67 117 54 -10 -77 143 -96 -44 -194 -95 92 152 27 -215 144 -108 -4 25 167 160 -236 61 128 -113 78 122 -57 -176 -170 7 183 -125 44 -129 6 210 50 -64 -117 70 87 222 59 -59 -157 132 114 136 -146 171 -212 30 116 82 -120 112 37 -166 147 -228 224 -185 162 -54 206 219 -1 -97 -186 193 120 -88 -200 -137 -103 -131 242 225 124 -156 91 93 137 48 -209 15 -92 97 -52 248 -76 -71 -189 172 237 -94 155 221 194 -93 -149 -235 -121 204 -239 88 127 -34 -153 -172 -79 -28 58 -49 -82 5 -164 19 -231 -203 28 200 -158 -29 -179 166 -133 -248 -98 -55 139 23 234 -175 -127 131 243 -128 31 -188 63 -199 181 1 -91 177 64 85 -66 96 56 76 100 -216 -27 110 101 66 39 191 -83 -240 74 218 -100 -25 26 -246 -106 -167 232 -201 21 -204 47 -136 -18 -171 235 11 -2 208 -155 -202 -80 -222 52 205 24 -65 -9 -229 -177 106 125 111 119 145 -162 -223 40 -105 -68 -214 10 4 209 158 -178 141 32 -53 123 105 202 -12 138 133 -144 196 -110 179 199 -85 -46 -42 -101 -134 -191 -226 -190 -17 3 -6 -124 17 163 84 -152 -219 -40 -87 -245 -47 176 -232 -58 -220 -154 -75 -193 149 -169 -123 -160 -115 -62 187 -84 -48 -111 -112 -221 233 -230 168 -196 201 -119 188 -36 -102 161 -11 13 192 -213 -237 169 -22 34 -211 159 -116 -135 203 22 197 190 -182 -168 -14 212 174 -63 115 -183 60 -151 213 216 -210 -43 -173 -50 189 207 79 -37 108 -250 -187 -180 0 -139 -38 246 229 68 175 -143 121 -243 80 -39 -148 -15 -224 -13 -207 -165 185 220 184 -195 -5 75 -8 198 -118 -163 -30 33 -7 -23 -51 -159 -107 -192 239 35 73 -242 -31 -126 98 -21 247 -217 16 146 -150 36 -197 -74 51 245 -70 -26 -35 67 -145 -73 57 153 -205 130 -33 62 90 154 49 236 -238 -234 -72 38 109 148 -225 104 46 -181 -208 -3 -24 134 241 -132 231 170 72 157 -142 9 -241 113 -244 -32 240 14 102 83 244 -174 126 86 151 -184 140 -138 -99 -45 45 -86 -122 227 -140 -130 20 -233 -19 71 94 65 -218 249 211 118 165 173 -81 2 81 228 8 178 -247 -104 -249 -114 -69 -198 -89 18 99 -61 69 -20 156 -147 89 42 12 226 164 129 
TEST 112 ARG:-222 239 158 47 93 -1 -202 71 14 -61 119 -37 -244 216 9 -171 -131 -52 59 -206 -15 -196 139 -238 171 118 -19 -75 43 212 218 -14 -35 -27 3 -28 193 -225 -239 164 -159 155 -226 -150 -155 -138 -210 -3 -43 29 -157 -100 157 -119 176 -211 -250 -243 222 87 -201 184 247 -149 -59 -184 156 -172 166 146 -21 21 -156 72 196 243 67 203 124 127 126 96 64 108 -45 -50 -4 -33 55 234 -39 137 -160 54 187 109 -190 227 -105 -248 -183 -191 30 144 200 70 121 39 -53 115 -130 -153 177 -135 107 246 -228 -101 221 -23 -32 -54 -204 -164 -17 60 -246 7 -102 -8 -89 -162 183 -240 182 5 163 -13 -99 -245 -96 172 198 0 20 25 113 141 -49 161 -141 -91 -47 -142 237 152 -186 -125 73 -103 -87 -2 -85 -128 122 143 -185 -220 -223 -182 -217 79 219 -215 116 -94 24 -111 22 104 13 129 238 -230 26 244 58 -121 74 35 83 233 28 90 -41 128 223 -25 117 -120 -98 -139 31 -86 180 16 -6 84 -137 147 -236 173 -208 205 -56 -143 185 1 207 -166 6 201 -93 36 140 50 169 75 -84 15 49 -22 179 -199 95 -68 208 -144 -237 -106 76 175 94 235 46 -229 -74 62 -213 -151 -109 -173 120 170 -76 209 17 86 97 -140 229 -81 69 194 -178 -200 -165 2 -60 135 88 112 -189 -71 132 -18 215 -136 -221 -31 -115 -127 52 -40 38 130 226 -10 202 -241 191 92 114 -42 40 -117 51 -48 131 -195 225 -181 63 186 228 240 204 -122 -5 -134 149 210 -197 -88 -95 133 -152 142 41 -77 165 -36 -205 154 91 -207 167 153 188 -167 -227 8 211 -44 249 -20 -158 214 53 -108 181 -7 159 -146 -174 231 -168 -114 242 236 134 168 82 232 178 111 32 -112 -116 -193 148 -72 -83 192 -214 56 -175 -78 61 48 150 65 -80 -66 206 -92 -161 -67 174 -110 -242 138 -233 -46 -176 -65 11 42 -249 190 -216 136 220 103 241 123 -203 -63 105 248 -9 125 78 -126 4 110 -38 160 -16 102 100 18 -12 89 224 -219 12 -224 -104 66 -147 -154 245 19 -57 -192 -212 -113 -234 -26 -30 -11 -29 34 -70 -231 77 -145 -62 -177 37 -232 189 -64 99 195 -107 230 -169 -118 -187 44 -55 -209 -129 151 145 213 -24 -194 33 -51 -124 -170 -163 10 217 68 199 -82 -180 -133 27 162 -90 -132 -58 85 -123 197 57 -148 23 -247 -218 -188 106 -198 -34 -79 80 -97 -69 -235 81 101 -179 98 45 -73 
TEST 113 ARG:-122 73 214 -124 20 241 99 -70 75 217 -60 138 -25 133 164 -80 9 11 -231 149 44 32 8 -243 -176 -42 -27 -209 -213 238 103 51 -177 93 -43 66 244 186 -211 -151 19 167 185 125 68 -91 69 -139 -242 -241 33 105 -186 135 -51 -66 -49 78 90 119 60 198 -233 -37 -115 57 86 218 189 174 160 12 29 127 -46 36 -83 52 18 -150 -9 224 -230 248 -236 -210 -123 169 37 176 -107 188 24 210 231 40 -19 -90 -228 -99 31 -93 94 58 227 -205 1 -133 109 -132 -188 -8 -111 -194 -100 -178 53 -216 46 -140 -203 197 -119 -45 -157 -248 -193 -96 235 116 85 65 -76 -153 156 3 132 -162 71 -173 -103 247 -44 -40 63 195 6 50 111 246 226 202 -105 -247 96 -87 204 -169 182 126 27 -77 249 130 -92 172 128 -202 -165 -160 102 -12 -183 220 23 -29 107 -75 -118 64 -146 -134 117 237 -239 153 -63 180 13 67 -182 -61 -88 91 -234 -108 -224 215 212 228 114 -7 -238 -199 179 89 -81 -79 -204 -144 -30 148 211 74 30 -50 -148 -120 219 194 -200 -125 139 191 87 38 61 -164 76 -219 -245 -174 -187 -85 -232 92 -143 236 131 55 -82 -112 88 -116 84 -65 -95 239 -32 -15 70 -104 100 -5 -145 144 223 -159 -78 -156 161 -226 -136 225 28 -69 -86 48 147 157 203 79 -191 22 54 -4 17 4 -155 104 -114 120 118 -142 56 -89 -227 -149 229 10 190 95 196 -137 -158 245 -21 -189 98 -198 -109 240 -190 165 208 -20 -240 -64 162 150 -57 77 -38 -74 -3 47 43 242 -58 35 -101 -2 15 -22 -41 -167 -23 -161 0 25 166 -130 -249 -97 187 -98 112 193 -250 140 123 -53 143 230 -221 -180 -185 -121 -168 124 -67 7 -166 -179 -181 -1 -110 184 -16 -170 141 146 159 151 82 -206 -225 -152 168 -215 192 -237 -218 -84 -212 -62 181 42 137 34 -94 -39 -55 178 -33 -147 134 -207 -36 -26 -229 -244 175 2 142 -208 200 129 199 -135 -131 243 21 -72 -14 59 -220 -223 97 113 -214 101 152 -59 16 -184 155 122 -6 -71 233 -117 171 183 72 136 -154 201 -68 5 -24 -235 232 -18 -195 -56 115 -127 -13 -141 110 49 45 -172 -197 -10 83 -175 106 -217 173 213 -126 -54 158 -113 206 39 -163 121 145 14 205 -34 -48 -102 -73 221 -11 62 222 -246 -17 -106 -171 -28 -52 41 -47 -129 170 81 207 234 108 -35 163 80 -31 216 -128 -222 177 154 -138 -192 -201 209 26 -196 
TEST 114 ARG:-78 75 31 182 231 200 -119 112 -121 66 -212 -83 140 129 -47 -172 -143 -1 -239 71 -25 82 -227 101 -69 57 187 37 158 246 -186 -97 134 -222 50 124 159 90 -211 -148 -43 197 94 104 136 -166 95 -238 -241 170 -242 -75 -66 160 113 -247 -179 -221 -155 -209 -67 -29 189 -9 -106 242 -107 -235 -12 51 24 7 190 -21 -136 194 -199 -198 -150 204 -156 173 -189 65 -237 -109 161 100 240 -127 76 -153 217 -33 -37 244 -14 245 150 -180 103 -243 1 -249 -38 18 -36 121 67 144 198 -45 38 6 147 -145 -24 209 -140 141 -11 -174 202 72 -216 -170 45 58 146 -15 211 -126 105 -54 -101 -171 44 63 -159 2 -154 -62 114 191 46 -71 -175 59 17 205 243 153 157 56 223 109 130 -111 -248 -169 222 -196 -8 48 -218 176 -95 30 11 79 -34 -84 212 -55 -161 -228 -152 99 88 -93 -99 -35 -187 -204 -157 -41 221 -51 13 98 -214 -13 -28 39 210 -114 -206 235 92 -30 181 -58 32 -230 -61 -190 233 4 8 156 -57 -173 -223 -116 -217 154 145 -167 196 167 -49 -141 -4 -63 -176 -181 10 -210 -105 116 -42 -229 168 -168 -188 229 131 216 174 -185 -48 234 -184 -50 -73 126 85 81 -18 -191 -138 171 35 139 54 -219 70 80 -10 -117 -91 19 -142 -59 -178 203 -103 -102 -226 -123 -144 -158 -125 169 22 -250 -236 138 -231 165 0 -40 -68 115 -79 -164 125 207 9 84 91 180 43 -162 -3 -53 238 -6 14 -82 -183 127 132 -27 61 -17 -225 49 -86 52 193 119 -113 3 -90 123 143 -65 -26 122 218 199 -89 -195 -165 -7 117 227 -81 -240 29 -88 36 -151 -182 183 237 -44 12 128 164 142 -215 87 93 -56 41 241 89 110 206 -146 -137 -220 -133 -19 -130 232 -131 -115 -200 86 -60 -203 28 -32 137 166 152 -163 228 -108 201 -177 -76 42 -5 74 195 55 -193 214 247 208 162 53 133 239 -132 33 -100 -124 185 62 -31 -70 -128 -39 -149 73 135 111 -112 177 184 40 -208 -94 97 -87 -224 -16 186 175 23 -213 178 -232 -160 248 47 148 192 -80 224 -245 -120 21 -234 -192 69 188 34 -52 20 226 155 213 15 -22 219 220 78 179 -202 249 106 163 -92 230 -233 225 -134 96 -104 64 -46 -77 -96 -2 27 -147 16 -205 -244 68 5 -194 107 102 236 25 -110 77 60 -201 -72 215 -118 26 149 -246 -129 172 151 120 -20 118 83 -98 -197 -207 -64 -122 -23 -139 -85 108 -74 -135 
TEST 115 ARG:-242 -144 -105 -234 -184 93 34 29 232 -28 108 -239 188 48 248 -136 -207 2 -108 128 101 -152 176 -20 -96 194 -113 155 158 -75 49 -35 -100 -132 -69 -119 107 -247 -223 229 -4 0 -19 -87 -169 -47 235 247 37 91 6 -78 -129 -221 -45 189 202 41 201 62 -198 183 187 134 -224 -226 171 131 220 177 243 61 27 -178 178 -123 -70 -240 83 -231 109 170 43 -135 -94 -33 -63 -71 228 -145 84 203 197 120 -175 20 -141 -7 45 -62 214 -133 -64 40 102 -160 -79 192 -138 -115 116 76 156 239 -159 126 12 -97 -74 160 -42 148 175 166 121 -68 -218 -77 -225 -38 32 199 -208 94 47 -91 106 -195 174 -37 -241 19 85 -222 -102 -137 -170 172 -16 77 154 -57 -34 81 -215 -107 -130 69 -168 237 -201 167 -12 -187 -49 249 -196 -204 15 223 18 224 200 222 -6 -73 219 -17 -56 152 -194 185 230 -22 89 -128 22 -205 193 -185 -219 -88 112 242 70 53 -246 104 26 173 118 99 -104 71 113 16 245 95 56 38 -84 190 -200 -55 -154 -82 153 28 -217 -125 -83 9 -235 191 -140 -52 7 216 -164 24 110 244 -197 -53 157 -188 -21 -214 39 -186 -39 -50 -228 13 21 -124 4 60 80 -122 -155 78 10 159 -206 57 130 -212 141 -121 -237 -172 -162 -233 86 97 -127 -167 -10 122 151 103 165 -118 -81 52 66 145 -147 132 180 136 225 -3 -51 210 73 17 14 -9 -202 -174 236 218 -210 149 -151 -101 -93 -76 -199 -236 90 11 241 30 -98 -142 -80 -220 -161 161 147 -30 -179 -211 138 137 -24 204 -1 163 74 -23 68 -163 -213 179 142 123 98 31 -65 -245 -165 124 63 -114 -58 -46 117 -176 82 196 -44 143 -192 -59 -89 164 -112 -232 -229 -180 -250 -244 -99 -171 -2 -216 44 54 105 -143 -67 186 231 -238 8 25 -61 -11 227 -36 129 -183 -139 -120 -156 -146 96 -153 -181 135 -43 -41 -157 3 92 209 46 -85 -134 240 -86 65 168 111 -193 -8 -177 233 -131 -13 215 58 -249 -40 -14 59 133 33 -27 51 -166 140 246 1 144 162 238 -110 139 -31 146 -148 -106 169 195 -66 213 -92 23 -203 -48 127 35 -72 226 -149 72 5 -60 207 36 -126 211 -5 -158 212 -26 -190 100 -182 -109 182 181 -189 -29 125 75 42 115 -227 79 -18 184 221 -150 -54 -15 114 -117 119 -191 208 -95 -248 55 234 -32 -209 217 -25 67 -173 64 -90 -243 -230 -111 88 -103 87 198 -116 206 205 50 150 
TEST 116 ARG:59 -49 -59 98 -215 -174 144 123 156 218 -1 -229 47 -89 -43 171 -234 -136 -222 -203 242 -210 -95 -196 222 10 -14 4 -155 -108 69 -218 -131 52 -221 -46 -81 -188 112 -250 187 34 212 55 138 163 56 150 -152 -111 -32 239 32 -169 79 -194 78 -15 201 -27 -135 41 176 -110 105 192 -44 210 -60 -79 211 60 -163 244 18 129 -115 -45 172 80 146 -129 -231 26 -64 66 196 -48 -18 125 185 115 -211 111 -167 13 45 116 184 -185 219 -197 -22 -35 46 -82 -232 100 -208 -52 124 86 -213 -120 19 228 -114 -138 20 -182 25 -238 -57 214 -88 -85 -132 -133 231 62 -164 110 -151 166 -244 11 191 83 157 65 -241 140 204 -206 -153 40 -118 165 128 -10 182 194 -171 -9 -103 175 206 203 -230 -56 236 -159 3 35 113 28 -7 -116 133 233 -233 -86 -124 -17 241 215 -170 -189 -16 -191 -209 -11 64 99 -54 164 -172 107 240 178 -41 -42 -74 90 -25 33 -102 -125 93 -107 5 -201 1 -98 -77 221 89 12 61 -92 -87 -2 -36 -106 190 230 141 -183 -144 114 -239 72 -246 -113 -62 29 -23 145 57 -93 -94 94 -216 -70 -72 -235 -80 137 170 43 226 -21 16 -26 81 -202 -19 -12 162 -156 106 136 -141 67 -186 -175 198 139 -71 249 7 -90 -55 -97 -3 -146 39 223 -101 169 21 23 -100 87 -228 -109 8 -31 122 -243 -217 -223 183 77 193 189 200 -181 -134 -20 2 -168 -160 -96 235 -142 -30 -249 -143 -84 209 -162 -224 -166 118 227 205 44 108 -78 -161 -140 168 135 220 127 -180 121 -176 -50 152 30 6 42 -198 -173 -237 181 180 -40 -126 -184 -225 48 -65 -236 96 -130 68 53 97 -200 -51 117 15 -165 159 -248 -61 91 -179 237 0 31 92 -105 179 225 27 71 73 147 -121 -137 74 -4 217 -91 -83 153 155 246 54 -214 248 82 -193 75 9 -29 -8 22 224 207 -128 -63 -199 188 95 195 63 132 -207 142 126 -245 151 -226 173 17 -104 -47 232 -73 -139 -220 -227 -119 -5 58 14 -58 -39 -38 -99 243 -53 154 -6 -24 119 76 -242 177 -150 -240 -34 134 24 -145 -127 234 51 -33 49 143 -192 199 208 148 229 161 -76 158 -190 120 -123 101 -37 -147 238 -66 102 216 -148 -112 -67 103 167 197 186 174 213 -122 160 -247 84 -69 131 -117 245 36 -195 88 -157 104 85 202 50 -205 -68 -204 38 -149 -212 -13 -158 -219 -75 -177 -28 130 -154 37 -187 109 149 247 -178 70 
TEST 117 ARG:211 -103 191 189 -71 54 76 -239 194 118 -111 149 -121 86 31 -132 42 -148 19 -88 -235 -215 -229 -146 213 78 217 229 -97 240 -211 81 -122 -159 77 26 -219 69 -238 -182 -4 150 241 164 -109 13 185 193 -41 146 80 6 -233 -116 -27 237 178 -198 65 -101 79 249 -96 246 -202 141 -56 -102 209 -89 94 -249 -65 0 -93 -212 99 48 10 215 -99 190 170 200 -129 199 158 -156 -98 -149 172 -204 59 205 -9 -200 134 -180 -32 -213 -128 -40 121 -234 117 -192 -186 3 126 -49 -185 17 73 226 224 -112 -11 -162 145 232 -143 -54 -221 216 68 -248 144 92 -125 142 133 -52 -194 -188 197 58 -157 55 140 -94 -92 11 51 -142 64 -183 -76 242 180 173 98 -25 -240 186 9 -216 119 102 109 -169 89 -168 53 161 248 -107 74 -134 50 -133 -58 -64 233 -84 8 37 75 66 -50 -137 -184 -155 222 219 71 28 -79 -127 -190 137 -108 93 -22 -175 -100 244 -199 -44 214 148 212 -214 52 -236 -179 -81 45 1 -196 157 -166 -160 38 129 56 -28 -12 -6 182 110 -63 -217 204 108 -39 160 -53 -115 23 -197 -187 -1 155 -152 -241 -10 247 -224 203 225 -3 115 70 -118 -220 -2 -105 -59 24 -106 -48 63 91 168 5 202 95 47 -250 -145 -165 -243 61 35 -21 106 100 139 -104 174 -173 -45 -37 -120 33 -43 -247 228 -13 227 131 60 -209 36 -85 220 147 46 -36 151 97 -69 22 -153 138 -226 165 -47 239 34 223 -154 159 -178 40 230 -218 105 30 123 122 152 -46 234 -136 128 113 -150 12 125 166 -110 167 -207 201 29 -38 7 135 -42 136 -67 120 154 -206 -17 -191 -82 208 -16 156 -151 -7 163 -174 -227 -30 -141 -246 187 4 -131 112 88 -20 43 188 218 -201 -195 -26 -51 25 -74 -205 90 101 -210 -23 -24 -232 183 -33 245 -139 -117 -19 41 103 -245 -123 192 -171 -177 15 -78 -161 -91 2 -113 82 -80 -158 221 87 -119 -228 107 -225 236 -90 -75 85 243 235 32 -61 114 -242 -126 84 -55 -87 -72 -244 -237 -34 57 -35 -60 181 -18 179 -83 130 195 -223 18 175 -62 -130 21 116 44 39 -164 -208 -29 176 143 49 198 238 -31 -77 153 -14 27 -147 -15 16 207 104 -135 -57 -95 -138 124 196 -70 127 -167 72 -222 -124 67 83 -181 -8 96 20 -73 162 210 111 -189 169 -66 206 -163 -230 -193 -170 -203 -5 231 184 132 -176 171 -86 62 14 -68 -114 177 -140 -144 -231 -172 
TEST 118 ARG:-208 -106 -239 246 -38 185 207 44 -154 176 -171 -26 -204 -80 -109 -13 -178 114 -159 -223 27 -151 49 -12 106 52 87 136 -226 -196 181 59 -222 -105 -55 -7 -27 3 101 151 -43 -244 -169 187 89 -168 -242 143 -61 179 173 -33 -40 -205 -146 -163 -47 88 153 -25 -147 -231 186 43 -250 -87 168 50 -176 84 -181 -67 -84 -97 199 -194 -9 127 -240 -96 -247 -200 159 118 -90 189 -112 225 -243 -103 -138 96 -22 -2 -127 -230 144 108 190 134 22 54 61 169 -195 137 138 79 12 -62 156 25 -120 170 91 -241 -100 -83 -225 162 2 76 -143 193 -212 107 154 78 -114 -46 158 218 48 -77 -142 -145 122 -72 249 -157 215 -118 -23 166 -57 -39 117 242 -28 135 133 -219 -94 32 234 21 102 4 -215 -29 178 198 -187 245 -53 41 -160 -155 65 209 -186 64 233 -175 188 -34 -189 13 80 -173 -165 8 -232 -10 7 223 160 -60 20 -82 -228 161 75 -190 165 132 231 -130 62 40 -17 -107 227 131 -236 182 111 -191 230 -201 66 -14 238 -35 195 105 83 -149 172 81 -37 192 -140 -108 -50 177 204 140 119 35 239 -59 -24 -121 72 68 109 34 -4 155 150 -224 -235 -76 -207 30 237 -31 194 -111 247 -245 113 -93 241 -58 157 -6 0 171 51 -36 -144 -217 164 205 -119 -51 110 120 16 86 -179 1 31 -48 183 146 6 -65 -158 121 -153 125 99 -164 -170 -78 -162 29 -123 45 10 -126 74 -188 -63 123 -54 36 69 -44 -32 -150 -139 210 -30 191 5 100 -85 -218 67 126 -101 -161 -248 94 -131 -221 208 38 212 97 -134 -137 -73 -246 -209 -81 -216 55 -15 221 70 -19 184 15 202 -66 -45 226 -74 -156 58 -125 213 90 57 47 -69 220 116 -104 147 240 -128 163 149 -122 92 217 124 -220 -89 -115 -182 148 17 93 145 203 216 60 -148 104 -238 248 -68 -214 -234 -184 11 -95 -166 -18 243 141 23 -133 206 -3 18 -116 112 -98 -192 -135 71 -56 -199 196 24 -117 219 139 85 129 -213 37 -129 39 236 -193 211 142 -233 -92 9 180 56 -124 73 200 -197 130 -113 -110 95 115 -20 -172 -177 197 228 -21 -136 -174 26 -49 -229 201 -185 -71 -91 -141 -16 33 -206 -210 -249 -202 -41 -64 63 -75 -42 235 -102 -237 -5 46 214 28 -132 -203 98 53 224 229 244 103 14 19 -11 232 42 152 -52 -183 128 -227 -70 167 -180 -79 -1 174 -86 222 -167 -152 -88 -99 175 -211 -8 -198 82 77 
TEST 119 ARG:170 85 -9 196 87 89 -74 -48 45 16 -12 117 -166 98 -214 -191 217 199 120 198 -114 -64 130 216 88 168 119 249 -66 159 -230 69 174 17 -171 -193 209 -134 -183 -222 -37 106 -58 -153 -81 -199 92 239 -190 -162 84 -122 -158 11 -70 10 245 -53 -21 49 -102 -10 -19 135 -192 -238 22 143 -226 72 109 215 -100 -151 -28 -234 125 127 29 -1 -204 -109 -247 122 154 185 -145 -220 66 229 235 227 -26 151 -4 -106 -163 -25 -243 -90 248 3 -14 184 -7 -55 -235 97 -107 -84 93 -138 -197 -18 189 -186 35 -13 -137 -202 -57 -78 -242 -212 55 194 118 177 -201 -125 -203 -209 -33 -124 -231 -105 -108 134 -140 6 -39 -165 -219 -225 -223 9 -146 133 -76 -24 19 64 176 -229 -228 -207 52 -189 99 65 234 81 -149 105 -99 60 163 -97 20 -217 -119 -27 44 211 207 140 56 -86 -23 113 31 110 13 -68 36 -59 0 142 34 -131 -30 -44 224 -60 182 4 -198 53 -118 -41 -200 -236 50 -110 -156 -184 95 139 -218 233 42 153 40 -179 -211 -95 15 161 228 74 68 -82 78 -155 -22 128 -215 -248 137 221 219 171 -85 116 -45 -72 -40 214 -50 -159 247 -87 188 -180 246 43 141 -113 -210 -147 -195 -121 5 167 23 -79 -154 -52 -47 238 -35 -174 103 -129 220 -54 75 200 -8 148 47 -141 -88 -249 -3 -71 -244 -46 -17 -245 205 21 -173 -51 70 -133 156 -170 24 -5 -104 155 82 223 -98 206 96 -112 192 38 107 102 175 -206 8 100 157 -103 14 193 -123 -188 67 -135 -56 76 173 213 59 -157 115 -194 -240 90 -132 108 -63 101 41 -182 -65 33 208 30 1 136 222 62 158 -237 -128 -38 201 144 25 -250 244 94 181 86 -115 2 18 71 -232 -36 -241 -2 240 232 138 242 -246 -130 -196 -187 -176 73 -20 114 204 -75 27 -169 77 -31 124 -213 -233 -67 -111 166 -93 -136 -227 46 243 226 63 186 -221 231 129 48 202 -6 150 -15 -127 -89 -73 -34 79 190 237 236 -120 -152 195 152 -80 -126 12 37 132 183 -177 -164 197 218 241 169 28 80 -16 165 104 32 230 -139 -208 225 149 -116 -49 172 -83 -62 -94 83 -175 -172 -29 -117 179 147 212 160 -216 -178 -77 -148 -42 -101 -160 61 -205 112 -185 121 91 -91 57 54 -143 191 203 123 39 -11 -144 111 58 146 -61 -239 -142 -69 187 -150 51 -92 -224 -168 126 -161 -96 180 145 162 164 -32 -167 -43 -181 7 131 26 210 178 
TEST 120 ARG:-98 -137 -77 -96 19 161 -216 0 -82 -155 -74 142 -188 -64 99 187 238 137 -87 -247 -199 -44 6 58 235 -110 24 -58 32 132 -52 -75 36 47 66 92 143 -121 181 -91 156 -4 33 22 41 172 -47 -163 -140 127 13 141 -208 129 -101 -195 231 82 167 -233 -187 -112 -249 198 103 248 -29 -197 81 136 191 -57 -219 -120 -117 -152 -124 104 -46 93 -53 46 -232 45 -160 230 64 5 44 -42 -156 115 242 -45 -115 -128 -28 110 56 91 158 -59 42 243 184 -109 -146 -79 -56 -230 -161 85 -210 -190 -135 -125 -68 -138 26 166 -40 -217 -3 -234 -62 -83 -136 -231 -139 163 -145 -108 146 -144 183 -167 147 -174 200 3 87 -105 153 -200 -50 68 -141 107 31 -182 -175 14 -184 164 -23 -55 -207 96 -6 -130 20 185 -224 29 75 -30 -102 224 -38 77 134 150 -78 -223 9 -186 175 145 -26 -206 116 -168 1 -172 159 192 -71 23 69 -170 -165 -7 223 52 -86 179 -73 233 218 88 39 84 -113 202 206 -154 162 125 173 222 112 60 114 -22 -41 -99 37 219 -49 239 152 -237 -85 -211 -240 118 -243 -159 188 30 -239 76 212 -34 237 -229 220 2 95 165 -81 -25 70 -189 170 -122 -131 117 -221 -100 57 -72 106 -242 247 -67 133 227 245 -226 -10 73 -103 111 -171 168 -48 -151 17 -111 -27 171 -9 -134 21 211 100 -238 204 -198 197 51 -21 -19 196 90 48 -228 40 -148 -191 -245 -24 -123 -179 -143 -169 149 -2 -241 -181 80 178 -157 -246 228 38 131 -220 -35 138 -225 -15 -65 -84 214 27 105 10 -132 177 210 246 -203 -8 174 -66 55 -90 -17 205 8 203 209 -183 244 -69 -14 -92 -94 201 -116 -95 124 -150 49 62 189 157 79 97 221 160 -80 154 186 151 -222 135 15 128 215 -89 -204 -192 109 123 -193 -218 144 -248 -63 -147 -51 155 169 -60 232 7 139 11 -177 54 71 108 190 -1 -215 -37 -212 234 -126 -149 65 74 -54 119 -43 53 216 229 176 101 -129 -11 140 -33 34 -12 -119 78 -201 -13 -176 35 241 18 226 195 -20 -97 -214 -114 86 213 -194 240 -185 249 -227 61 25 120 12 -76 -205 43 -88 -166 -36 -162 130 -31 -61 -133 50 16 -213 -32 -18 148 -153 -236 59 67 182 207 208 -209 -158 -180 180 -196 72 -5 -178 126 83 194 -127 63 217 199 -93 98 113 -142 102 89 193 236 -39 -250 -70 225 -164 -235 4 -106 -118 94 -244 -16 -104 122 121 -173 28 -202 -107 
TEST 121 ARG:94 -76 157 150 -38 -196 78 -181 -53 -155 -119 189 -234 149 133 -66 98 -185 55 163 -150 -46 -249 24 -142 154 237 239 50 227 179 76 28 192 173 -202 62 -89 48 188 -102 235 82 0 -114 -168 245 -30 244 63 109 -126 14 -71 -95 -74 137 35 214 93 230 -50 70 234 -201 53 207 201 -154 -208 169 218 127 -27 -57 -107 134 105 38 225 -5 -226 193 -174 151 -219 -111 83 -32 -28 -55 197 187 131 -129 68 -147 147 117 88 -124 -195 -204 206 -222 102 208 220 39 -18 116 210 8 21 180 -136 -40 95 71 -125 72 73 -186 -68 -153 -54 -117 -236 23 7 -227 -22 80 -12 152 211 -183 -106 -42 196 -26 -45 139 241 -1 -184 33 113 -143 -96 -15 -191 -47 -205 120 -11 -165 209 64 44 -246 61 174 160 155 60 -100 198 -64 172 108 128 -171 -163 -221 -84 -210 -180 79 -90 -49 -94 -56 115 -224 176 190 238 182 130 10 -103 -214 -9 -156 240 191 -61 -193 -91 -52 -13 -87 86 13 -176 -240 -177 145 -77 -198 2 -244 106 -65 99 -88 167 -104 52 19 -138 -141 -130 183 -78 221 -166 37 -197 -17 -25 -70 6 51 199 -98 -189 140 -230 141 215 -160 -235 -237 -164 -4 5 249 -23 45 -182 -152 -242 118 27 -218 -243 9 -31 203 -122 -34 175 143 213 -216 -188 110 217 -217 -113 -92 -159 -248 242 171 -43 30 138 -80 -41 41 248 -83 -116 186 124 -157 -241 85 156 -132 185 -172 -35 243 -137 -144 -97 58 -73 -39 132 135 -21 16 3 -10 158 -108 -115 -213 -199 54 112 162 -225 -187 -63 47 123 232 67 -134 -110 -220 -178 -247 96 -215 148 20 -120 224 -238 87 -206 216 31 100 42 246 -75 34 -170 -16 103 -173 -245 -158 -175 -58 -179 205 -82 -2 107 -44 -101 -93 -149 -223 15 -209 159 178 -140 -6 18 229 25 -37 97 49 231 92 -211 -48 90 -233 194 -231 17 236 -118 228 43 57 26 -167 -3 166 -19 195 202 -105 -212 59 -139 1 12 81 165 -151 -59 -24 181 114 -192 -207 119 164 -14 -232 -131 -128 -127 -239 -51 40 -67 -123 101 -85 -250 89 204 -194 -229 4 -161 75 -69 -135 -169 46 226 121 122 -162 84 136 -200 -148 29 129 -29 200 125 65 144 247 -79 -7 212 -133 -146 168 -36 -99 -145 91 32 -86 77 56 -81 66 184 222 -62 74 11 -60 22 -33 219 -72 161 36 142 -190 -112 153 -228 -109 69 146 -121 111 233 104 177 223 -8 -20 170 -203 126 
TEST 122 ARG:-135 -143 242 14 -70 -59 134 108 -156 -221 59 156 234 -47 79 77 89 171 25 88 -180 -104 -162 -22 220 -118 143 165 -244 197 -249 61 173 18 -101 -62 12 -183 224 184 -177 27 -31 -28 188 204 -57 -171 155 201 -242 -35 -196 -203 64 174 54 -191 75 140 66 121 221 15 -201 -240 53 38 231 180 105 -227 -72 -55 -206 185 240 92 70 93 41 -85 -105 -17 230 182 95 -155 52 -173 73 -231 186 21 -129 26 -42 85 -125 29 31 -199 60 -60 -247 124 -83 135 -24 -3 -166 -73 211 225 129 -209 -248 238 91 5 -19 62 -74 249 -26 -232 233 163 55 139 -198 -8 -157 195 -215 78 101 194 -27 80 -95 -80 0 -175 3 -44 -107 -245 -94 32 72 -4 -92 -108 106 -137 236 190 -213 -18 -225 -237 237 172 150 -243 -164 -33 132 19 -192 -2 -210 -224 162 226 227 -229 -38 -218 117 43 -188 223 -122 215 -97 -235 -110 22 -102 175 13 128 -79 -36 46 -12 222 166 -120 -56 168 -133 2 -204 141 120 -134 147 209 159 146 -99 -15 -165 246 137 -223 -230 -226 1 -1 -117 -170 244 -81 -86 157 33 -127 -194 164 34 81 148 -37 -98 -76 50 -152 -29 23 -50 202 -58 -211 35 -131 -48 9 -142 122 -239 -100 -181 96 -238 94 -179 71 176 104 -126 218 243 248 181 -130 103 -71 39 20 57 -153 -187 -216 167 109 86 30 235 -214 115 -69 -14 179 67 -21 -150 36 90 198 87 -190 133 -67 -75 8 -23 203 -43 153 65 -82 207 -121 11 -115 -148 107 -77 -184 118 74 -219 212 -145 151 28 -160 -103 -88 -49 119 -182 58 37 -114 -89 98 100 44 160 -5 214 10 219 -34 192 -10 51 -228 -233 -124 183 -11 170 -63 -61 -154 217 136 145 -9 -39 -68 -112 -78 158 130 161 116 178 -236 -200 -217 187 213 -250 -234 -147 -40 -167 -246 83 245 131 -174 -161 84 -87 142 -207 48 -178 -65 -169 -212 -113 -116 -158 241 193 112 -46 154 -132 -51 -109 205 -119 152 -66 208 229 -176 -186 113 -53 -32 -197 -185 189 196 49 -205 -20 69 -13 -93 169 -172 42 102 -144 -90 4 228 -189 210 -30 -45 -202 68 -136 6 45 114 -111 199 -123 -141 -151 -7 -193 56 -139 -54 -41 99 232 76 -159 -222 -146 7 127 110 -163 -96 177 123 206 -208 -6 47 -16 24 82 239 -220 -64 191 247 -25 40 -149 -106 111 16 -52 216 -195 126 -140 200 125 -138 17 -241 144 63 -128 138 -84 149 -91 97 -168 
TEST 123 ARG:-7 -136 -20 79 240 -196 -87 143 -190 -75 -153 185 228 16 -197 -98 -16 222 236 -232 82 21 -140 48 151 152 -117 244 230 205 104 -151 156 -64 115 -199 61 -142 109 -238 -162 -5 249 183 -101 128 56 204 111 165 147 -250 -126 -218 -150 -245 -21 -183 40 209 179 -122 -58 160 181 1 -110 132 8 -160 -206 148 -228 -192 -32 92 -91 170 -118 89 103 118 -123 44 -23 -39 -25 221 -24 -172 -189 -78 245 18 -26 85 -62 191 -83 122 -213 203 206 -18 198 -178 -240 -139 197 -69 -38 -88 28 192 31 34 -105 212 -28 -141 19 -128 -107 -67 -205 -27 -179 -33 -134 117 -125 -177 141 54 -223 0 -157 161 -174 154 -97 -93 -111 -219 -225 -207 20 223 -113 -114 -243 -138 80 -11 -175 -182 -191 -92 -236 -216 4 -176 202 -193 -8 -171 -212 6 5 33 65 196 7 59 -34 50 43 120 -233 188 -42 153 91 190 -239 -86 38 -185 195 116 146 208 214 -159 -188 74 134 -242 -209 94 -73 136 3 -17 163 -129 -211 238 -154 211 -149 27 97 200 -43 237 -10 234 135 121 173 45 -241 12 42 95 167 -229 -148 239 112 105 76 35 53 -57 158 -108 -37 17 -224 -13 -244 241 -74 -156 123 47 -234 -53 2 -221 -63 10 -104 182 57 23 -130 -94 159 -30 -161 -95 -137 -230 -226 164 24 -186 72 127 232 36 108 39 -165 30 -61 -249 -90 -41 67 13 -203 -50 -145 -220 -66 73 -202 -170 194 138 -147 176 -1 -99 199 64 -59 -85 -195 -132 231 -214 155 -15 78 227 -56 -68 -49 -115 -124 -152 32 46 220 71 201 -72 77 -44 248 -119 93 -35 172 -208 -3 -200 166 -9 -82 88 -52 26 243 125 -106 -163 68 70 -210 -109 -204 66 180 11 219 -146 -180 215 98 -194 -135 217 -100 213 106 -215 -89 207 81 -36 -14 224 -127 184 29 142 246 133 235 124 -55 218 87 102 -80 -45 -158 -164 -76 15 -167 126 -54 -166 100 -144 -22 130 168 113 90 178 -198 187 186 -222 -51 -4 75 225 37 -187 -79 177 51 25 114 139 -29 157 62 -121 -173 -31 101 233 193 -201 -112 -168 247 -70 -131 110 137 149 162 -133 140 -96 226 -102 -60 144 -116 -246 242 -181 63 229 99 -84 -19 169 -71 83 58 -6 -120 -248 -227 -184 119 -12 -143 171 -48 -47 60 129 150 216 55 -235 14 189 145 -46 86 174 -65 -155 96 84 131 -77 -2 175 -40 -237 -231 210 9 41 107 -247 69 52 -169 49 -81 22 -103 -217 
TEST 124 ARG:236 -69 178 -35 -122 49 116 -45 60 97 100 -84 -216 22 234 19 -57 -221 -154 -77 200 -59 213 215 -241 118 8 249 -53 -60 -179 191 -101 46 208 76 27 0 -126 66 56 -205 -202 2 -227 -148 31 197 -36 247 -139 -41 13 -44 -229 220 135 -177 -195 -20 -208 227 228 -198 226 134 18 -246 17 199 -230 -68 85 -103 151 81 -5 -42 52 163 139 161 40 219 -51 -17 12 -199 69 172 -102 -206 129 -197 -112 -235 -185 -75 -4 160 -109 -16 205 -244 1 -78 25 47 -64 -21 -147 92 -58 107 -61 147 -27 4 64 5 -25 170 -220 -31 -135 89 -120 -131 -226 -62 239 238 -14 183 72 96 -144 -247 -243 -146 14 42 41 -95 -28 -1 -210 -96 175 126 -155 -127 174 -232 127 224 -71 -125 232 -56 93 229 -181 -91 26 176 -108 -186 -50 -159 240 -152 -143 -116 169 -239 -104 186 63 -168 87 -43 203 83 -204 -134 -217 137 -164 -215 -100 -32 209 149 207 -79 141 -162 103 -99 -85 -92 -167 180 75 181 -22 142 -225 -76 55 -214 -160 157 192 -113 150 -224 -132 113 -187 -19 -161 37 123 43 214 230 -170 -203 204 -136 -190 109 125 -207 -23 101 -46 84 152 80 77 -240 -156 -54 -29 -183 246 -94 198 16 -212 44 -174 -34 -140 30 171 -158 90 110 -151 -133 166 10 -70 -124 104 20 -176 -237 29 24 -82 -248 88 117 -196 -63 164 -11 -39 28 173 82 105 -142 -175 48 -130 235 -223 -115 -18 154 133 -90 -118 -138 -106 -222 -150 190 -81 -40 115 -137 112 -26 106 -10 -114 231 223 108 177 -242 210 -123 -67 185 144 -83 61 74 -87 -6 143 -218 -24 53 -129 -13 182 -236 188 -234 51 33 -200 6 225 68 9 -188 -88 243 -74 -48 -47 15 -7 206 91 120 -153 70 79 184 -189 -166 -171 155 158 140 122 -38 -8 248 -93 -128 11 156 73 -141 45 132 -249 159 196 162 -231 -89 -184 -211 -169 128 34 124 148 -180 -33 21 216 -238 3 233 99 -98 58 189 23 145 -111 102 94 -107 -80 179 244 71 -219 153 54 165 -233 168 -72 -145 -30 -172 -37 -163 -213 50 -73 -182 211 67 202 -173 221 32 38 146 -191 218 212 245 7 195 39 59 201 136 241 222 86 217 -2 -178 111 -192 78 121 65 35 -201 114 -245 -117 -121 -250 131 193 -66 187 119 -194 -105 -228 36 95 -15 -157 -86 57 138 -209 -165 -65 -12 -149 62 242 -193 -119 237 130 -110 -55 -9 -49 -52 194 167 -97 98 -3 
TEST 125 ARG:-85 -191 -210 -21 78 135 167 -199 -15 141 51 61 114 -133 52 60 -175 -147 -151 -4 -91 6 -122 112 -162 -78 -43 -2 193 -144 62 -52 71 -221 89 -96 203 58 133 -141 -94 15 65 126 199 -128 186 -192 196 -31 -183 95 204 -215 -236 -245 -161 172 209 174 241 -160 -113 237 31 76 10 206 159 83 224 -18 85 9 -86 -241 54 208 225 229 -115 -32 19 192 113 -138 -174 -148 -37 -101 7 -211 -154 218 -139 144 -181 170 84 249 -186 -46 160 245 18 -197 214 -239 -167 -250 136 -110 116 49 46 50 -90 109 -196 -179 -103 184 -54 104 -75 239 -27 -5 73 72 212 26 226 -14 80 -9 140 63 220 88 175 -209 -158 -66 75 2 -180 59 -218 -187 -107 -184 -112 -116 29 223 -72 94 -98 -194 -173 -168 165 81 213 -223 -10 182 179 -213 -247 161 233 90 -76 -82 -149 -240 -53 -119 219 -152 142 -64 99 70 120 24 -67 119 64 162 22 118 -93 -202 194 3 125 -150 -95 235 195 -99 151 181 -3 -102 -155 0 163 -142 -24 180 207 39 -232 -244 121 188 -193 248 157 -22 -200 35 -137 -123 166 -235 108 -145 -45 202 -156 -34 43 -50 47 -89 -25 242 -13 -97 103 97 198 41 -198 -208 173 -80 178 -178 -231 82 -69 158 215 217 -131 -242 -20 -48 -84 53 127 216 20 16 -206 -33 -176 -68 128 152 -201 -74 98 33 -225 -217 -216 -212 124 169 -126 149 -8 -106 143 150 -26 231 -92 86 230 -163 -228 8 -71 67 68 -170 221 55 -153 177 102 107 -234 189 137 74 -248 228 154 247 -55 -114 185 -104 -11 79 -58 56 183 201 -214 -177 -6 117 -127 243 148 -41 28 134 238 -17 106 100 -81 -121 246 -238 101 -205 -243 -65 32 -111 -29 -229 147 -57 13 110 132 145 -117 -60 -189 -246 -190 -87 187 130 12 36 34 -169 40 -171 42 -136 155 227 -73 -224 -56 38 92 -195 -16 -132 153 69 122 -35 -159 139 -40 77 11 -226 190 48 21 17 232 -38 -23 205 -124 -105 87 96 -7 37 -61 45 236 -36 -130 27 138 -19 -1 -44 -172 -59 -109 -157 240 129 -146 -165 -100 210 -129 115 -143 -134 -249 -63 244 23 -88 91 -204 168 57 146 -70 66 14 5 4 -51 -49 -118 -227 -42 -207 -233 -62 -120 -219 -166 -28 -77 -79 93 -188 -135 -220 111 -203 -108 -125 156 -39 234 -164 211 191 30 -83 171 -140 164 222 -230 197 131 123 -222 1 44 25 -182 200 176 -185 -237 -12 -30 105 -47 
TEST 126 ARG:238 -86 202 -44 -193 54 142 -214 78 137 46 -165 -32 -6 -30 205 -140 17 14 -78 44 36 16 68 35 -63 56 147 235 135 123 216 -171 163 240 -132 -54 -102 -174 -56 119 -84 -15 227 -70 -58 232 203 144 82 -42 -240 -206 -16 110 -24 -200 72 -189 -46 -115 -128 -72 -23 178 -141 -64 165 -149 -175 49 160 -20 -81 -109 -199 130 230 114 -57 -14 -250 -97 11 -195 -60 136 -5 -157 -138 159 9 212 -1 95 -43 -188 -91 174 -185 -242 -19 -161 98 88 111 94 108 -143 127 57 140 153 -136 201 48 116 -243 236 170 -164 65 -82 221 175 -236 20 -108 -98 -134 195 -194 -2 -246 -213 101 -10 131 -101 -69 -121 191 -61 -228 39 117 -131 -142 164 139 107 37 52 -9 -31 -73 -219 -177 -125 -92 -216 91 -18 -239 -28 242 87 155 10 -62 -168 -224 25 1 -196 -153 51 229 47 -191 64 113 -137 161 15 -103 -36 5 204 -210 -158 -237 181 60 -155 146 -159 -100 23 182 -248 -130 -106 55 -220 168 38 246 19 215 200 -221 -234 -152 234 -8 99 -160 133 -29 -190 138 -217 89 143 152 -55 -147 239 196 154 166 -209 156 177 -111 96 71 199 86 213 27 126 -166 -25 -182 -173 248 243 -83 -51 145 69 150 237 -207 -65 228 26 167 120 -45 -104 -67 -94 245 -205 -135 -197 129 172 -75 -198 -133 30 93 162 189 206 50 -202 32 -4 -34 151 208 104 -96 83 179 2 100 220 -52 186 -59 28 -230 -126 34 -201 -33 -113 -139 -192 198 -17 134 -232 43 185 -38 105 -117 188 -93 -144 102 -90 4 -71 149 -77 217 29 218 -163 -151 18 53 169 -146 103 58 197 -119 -3 -114 22 112 192 244 -186 12 211 -95 -226 109 40 21 -68 -238 81 -227 125 -66 187 115 -145 193 176 -89 41 -181 13 -21 -88 124 80 -53 -11 -235 121 -203 -35 -13 -229 -222 -105 -80 141 -247 62 -37 3 -249 -233 -212 -79 -41 -187 -245 -7 90 73 -169 223 33 -241 -87 -167 -22 -50 249 67 -184 -85 132 -76 0 -183 158 -12 -120 -218 -26 24 118 -118 -180 106 -156 222 -154 214 -176 -211 128 66 -39 -112 157 -127 77 85 184 -208 -223 148 42 194 -179 70 6 -74 -122 75 -231 -178 207 79 209 -116 241 247 -47 84 59 61 31 219 74 -27 190 226 -107 -110 -148 97 -162 92 225 224 210 -172 -170 -150 -123 231 -49 -204 63 -99 7 233 45 -244 -215 -48 171 -225 -129 122 8 180 76 183 173 -40 -124 
TEST 127 ARG:-217 56 150 32 237 -44 -245 -22 -117 -249 -238 -113 232 214 37 244 -162 -63 169 -134 80 116 -101 -211 11 103 -140 238 41 -248 -244 126 -194 -161 -218 -197 -89 -57 -180 224 -209 226 77 44 123 134 198 129 137 63 -16 -49 229 -169 121 -80 74 180 243 -212 -51 156 -74 83 -132 -75 -12 67 -122 206 -14 190 90 195 -24 187 49 -183 -221 210 249 135 -214 -47 228 161 197 -53 172 186 139 -9 -146 -126 -84 166 124 138 181 68 -138 118 208 240 95 59 -171 -54 -210 236 69 -250 -131 30 193 213 221 130 -34 133 96 58 158 -15 -97 -133 188 -202 -168 -3 71 -73 16 9 173 4 -18 220 55 -165 -178 79 -129 -69 -177 -107 -136 -118 -228 -81 -59 87 -191 -179 148 -4 62 -23 66 -143 162 85 -33 233 -82 -65 -38 -105 -213 -167 -21 -50 -55 106 45 64 117 211 -5 -184 -37 -114 76 -85 -153 102 -175 115 -48 -125 141 215 -86 191 -223 230 -174 155 -56 -246 -60 114 18 -7 48 -13 241 174 151 17 -29 -99 163 171 -233 -17 20 159 -237 201 -200 216 -201 -91 -149 34 89 35 -115 -227 136 242 0 196 -139 176 -215 160 33 78 72 120 245 -235 231 -158 178 -196 -106 157 -96 145 14 219 101 31 239 -142 51 -234 -79 205 61 212 52 217 127 185 50 15 -35 -78 -19 99 5 -64 60 204 -61 -77 183 225 -68 21 -226 -52 142 154 92 -66 -43 75 -104 22 -76 -141 -30 110 -163 122 100 182 -103 -150 28 184 -199 -148 247 27 202 -123 93 -166 -151 -127 112 -181 57 -10 179 -26 -6 47 -186 -40 113 132 235 140 39 -130 91 164 -110 -170 -156 88 -189 -116 223 248 -109 104 -100 -164 147 -204 -203 -121 -154 131 -147 -67 194 -160 -159 108 -25 -120 -240 -232 203 152 -95 1 -87 -111 143 -207 167 -2 -192 -32 81 65 -173 -176 177 189 86 109 -216 -208 42 -195 24 -28 19 -135 -71 128 -98 84 119 227 -72 26 153 36 207 246 -128 146 38 -182 -1 7 175 -193 23 149 -222 -145 234 -62 -157 -188 -241 -108 -242 -124 199 2 -185 -224 218 107 170 -229 3 98 -231 73 53 -119 -137 -90 144 12 -225 -31 200 -102 -45 94 -172 -152 -230 -11 -219 -41 -20 97 -190 -46 222 105 -205 54 125 -39 -247 111 46 -239 192 209 10 -155 -187 13 8 -93 6 -144 165 25 -83 -220 70 -92 -27 -243 -8 -88 -94 -236 43 29 -70 -198 -58 40 -112 -206 82 -36 168 -42 
TEST 128 ARG:55 198 -75 -177 126 196 170 113 -216 -144 125 -210 -220 192 23 176 223 75 -22 123 -139 -119 -221 -176 12 -89 88 -245 -78 -222 207 82 -247 -151 69 -7 -140 240 180 -33 103 128 -215 -135 -103 9 -212 19 63 92 -127 -10 -79 -116 4 -34 -6 -198 147 -165 -241 -47 -209 -14 163 -239 -80 -142 -183 203 -246 -201 -5 215 155 79 -121 48 -148 130 -67 -172 153 187 -20 236 133 -42 -181 -85 -143 -217 -157 -111 27 -190 141 66 -77 -44 -214 234 -178 -206 191 -117 246 199 6 117 -138 206 -15 189 -97 -133 33 67 0 248 -184 -192 217 225 -101 93 -65 44 -13 -132 184 229 -128 -26 149 172 127 -233 -213 145 -61 -193 146 228 166 169 46 -73 -43 -118 28 164 -62 -155 -129 -57 197 -235 -29 -9 17 134 156 -69 -174 -163 -224 -126 -25 -90 249 30 59 -205 1 181 140 159 -48 -32 -229 49 25 202 -197 183 110 16 85 -219 -71 -1 21 -243 -2 80 -115 -91 -195 -204 71 238 151 -226 -196 -203 193 52 96 2 116 -202 -95 -136 -28 24 -81 231 154 -124 175 -120 -182 62 107 -164 -87 84 211 47 -194 194 -114 99 -173 190 233 -189 18 247 185 168 -36 -250 148 -180 43 -98 -150 160 -21 243 94 -186 20 58 73 56 174 112 -82 124 -207 167 54 212 14 10 -188 -106 -225 171 237 3 -104 230 -105 -141 -94 -234 -167 -93 -63 165 -122 222 157 -232 -50 -53 -27 95 219 15 142 120 87 241 131 65 -228 -147 109 -166 -68 108 232 121 -107 213 132 74 224 -49 220 -41 11 -211 -242 -227 100 201 -185 26 129 -200 72 -123 -134 41 135 5 -248 83 51 -145 208 245 214 -66 143 -131 111 205 102 137 -54 162 -4 101 68 13 -51 -88 -218 186 -146 -92 -238 -31 77 -74 -52 97 -187 -112 -18 34 98 64 216 -110 -23 -59 195 -199 -125 7 -99 218 -249 -100 -39 178 -40 -16 -96 8 60 179 200 -64 -84 -230 -231 -76 -240 -130 227 91 -137 161 210 104 -8 -60 -37 182 136 89 -152 45 173 -208 -169 53 -153 -149 -12 -109 -86 114 106 -35 -46 -162 122 242 152 118 38 -45 -11 -113 -24 -30 -154 -179 239 37 40 -170 150 90 244 -17 61 -158 204 177 -159 -83 78 31 29 158 -38 188 -223 32 -191 -102 -160 105 235 50 -237 -171 -236 -58 -156 70 22 -3 -108 -175 138 39 209 36 -244 -19 221 119 -72 -55 57 -56 86 81 76 35 -168 139 -70 144 226 115 42 -161 
TEST 129 ARG:-170 -173 155 170 -104 72 67 166 210 131 196 5 -181 163 90 -207 -74 16 -247 -209 10 -139 34 44 30 122 -211 -102 245 231 193 92 17 -15 -157 143 121 239 12 208 -38 -30 -232 -165 -195 -122 -113 35 204 -49 -185 -11 -231 -179 -106 115 -144 -67 -135 63 -85 -115 2 123 -52 -229 192 71 95 3 98 180 146 -241 -244 76 169 110 224 51 141 82 -94 -174 111 127 46 203 186 145 8 -59 -66 -121 -148 -60 103 119 77 -14 74 -105 206 -35 23 -19 -156 -146 -124 -112 -233 195 -215 -56 14 1 151 -226 -217 -78 -100 -168 -132 -88 -1 124 24 -108 -95 -53 -218 -7 -243 144 -134 105 -97 106 244 33 -103 -33 118 79 -61 -219 -43 81 -154 -62 -118 -238 232 96 184 -220 198 248 -81 226 -203 -186 -31 -245 161 100 9 83 -235 183 49 -87 -145 178 -212 -36 149 -37 -55 -111 -26 -126 37 -199 13 175 -183 21 -248 -69 -44 -223 -32 -8 -151 -42 -194 -72 219 134 97 -84 -159 -216 109 230 233 -107 -39 0 190 188 -76 80 114 28 -114 55 -92 -236 -12 150 -91 -208 167 -20 101 229 129 39 68 242 221 187 -24 -175 50 -190 -50 -34 -40 -160 191 132 70 69 -228 159 182 173 25 -169 -28 40 -98 -117 157 58 20 -5 -23 177 -120 181 -137 165 -51 -82 -138 -16 -182 -99 185 -224 27 -18 107 -129 -73 152 59 -13 205 -246 240 217 153 137 -147 -184 -29 62 237 138 47 94 189 -249 158 -10 -64 220 130 -153 135 84 -250 -2 247 213 125 61 -45 -152 117 15 212 99 -21 43 -222 -101 -133 19 133 -123 -57 -125 64 4 136 -116 22 -176 -9 227 108 -163 -155 26 -119 -48 -162 85 -237 -86 102 -142 -68 -128 148 -77 -225 -27 -177 78 -93 53 241 -201 236 238 209 48 -161 -110 246 60 -189 -54 -47 113 -70 -214 112 -206 -191 147 120 243 89 -242 -130 54 -205 91 223 139 126 -234 -149 -172 87 -96 -192 -58 -127 41 168 18 234 202 88 -22 -166 -80 -71 -143 -227 -178 -221 -109 140 -65 172 -197 116 197 -46 174 -136 -141 38 32 -200 -164 86 -150 -131 154 218 228 -240 -79 194 235 6 -198 -167 207 249 214 171 128 176 -187 52 -171 -25 36 -188 65 164 -4 225 -83 200 -140 156 -213 216 -158 66 -41 199 -6 73 -210 -17 222 104 -202 -89 29 93 -90 57 -230 211 -196 -75 -180 75 162 142 31 11 42 56 160 -3 201 -63 -204 -193 7 179 45 215 -239 
TEST 130 ARG:57 33 163 -34 -68 106 -250 64 225 233 115 -11 133 167 -115 63 -201 -241 148 158 -25 55 15 241 59 53 -156 -159 -212 200 153 -164 190 19 -5 -222 222 -100 6 -236 166 -176 129 -195 -194 -148 -33 -15 11 -207 110 -103 -142 -143 41 -220 128 -3 -230 -213 -102 -40 12 -30 -81 162 219 88 195 -168 -80 -56 138 -135 -158 124 -123 -24 142 -26 -42 149 -149 -202 104 30 131 43 -206 -165 212 20 -118 -6 60 69 -83 -246 235 168 199 247 186 -84 244 52 164 -187 93 209 -217 -65 73 -91 -177 221 201 204 -43 47 143 134 56 -228 -163 152 170 -130 -239 -235 4 97 -238 -67 -107 -233 242 234 62 161 181 -29 -31 239 165 1 196 150 243 -75 144 125 155 36 246 -170 -208 -131 126 79 160 -97 -152 -203 -151 -39 109 249 -10 46 89 118 151 -197 31 -122 101 175 116 95 98 49 210 -211 217 185 -38 -78 76 -129 34 -17 -205 -242 85 -243 42 237 90 202 17 -189 137 213 135 214 44 -154 -23 111 -160 -190 7 147 -172 232 117 -229 189 -14 -61 240 -89 -183 -62 -145 -127 141 51 2 -8 145 -166 -184 174 -2 172 -138 -35 -182 -126 226 72 -161 -85 -234 96 103 -134 16 -125 -185 80 183 -45 -53 -162 5 -171 -87 82 -71 -69 -146 -54 8 -86 -59 94 -12 107 -116 -169 -247 179 -72 177 -57 121 207 -51 -41 -73 -153 230 169 35 -157 132 -98 -141 -27 -113 -144 83 108 -200 -121 61 -248 -95 229 81 157 113 -117 -173 -96 173 -36 -79 -20 220 171 9 238 -108 -186 203 227 -219 40 -104 197 -192 -179 65 -120 -94 -16 -21 -58 -7 -112 215 -175 -218 37 -188 112 192 -28 87 -237 -191 77 3 231 -88 74 -124 -193 176 -76 -245 -174 -60 139 13 -198 236 188 120 -137 -215 159 50 223 178 70 -4 -48 208 198 -181 245 -22 -63 180 -204 -50 -18 -9 24 -244 187 75 -139 -216 -180 28 0 -232 23 114 -227 146 86 -167 -32 -52 -90 10 122 18 -1 218 -140 136 -109 71 -99 -70 -150 67 -136 224 -221 206 123 100 -199 -196 -224 182 -132 -231 127 45 248 91 -37 58 156 66 -92 205 -226 25 -44 -106 -19 -64 -49 -147 140 -66 -105 -133 130 78 216 39 92 -101 -46 -225 -214 84 -210 194 54 193 48 -77 22 -110 184 21 105 -119 32 -114 68 38 228 -223 -82 -240 -74 29 99 -47 -13 27 -178 -155 119 154 -55 -128 -209 -111 191 211 14 26 -93 -249 102 
TEST 131 ARG:-43 131 -89 26 236 -135 -141 -152 82 20 210 71 -138 95 -242 -93 -184 34 -148 -70 220 -82 39 122 206 56 -171 37 -204 -7 239 -105 -189 -72 -217 -96 99 74 35 248 147 -107 -197 -130 205 -206 -131 47 -191 -4 -122 -110 -230 -222 -241 219 -116 142 -185 100 54 145 -3 180 -145 -126 -173 106 -101 112 64 -22 -164 159 16 -35 -238 15 212 119 -33 -2 93 125 -168 -50 77 -211 -76 -188 -24 -46 217 -121 126 -226 121 -203 65 153 -113 -200 -213 48 195 -132 130 237 -61 51 -86 -146 -128 201 -115 -19 -194 184 10 152 165 -127 170 -236 -114 134 -88 246 166 225 -29 249 -17 -170 -73 -28 -201 -94 58 -247 -38 -92 235 240 -99 24 67 213 -209 2 -78 -48 -14 -235 -77 -71 -66 7 -58 22 124 -207 -244 -176 -221 155 18 233 197 -155 -106 -81 203 -161 -216 -69 -166 69 123 75 62 19 144 97 -249 -129 -79 139 -16 94 84 -150 160 167 -30 -23 190 -8 -103 209 149 -100 151 143 -25 172 -153 -15 -90 136 -177 -190 -139 221 238 118 -74 -228 223 204 -187 -20 -163 -125 115 -215 244 42 116 -167 36 6 3 -6 129 40 -237 169 -183 -67 111 78 38 -162 -97 211 191 199 33 -225 -174 -118 168 150 -160 -5 222 -45 46 132 137 90 -224 241 61 96 -111 227 247 -133 53 -83 -233 -59 -172 -95 -246 -248 -179 -202 -196 146 -62 156 49 5 117 164 -220 -85 -149 214 105 -232 98 57 -98 -210 9 32 154 -44 17 -136 13 -143 -159 -223 0 -53 76 186 -137 11 234 -49 231 -134 28 -243 81 -140 -208 -147 -198 -214 -80 133 -175 229 -42 -60 44 -9 196 70 218 114 -186 162 -112 45 -1 -156 21 107 158 185 101 -75 -32 27 110 29 -169 -104 -13 -182 83 87 -154 -181 109 177 -108 -11 89 -65 198 192 102 -37 161 -158 242 104 8 181 -178 216 14 -218 -87 1 183 -26 63 232 55 -84 138 193 120 -54 -231 173 -180 -63 135 224 -120 163 -68 80 -219 187 50 -151 79 -245 -124 228 -144 91 52 -229 -21 -52 25 -56 194 -27 141 -91 243 108 207 174 23 245 59 140 113 -39 -227 4 182 103 -192 31 179 -234 -205 30 86 73 -47 -142 -250 -123 -36 -31 -212 -117 215 157 -193 -240 43 68 128 -40 178 148 -109 189 -239 60 88 200 -12 72 85 -34 -119 -51 -18 -55 -57 -102 92 -195 171 230 226 208 -199 188 -157 -10 127 202 -165 12 -41 66 41 175 176 -64 
TEST 132 ARG:51 -4 -70 45 5 246 78 29 103 -76 -14 239 13 16 96 -41 -221 187 11 122 -26 209 222 54 -53 -140 -182 180 82 196 92 154 114 -177 86 -249 198 131 218 -122 -234 50 3 -107 -40 -163 39 44 -128 49 -123 -245 226 19 -17 168 -211 -81 163 174 111 18 -186 -13 28 -35 195 9 -57 242 -184 -114 -51 -250 36 238 -28 -23 -112 157 -74 -233 194 -56 -191 176 -207 158 -180 89 229 -94 -9 -61 -3 241 -72 -110 73 230 63 127 -146 -209 -236 231 151 -218 185 -43 150 -42 207 159 -149 -142 227 -136 225 148 -118 172 -46 -225 -109 -21 8 -194 -78 -178 -5 -54 181 125 193 -185 224 52 219 -105 204 56 -16 113 109 -145 189 7 223 -139 -10 70 249 -166 -7 -235 129 77 179 -66 -91 -183 -100 192 -39 -88 43 94 -132 213 17 90 -192 4 -87 -190 -243 67 69 141 25 -193 -150 -59 -219 121 -206 -143 -117 -223 -108 84 199 -195 206 -127 -216 -200 -73 -29 132 -80 -226 -2 112 -152 210 220 -224 76 6 106 68 216 -156 -48 221 -199 74 -161 -188 -228 201 35 -220 240 42 118 -22 -125 -37 34 -144 98 -155 79 182 -232 59 -213 164 -67 124 24 21 243 -6 -171 -45 -157 107 175 93 -12 -187 2 248 -34 -121 186 71 15 -115 183 -116 -83 120 217 80 -97 41 61 237 53 -196 83 -134 -217 -162 -214 -92 64 58 -247 -44 140 128 -174 -170 215 12 -111 191 -101 -141 -113 245 -239 -64 -49 105 100 14 -167 -168 -84 -212 190 134 233 -47 -215 234 -90 -24 -20 102 -126 232 -86 -201 -85 156 48 72 -38 -151 -89 -79 57 -208 -203 160 30 101 88 -137 -77 85 -160 -130 -33 -175 171 -179 104 -25 -189 -165 177 166 -36 137 -202 -198 235 152 -99 147 -68 -138 214 -181 -19 -62 -60 146 -197 -75 -32 178 47 -102 136 -135 38 -158 -50 -1 -96 -242 -133 -237 87 212 -241 -82 149 138 -248 -8 -230 62 -129 -164 -15 23 40 -52 161 139 -172 -147 -229 20 -104 -131 65 -119 173 247 202 -227 10 -238 162 -124 197 135 110 -11 31 -103 123 208 236 -55 60 -173 -169 133 144 -63 -95 165 32 143 -210 46 116 -58 119 95 -18 184 -153 188 203 153 211 -176 167 -106 108 81 126 -159 99 170 -93 115 33 -98 55 142 117 75 -30 27 26 97 -204 -148 200 155 244 37 -120 -240 228 -71 130 -31 -27 -246 169 -222 -244 205 145 -69 -231 22 66 1 91 -65 -154 0 -205 
TEST 133 ARG:147 119 152 171 -73 118 -24 185 33 62 201 123 154 1 -180 181 -92 -26 191 -96 187 -27 224 182 128 98 -6 -118 204 -209 -184 -108 -192 148 -117 131 -204 138 -138 -212 -63 146 130 -16 192 -135 -217 103 241 68 -178 92 -14 19 -243 197 55 6 -33 46 -54 -101 150 71 120 113 52 -181 91 214 87 -23 -156 240 -7 35 -201 -196 -85 -84 -79 -158 95 -238 -137 13 -185 169 107 -182 235 134 64 212 117 -109 83 -235 51 -172 216 -125 -225 -110 142 -8 -228 27 -55 177 -147 183 -116 -179 -56 -88 115 129 230 65 246 -167 10 -22 165 172 -177 29 -159 -222 -143 36 -89 -66 -216 239 -155 84 231 189 168 14 244 -9 205 218 -44 210 85 -142 -97 208 -248 -87 43 -129 -30 70 -210 -115 -119 -93 -133 42 155 170 -98 -144 9 34 63 -102 2 22 15 -35 166 7 -51 80 -103 -121 178 -246 -232 -40 12 -114 -15 108 -74 234 -45 180 -124 23 8 -36 60 96 -245 -127 -41 -75 193 -113 243 229 -199 -62 102 -188 -220 135 242 -233 -57 5 38 -150 -227 -162 237 -230 79 100 -168 121 -61 69 -47 -242 -91 -218 206 132 -28 53 -59 -12 97 159 228 -211 -95 -203 -161 203 238 -200 -13 -43 -3 199 -166 -186 -52 220 -207 -214 -68 45 99 16 211 -234 3 143 179 -140 -4 94 -17 195 -46 -153 162 215 -169 217 219 47 -206 -213 93 -72 50 -157 160 126 -100 232 59 -18 -241 11 54 66 -1 106 -195 122 -160 -94 67 225 -221 90 76 156 175 -139 -90 151 -81 18 -247 190 227 -215 125 49 139 -148 73 -123 20 -187 -198 213 28 4 223 -25 17 158 -104 -58 -48 -249 -224 -106 164 78 157 163 112 -174 24 -250 109 124 174 -176 -70 -34 -223 -31 -154 -76 141 21 -10 144 -189 -170 -173 136 127 0 133 -128 -164 -21 75 -145 207 245 114 86 61 -231 -107 226 -111 -83 167 -126 30 -171 81 -120 58 110 -37 236 89 194 25 176 31 48 57 -69 -39 -105 -80 -226 196 222 26 -5 -38 88 209 -197 -208 249 32 -65 -194 -60 74 137 44 -146 -11 -86 -71 111 -191 -122 184 -165 -136 -141 101 -132 39 -202 -149 173 40 -50 -244 153 140 188 247 -53 -77 -163 -237 72 186 -130 -190 -29 -32 -134 116 -152 -78 248 104 -239 145 198 -193 105 -131 -19 -236 82 -205 -49 233 56 -183 -20 -82 77 221 41 -2 -240 -42 202 -112 -99 -175 -151 -64 161 200 -219 -67 37 149 -229 
TEST 134 ARG:88 20 107 26 -217 193 209 45 238 117 -149 -39 -127 221 -9 -82 -55 51 108 -175 70 -38 -93 -240 30 69 -146 -78 -90 67 37 -8 111 -29 -121 -213 -246 11 175 -106 84 123 -99 120 -118 3 166 169 -198 212 121 46 -128 178 110 243 112 16 -140 234 -96 -176 230 14 -134 -151 -238 -50 2 -4 231 -57 168 43 194 -245 -51 -187 -120 -63 105 157 95 -222 -110 182 96 -205 246 -158 195 -165 189 59 224 197 -119 158 -59 -138 -242 -12 213 220 25 181 216 -13 47 -232 102 -20 245 -16 242 -223 225 -114 -69 104 -167 -183 131 -94 228 76 248 143 149 148 -247 200 241 -210 -200 -123 -159 29 94 -185 -76 -115 -139 -192 -227 -81 101 93 71 -172 -236 -186 -37 -71 -214 135 52 127 23 -66 160 -21 -100 -136 -32 99 74 -212 -77 -48 114 -132 -235 124 -47 81 -169 17 176 -231 167 183 72 -107 -72 -124 -86 53 -218 -189 -62 -41 -203 100 -36 -26 5 -207 171 -129 174 -35 208 50 24 58 -188 -191 -61 35 -161 91 -215 184 218 152 190 -52 -181 63 237 -154 -221 142 -122 -103 222 236 1 109 244 180 -219 -199 203 8 38 -194 138 150 199 247 -201 223 -250 -142 -160 -144 -74 -56 -84 -204 -164 136 -109 240 -150 48 -162 -143 232 146 -147 21 141 97 -43 -184 32 122 -85 -157 -244 145 192 177 -54 159 205 -249 -75 -23 -152 -211 -243 60 89 -133 -155 156 73 -44 -166 -193 -117 187 128 27 132 79 -180 133 188 -233 40 44 118 80 -28 -225 78 -83 -125 -230 -216 -190 210 86 151 -22 -80 -1 56 61 163 155 -241 -148 -73 -156 -89 219 -177 239 -220 39 -202 33 -195 -237 54 -113 -209 9 202 92 90 249 42 130 137 126 164 64 -40 -111 -60 201 -10 -178 -87 -206 147 -25 -239 55 207 -229 -7 179 -234 -108 -46 6 -42 -27 -49 103 -98 41 -197 116 -145 214 -208 -137 19 -67 233 75 7 196 13 172 82 227 186 -64 -30 65 -116 -5 -196 -95 162 -226 173 62 115 191 -102 140 10 113 -248 226 -58 161 -101 -153 -15 211 68 -34 144 12 125 -224 -17 -45 -3 185 235 165 206 22 -168 -91 -79 204 36 129 -18 -2 34 -31 134 -182 -97 -105 198 4 -19 -130 -163 -126 -65 0 217 170 -104 85 31 18 -135 98 28 -171 -170 -68 139 66 -24 87 -14 -173 -53 119 -92 77 -6 229 49 -112 -33 -88 -179 -174 15 -11 57 83 154 -141 153 -131 215 106 -228 -70 
TEST 135 ARG:-62 -220 -17 -144 -247 27 -89 -232 4 -238 -97 74 -28 230 -156 -86 73 -154 189 231 -230 -222 208 -46 42 227 38 -50 -74 143 123 -245 -68 -243 173 -124 163 119 12 -5 -241 75 -37 15 -179 -142 113 -101 -59 235 25 137 104 -8 238 160 -23 122 -94 6 51 107 125 47 233 80 -193 234 -169 -126 186 -214 -176 97 198 139 -102 220 -236 -49 -13 95 2 -233 37 -122 -35 148 -223 -171 -123 -7 182 1 103 -40 -39 -2 -83 -88 129 -177 -128 133 -155 -229 -234 -167 -133 -188 -221 93 197 24 167 -44 213 -137 120 201 90 -70 228 -106 70 217 158 -38 -15 -162 50 170 -225 18 -112 206 172 3 -136 -166 -81 -117 -92 -120 -65 -227 57 239 153 164 -116 45 56 13 -213 -90 194 -242 229 -78 -152 -150 -61 -18 -239 -56 196 114 14 118 102 -125 -196 -76 -119 -96 -36 0 100 155 -191 -228 78 -20 34 175 -170 -157 -135 89 -79 76 -246 -66 -107 168 -219 128 219 69 91 88 112 -192 -82 68 -108 -22 150 -6 21 188 -71 -146 16 -141 -165 -47 -93 22 -104 -63 237 -14 -111 31 134 176 54 215 -75 49 86 249 178 -178 -224 -1 245 26 -26 -114 63 -29 -60 -85 181 36 -194 246 -3 193 115 -25 166 -240 204 -217 17 -121 61 -173 232 135 147 72 116 59 -168 9 131 -231 -210 211 132 92 154 192 108 55 111 161 -205 11 -212 -158 44 -248 -84 207 185 190 -69 146 141 40 82 242 -145 -4 81 101 -19 159 -80 52 -151 179 200 149 33 144 84 10 -180 -143 -67 -161 8 43 126 71 96 -174 -235 127 -54 -55 -21 30 41 -203 224 -77 152 157 -211 -24 225 -10 94 -139 -244 20 -160 195 124 99 -237 214 105 87 -51 85 -130 35 202 209 -250 -216 -207 -100 130 -209 -200 221 -41 -189 -199 109 -201 65 -118 151 -16 -33 -163 -226 171 121 106 -73 212 -129 241 -148 -42 240 46 226 210 -149 48 -159 -153 180 -87 -99 -113 -12 23 60 7 -185 136 -182 247 -202 -131 -164 -9 138 66 140 -110 -198 32 -147 169 -195 -215 165 29 199 5 222 -95 28 -186 -172 -140 -187 174 216 19 223 -45 -204 -64 -11 162 39 -48 -34 -58 205 83 79 -127 98 64 -115 -175 110 -206 177 -27 244 -53 -43 -57 203 -184 67 187 -31 -190 -109 -98 248 142 -183 183 77 -91 218 -52 -197 -181 62 145 184 -103 -32 -249 53 -132 -218 156 -30 191 58 -138 -105 -72 -208 117 236 243 -134 
TEST 136 ARG:132 51 38 -241 -224 27 -246 -47 115 2 142 -57 -177 133 181 232 66 -89 113 -237 -195 -38 227 -193 -16 -203 -206 -70 158 189 -109 -245 -235 -85 249 233 237 1 221 -139 239 197 -220 -33 -95 -165 -2 130 -87 -212 223 -54 -15 -162 -207 107 24 -58 235 214 48 146 -240 -135 32 -119 163 61 96 168 210 -98 -141 -234 89 -101 149 128 41 -103 134 52 243 196 -102 205 -75 -117 71 59 105 -155 -49 103 140 86 109 -79 224 175 13 -106 -144 81 67 -5 -215 46 120 -172 228 73 -238 -84 -100 28 190 -22 117 14 -198 213 -115 194 58 55 -112 -140 -213 -68 -227 201 -176 -146 203 -229 124 45 87 -81 178 -232 -56 108 147 104 -7 -105 131 22 -249 156 42 -148 169 -6 -168 209 -36 53 -72 -151 -3 -191 60 -12 39 -243 245 161 -10 -90 179 -204 91 -166 -170 -161 102 206 10 -147 226 -226 234 -8 -136 -163 200 -18 217 202 241 80 -27 30 -82 177 -231 0 173 -9 18 -19 -121 -219 -223 -236 -222 23 -74 35 -92 116 192 -138 -158 -120 -23 154 -29 236 -108 231 135 125 -34 84 141 198 49 -88 176 -179 47 215 -116 159 40 31 247 -239 12 -214 -52 165 -55 183 57 -185 -60 -142 180 74 11 -169 64 187 143 -13 182 -187 -250 -131 -97 155 -197 20 150 -42 -17 -160 218 -242 -107 -233 -32 -194 -137 184 -35 -80 -150 157 -78 -61 98 -181 8 6 -171 -209 33 122 65 -94 195 -83 -154 62 -86 -225 152 -180 -125 -1 -178 166 -93 -114 126 -21 -210 -30 -104 -192 -43 216 63 50 36 -41 240 -118 171 -175 212 79 76 -50 -182 164 -122 -200 170 29 -145 -44 -217 -123 112 78 174 -65 225 -91 -133 -218 -211 -31 -202 -216 -48 15 222 185 151 -66 95 56 -76 -247 3 -24 -132 85 5 99 153 -173 -244 211 -183 -73 7 -230 -188 229 -127 119 199 208 -152 248 72 -45 246 93 -159 193 -63 -196 191 -130 21 -28 69 100 -46 -248 34 -189 54 136 -71 186 37 -186 88 -205 -96 75 -59 -190 90 -124 16 101 -4 -201 -128 94 121 -208 -167 -20 -37 242 144 83 -129 138 204 44 17 -111 4 -228 26 -134 220 -221 139 -14 230 106 -156 172 127 148 110 238 -25 -174 244 77 207 43 -184 25 -157 219 -149 -199 114 19 -67 70 -51 -40 -126 82 118 167 160 92 -64 -164 188 -110 -62 -99 -143 -153 -39 -53 123 111 137 162 9 129 -69 -26 -77 68 145 -113 97 -11 
TEST 137 ARG:172 114 -47 47 194 20 -237 197 229 -183 34 -238 -136 -121 -149 -25 -243 120 -246 153 -203 -172 -52 -1 146 -71 -100 -207 151 22 109 -249 -245 -64 -188 201 56 -50 -84 -26 158 84 177 -224 2 232 42 215 190 -46 59 -143 -135 134 46 75 80 64 113 212 -208 -210 72 -110 3 131 49 40 154 -236 -120 45 -2 -195 -157 -5 76 -214 -59 -95 71 133 -229 -94 -89 167 245 204 227 -43 -119 -141 147 -191 -146 43 -44 -211 -34 14 -173 246 182 -35 -15 213 -186 54 193 -117 203 85 -204 -90 181 216 -81 -88 19 -205 205 189 145 26 -170 30 81 6 -165 -33 180 -150 83 86 173 -223 -48 -130 17 24 -61 217 -196 90 206 -247 -113 141 102 -213 -106 -184 33 -103 -221 -189 -145 -22 -187 208 166 244 161 112 -70 105 0 199 -233 211 191 155 187 168 -228 -66 -20 13 11 9 -178 -32 -92 -91 150 -129 192 -239 -56 -123 111 144 196 -218 -112 142 5 -175 -250 -118 -125 -161 -80 78 -114 -24 186 -40 178 79 -216 236 162 -58 58 -74 233 -67 -19 248 41 -230 97 -87 -54 -242 -53 -168 29 32 225 31 -83 -176 103 69 123 -156 44 -31 -9 165 -65 35 -79 148 228 -115 100 -82 60 23 -185 209 7 156 55 -226 -36 -133 -241 -138 -96 -23 -97 15 170 126 237 188 -57 66 -30 -140 207 101 -198 238 57 53 -158 -75 48 -192 129 176 -28 183 152 93 115 10 -193 27 4 -45 218 73 224 18 -174 -235 -49 -78 124 117 200 -190 171 110 -76 220 -137 77 143 -177 -151 -155 -6 157 -29 -131 96 219 -215 -219 -181 92 -180 70 87 -73 -60 -12 -4 210 -99 -154 -152 -51 175 -13 99 159 -116 -162 -69 -104 -41 -200 116 -244 -160 -132 82 242 135 -212 37 38 202 -102 214 -171 63 108 119 -39 -148 241 104 -27 140 107 -77 -17 50 -201 -182 28 -202 -179 -11 95 -206 -111 21 -109 139 -37 -147 160 -167 -7 -128 -234 -139 16 62 -93 106 -194 136 -164 -153 247 239 -248 -232 -134 68 174 -14 230 61 -197 -42 185 88 74 138 -220 137 39 -127 25 -63 125 -217 -72 179 249 -231 36 -98 130 243 -105 8 -55 -225 163 -85 -124 67 127 221 -199 198 -122 -227 195 184 1 235 -159 -86 240 -10 -126 -163 -21 169 -38 -222 223 98 65 91 164 -108 128 51 -209 52 231 12 -62 -166 -3 118 -18 -240 -101 121 234 -16 122 -144 -8 -68 132 -169 222 226 94 -107 -142 89 149 
TEST 138 ARG:85 -249 -147 30 72 221 -171 -109 -110 -40 244 47 -216 10 -33 193 237 61 -7 43 162 -112 -226 223 2 -124 -178 141 45 76 -201 42 160 -54 126 -233 46 90 -164 -50 74 -175 -248 -51 5 247 103 243 134 149 -155 173 -121 168 -3 -247 169 -240 -122 227 69 66 211 -143 95 -159 -117 115 36 128 20 -173 -118 80 -191 71 161 -125 -52 -146 -156 75 -133 58 248 -199 33 -101 242 104 171 -172 -26 68 -55 105 -131 -23 -204 -85 127 172 -129 -2 -102 79 155 0 179 82 200 97 101 83 -6 -77 -82 194 197 207 -89 -20 -38 -205 87 -13 188 154 195 -213 121 198 49 176 -135 -190 174 15 -103 -222 -126 -83 -86 222 212 -21 -16 -161 -75 -17 116 233 -96 -123 -238 -148 156 202 -136 -162 -64 123 -235 -70 -4 -98 -35 -214 -32 34 31 -167 196 96 -158 180 -193 203 -76 81 238 133 -141 19 -36 -200 -45 204 -113 27 -25 165 109 184 -244 131 209 41 117 139 14 -185 167 -174 215 153 -192 -197 6 -69 -182 -65 -186 3 -74 -53 164 -71 52 40 -27 -24 228 241 -127 55 -246 129 100 175 -49 7 8 1 18 -56 -18 9 158 -11 -153 147 192 -81 140 77 -128 -115 106 37 -120 225 65 -44 -91 240 205 -94 -170 -160 57 135 185 210 230 102 -242 -119 -194 245 -73 214 -230 -196 130 35 125 56 229 -59 199 226 -90 -184 98 70 50 239 -195 23 28 146 -15 -116 -150 -215 -220 -157 -29 -211 -108 111 -250 -80 38 -210 107 -12 159 -41 -22 -1 -183 112 -68 22 -84 170 -239 13 24 150 -225 -139 181 186 78 -181 64 -87 -149 -165 48 -188 142 -46 218 73 -48 -78 -100 -217 110 -189 -202 -34 62 -231 119 -66 91 -237 201 -152 59 -28 17 -206 108 -67 206 216 231 -198 29 148 11 114 94 67 21 -137 217 16 88 -163 39 -105 113 -97 213 224 -179 53 -203 -19 -207 -92 -9 246 -104 -169 4 93 25 -232 144 177 -219 -151 -236 187 54 -42 -138 -88 132 -245 -111 235 51 -47 -229 44 152 -144 -43 -106 -243 63 118 -212 -61 236 -132 -209 -37 -177 86 220 92 32 151 -93 -176 178 191 166 120 138 208 145 136 -72 26 -10 99 -8 -14 -39 -166 -57 -58 190 -60 -79 -30 -180 -223 234 -62 -228 -187 -5 -142 183 -227 143 -234 -95 -224 -145 -63 189 -31 -134 60 -99 -130 232 -114 -218 -241 163 249 137 -168 -154 -221 -208 122 89 -107 157 -140 124 219 182 12 84 
TEST 139 ARG:9 149 185 -231 -236 187 -151 -28 199 -132 -43 96 -197 18 -159 -54 197 189 -103 -41 -195 188 89 -72 78 -118 -171 2 230 -94 -109 -226 7 -137 194 -24 203 -116 -149 15 -168 132 124 193 147 84 -234 -178 -71 -49 179 -188 -233 161 -80 -48 195 235 -44 216 24 227 -129 14 229 -26 -203 -92 -84 -155 226 -214 -89 169 -56 -227 218 -46 -146 -164 -202 -218 -68 -192 -222 55 131 -241 225 60 144 32 -107 -86 82 222 142 -167 80 129 46 221 -238 -77 -249 90 70 -7 -3 -14 66 160 -200 184 -60 -30 208 -96 209 211 233 171 41 56 47 -134 176 219 -97 -127 -81 -133 -29 -224 -25 -111 -78 183 -126 -220 105 -136 196 77 175 244 146 -157 0 -225 -120 26 204 -177 98 238 -102 -163 99 63 75 -186 -223 65 -65 207 -20 137 -183 -85 -125 39 200 40 16 -99 -52 -221 -32 38 52 123 -113 -193 -185 68 122 -22 214 150 43 -209 243 -143 120 -17 -158 -73 -148 248 141 -212 -106 174 -217 110 -110 220 178 234 74 23 139 48 -2 101 21 151 155 3 191 -198 -250 67 -63 116 -207 -9 73 50 -13 -147 -184 -35 126 -90 152 19 -156 -36 -204 -245 -162 -119 100 165 28 27 -11 -199 163 -161 -55 154 33 -57 -154 -166 -108 166 -53 -144 17 242 240 81 213 170 44 -18 -39 -1 148 -100 114 157 8 -210 54 -114 138 -87 102 167 107 -123 -76 241 72 -145 -189 -128 42 -117 228 -208 -228 -205 -64 -243 -131 113 118 -242 159 164 -235 -88 71 117 115 236 -45 133 -182 -10 -176 92 108 186 -229 -191 -82 83 145 -38 -215 -8 231 153 64 121 -142 1 22 57 -141 -91 12 -247 53 206 -74 -50 -75 59 -27 106 202 45 -121 58 -170 -5 -201 25 85 -216 31 -16 192 -153 -160 -61 61 135 36 -190 -4 103 127 246 -211 37 10 -152 -173 -130 -105 -93 5 130 20 247 177 -194 -40 158 -196 -230 104 86 109 156 95 -240 -58 -135 210 -140 -248 112 -232 -169 -42 -59 97 181 29 239 -124 172 -180 -101 -21 -122 -62 91 -37 -83 224 111 134 136 -165 -34 -47 -181 -12 35 173 -115 249 -213 -239 232 119 -23 205 11 128 201 212 162 -6 -51 -67 34 -237 -33 190 76 -95 -174 -150 87 -138 94 -187 93 -244 88 168 4 -112 -19 245 49 -31 182 51 62 -70 125 140 -175 -139 6 -172 69 -219 223 -15 -104 217 215 237 -206 -246 198 -69 143 -179 13 79 30 -66 -98 180 -79 
TEST 140 ARG:-8 125 -201 78 157 -38 19 -225 21 186 64 17 40 -129 161 116 13 -167 0 -216 -4 173 -235 151 11 -158 -19 -144 26 109 185 -157 -200 -50 147 -5 178 113 -79 -180 -82 69 -80 -45 145 227 152 82 -211 -18 -209 218 238 114 122 142 -49 232 171 -181 -73 221 90 -118 155 110 -185 -159 87 83 -67 -198 -58 -17 101 -121 -36 -53 61 31 24 -102 57 88 236 43 132 -220 -33 -1 -85 94 65 -137 -146 123 103 169 20 -44 211 146 -224 108 -186 -204 -3 182 71 3 131 28 -95 5 -2 -130 -99 192 -156 100 22 55 49 73 -84 25 2 -62 156 38 -117 -203 -218 -91 -172 -61 -179 -83 -176 166 231 162 -101 -231 -124 -86 44 -12 80 -21 -210 -28 191 -30 -177 121 -120 234 106 174 -55 18 1 86 -249 -227 33 -213 -46 -113 204 140 206 128 199 233 59 -128 -127 -174 -239 -10 -233 41 183 -243 130 -27 -14 172 76 -182 -145 118 -222 -35 -195 137 107 -68 126 208 -206 -250 -122 -194 235 -98 -48 -153 -242 105 81 -202 120 -168 -131 184 -104 213 220 198 -141 14 37 202 -24 249 -190 -78 51 -155 -74 179 75 148 -110 -149 215 -94 205 -66 207 70 219 129 -241 150 93 -166 -42 167 60 -219 42 96 -6 -70 -191 -207 -229 -247 74 141 180 144 16 -152 -171 -133 -51 187 -215 -60 170 -165 143 -72 133 230 -56 89 -108 -162 -59 -178 -116 153 -196 135 -147 -88 -125 9 188 95 217 -93 176 190 -221 -115 4 -97 193 -40 164 98 99 -103 -161 242 -173 -245 -106 224 -183 -237 10 30 -248 -32 -226 -15 56 226 -100 222 -136 32 244 136 -114 -76 111 200 -142 -236 46 -170 92 239 175 -81 -7 127 -90 58 52 -69 -175 246 -154 48 8 -87 209 119 -16 229 138 62 79 247 -41 -240 -47 -140 -54 39 -119 -187 194 -89 -214 -143 -13 181 -139 189 -223 72 245 -96 6 -37 -34 223 115 63 212 -57 -134 228 53 -192 -189 -107 27 -217 -20 35 -205 66 -164 -71 -112 -25 196 241 -77 -52 248 237 -244 104 243 12 168 -26 -135 -208 -163 97 197 15 -22 112 68 -123 -109 -212 50 -193 124 159 34 -169 -138 -31 -23 117 -132 84 -188 -43 163 160 91 -63 -238 154 -92 214 -151 -230 201 77 216 -29 195 149 -64 -148 -105 -246 -75 -160 210 -184 139 -11 7 102 23 177 -228 134 45 165 36 -126 67 -39 -111 54 203 240 47 -150 -234 29 -197 -199 158 225 -9 85 -65 -232 
TEST 141 ARG:144 244 -249 -24 -31 106 -132 179 41 -99 -135 -98 -176 -97 228 239 -63 -81 10 154 1 -144 -232 -210 150 -100 -221 121 -209 75 69 -86 -182 173 46 9 100 139 -90 232 -123 44 80 -110 32 -125 -208 -207 -55 45 18 -60 -1 -180 71 -133 -203 65 217 -69 -198 -40 -42 70 223 109 -54 -85 184 -48 167 -185 19 -109 -226 -32 -53 128 -71 -14 51 242 166 58 -33 215 -2 22 -95 -241 -121 21 104 200 -233 118 175 -111 126 -171 -4 -43 206 147 -191 -222 145 57 -193 -140 17 -67 -145 202 -79 30 -12 -16 76 -92 -19 -107 -213 163 -244 -153 96 -49 -11 -65 -116 -128 141 82 -194 221 37 212 132 -127 27 -177 -170 -189 231 209 89 97 78 -78 159 -94 -151 193 -10 83 161 -183 15 48 93 -82 -117 -195 -101 101 -225 196 -245 -41 -58 31 -174 -229 -169 -146 194 -157 -211 86 165 180 84 4 164 190 -27 176 152 187 -224 -179 -239 124 -76 198 -108 -216 -240 -102 -139 -192 -142 177 72 -181 -242 -75 186 -247 -147 -162 23 -228 -113 210 33 -215 7 -136 62 -220 -6 -59 98 -39 35 169 181 -154 88 -30 225 135 -7 107 -18 94 -197 68 151 207 -187 -61 2 -72 171 248 -237 -13 -68 99 157 240 -159 -160 -184 -166 149 -150 53 -47 -56 39 142 -87 -9 -248 192 -202 -84 -64 224 -29 -122 -165 162 170 91 -172 -156 247 -212 140 153 -46 38 183 195 0 -223 -214 -246 122 112 189 6 -243 90 -8 111 -167 127 77 114 -73 -5 -66 241 105 216 63 -104 243 222 -238 -196 -120 205 -38 168 -141 -231 92 103 -219 -148 138 42 129 -236 20 226 56 213 -129 85 119 110 125 -234 59 -93 -201 -36 -188 14 81 49 67 201 245 -230 -161 -124 47 136 158 237 -138 26 -199 -218 25 -35 24 249 220 208 197 5 -118 -152 -106 -45 79 -21 -88 182 -235 -62 -103 -126 -168 130 -28 156 235 -15 229 117 -158 233 73 -83 -178 66 174 148 -164 234 -20 -175 64 -70 87 -200 -3 -26 218 -52 43 -80 137 8 -34 16 -149 236 55 -134 -173 -96 191 188 -17 -23 115 -119 -112 -137 155 178 3 143 -217 113 -131 219 -115 -155 134 50 -114 160 -25 12 -51 131 203 -227 -190 -163 116 11 -130 -89 146 214 108 -105 52 -77 -74 61 28 211 -44 40 60 246 -186 74 -57 -250 204 54 95 -143 36 -37 102 -206 230 -50 29 120 123 34 -91 238 227 -205 -22 13 199 -204 185 133 172 
TEST 142 ARG:213 -85 -68 -66 226 239 -209 -56 54 -110 1 -123 165 178 -20 -96 -121 -59 79 124 157 33 -185 -114 -238 113 102 -127 88 142 58 18 -87 241 52 -244 154 -76 177 -6 15 -30 -139 84 -169 -158 -146 22 -61 -133 68 -40 -171 -16 155 127 -22 150 64 -82 188 -191 146 -247 -88 -159 77 3 156 116 97 -35 -143 56 46 -108 193 -81 118 90 -184 -194 185 108 133 -43 121 210 31 189 83 39 -33 -168 98 -218 -26 -107 174 166 17 -181 -80 -104 -243 -69 -13 -153 -226 -203 -120 200 212 -151 -102 235 163 -113 -224 190 134 -231 112 -41 -235 240 -182 -53 132 65 -63 -124 -227 -200 -4 -54 173 24 248 222 -31 137 35 153 -161 170 -210 167 -29 179 -214 -2 139 214 -99 -70 26 233 -208 120 -196 -73 -97 -179 158 -219 249 69 -215 -217 -18 195 238 147 -122 -86 -222 -175 -155 91 55 -198 -60 -147 103 191 -112 245 -126 176 231 28 -50 -100 -228 -249 72 140 -223 -95 -105 229 243 -72 -165 -23 168 7 27 164 -174 -230 244 -128 171 -67 -167 82 -162 -17 204 192 -14 -45 -129 -137 218 8 207 14 -37 -245 23 143 -242 95 -83 122 -186 -221 219 -190 -28 126 -150 -90 87 51 62 45 -11 114 -9 -152 94 75 4 247 -111 11 61 -193 -187 12 21 148 -79 194 209 220 100 42 92 198 -36 -135 -1 -189 86 162 -144 -164 -212 -132 -116 40 -115 -202 -51 -3 -156 -21 141 -89 -5 119 129 -58 -241 199 123 196 38 -160 135 223 -197 -101 6 -225 73 48 2 -12 -75 -236 187 172 -49 32 29 -125 -7 85 -57 111 -157 -213 -84 -149 125 74 -65 9 -176 -248 151 37 -47 234 67 -38 106 -91 160 237 -240 184 169 115 25 130 -94 76 -211 -216 236 70 5 34 145 -8 205 159 180 -237 -74 44 -183 -170 215 57 80 128 99 30 66 221 216 -195 60 -246 -131 203 181 -206 20 -55 -103 -19 -201 208 228 -234 182 96 197 -166 -239 -117 -119 -163 50 242 -64 225 -15 -204 211 81 161 -24 -192 -140 -229 109 16 -39 -233 -98 -44 110 -207 175 43 -205 217 -250 19 59 -134 36 -46 -173 138 -199 93 206 -32 -141 -138 230 78 -145 101 -25 -27 246 10 -172 -93 -62 -71 -106 49 71 47 104 202 -130 89 -48 186 149 13 232 224 0 -10 117 107 -177 53 -136 -109 -232 227 -142 -78 -178 -92 -154 152 -42 63 -180 -220 201 131 144 -52 183 -148 -77 -118 -34 105 41 -188 136 
TEST 143 ARG:164 183 210 -241 147 -160 25 188 -74 -250 0 -66 -92 -61 -136 27 142 22 -64 -11 105 -210 -2 -84 224 -73 58 -49 120 -86 -1 -96 24 -213 136 -159 -199 -220 5 -104 45 87 233 -67 148 -45 189 -172 -151 112 19 81 235 169 15 -169 -133 225 135 -247 -83 -173 55 74 70 111 -188 -22 36 192 -43 132 -183 -214 -240 238 243 -205 -82 52 -123 -55 -146 115 -223 12 -137 139 -36 3 -244 100 -222 171 -189 -245 -209 -175 240 -191 110 127 -208 155 -243 28 -135 -87 14 -31 -233 -168 209 153 172 48 56 197 232 -35 -200 -95 -34 30 -9 -129 190 247 -166 173 18 -211 -235 43 -196 61 113 -53 -142 166 138 -131 -121 -150 20 95 187 96 51 159 182 146 207 176 227 -180 141 86 245 -219 154 196 217 54 102 -42 90 31 213 -48 215 -174 39 -57 178 -152 -156 -112 -50 -20 4 -98 -89 17 103 89 -70 -178 177 -65 73 9 128 242 -134 -127 -176 -103 107 -207 -224 -125 -217 -99 191 -184 67 236 114 181 -149 35 -76 -41 185 37 222 29 -108 123 -204 -239 -10 -126 -38 -192 162 23 -238 137 198 -24 -114 -21 116 -33 -71 174 -190 202 186 -147 130 193 -88 -182 226 -206 60 194 -120 92 158 7 41 -90 -143 -165 -97 206 -153 68 -28 -140 82 218 -54 -29 131 -228 -32 93 150 -139 47 -229 -155 -246 201 46 65 13 -179 44 88 -109 -75 -170 223 108 -193 -47 94 -44 62 106 -91 -226 249 140 76 -107 -145 212 -117 40 230 -110 -163 157 203 80 145 -113 69 179 -116 184 -7 -215 16 -5 170 -148 -101 -79 133 237 66 221 34 83 199 -15 156 11 78 57 -171 104 -194 151 -197 231 -8 109 208 -27 -94 -216 -19 228 84 -18 125 2 220 -3 124 -181 205 -249 -46 -195 -102 121 98 -185 -242 165 -132 -122 -58 6 -85 -248 -12 -39 161 -51 239 64 -63 -14 -78 -164 204 -100 200 26 -236 21 144 71 63 -161 77 42 -162 -138 -177 -72 129 -13 119 160 -203 -141 91 -154 50 53 -77 -40 -130 8 -212 211 -237 72 -158 -56 -69 99 -16 -37 168 -4 -30 -105 134 219 -201 -23 -17 152 163 -202 -234 1 -118 -59 38 118 -124 -225 33 248 -221 180 175 -93 32 -232 122 -60 117 167 -52 97 -198 -62 126 -227 59 -187 -119 -186 75 10 -231 -144 -218 241 -25 -26 -128 244 85 246 -68 49 -80 -115 143 -230 195 -167 101 214 79 -6 229 -106 -81 149 -157 216 234 -111 
TEST 144 ARG:207 -100 -148 -20 126 -182 59 141 -21 136 220 17 -151 237 113 -29 248 -51 80 -145 -249 -43 164 117 72 -105 -204 109 -97 -35 -79 -136 -178 -198 -80 201 247 -60 -126 -31 -34 6 -199 209 11 15 132 -231 40 65 -38 -54 -61 -124 26 -205 36 235 54 57 -32 91 130 195 -53 243 -223 74 228 10 160 32 -75 229 -4 64 -13 -48 211 -66 41 135 9 133 68 120 189 226 -12 -243 29 -49 -56 -70 -41 -64 23 227 108 183 -155 -173 212 -30 142 161 -230 -125 96 214 98 87 -115 -188 -88 -98 -72 241 -108 -110 167 176 -187 0 185 -8 234 175 203 33 -17 172 -240 -90 -168 -181 88 106 76 -146 246 -144 -167 -68 149 -149 114 -222 -19 159 -139 186 -197 249 208 -33 24 -113 218 -213 143 -239 123 -203 -152 232 -107 -186 129 192 37 -121 86 14 58 163 -248 -76 -164 -95 51 197 -192 -156 124 -184 -141 115 215 4 -183 -5 128 147 3 -246 100 -99 137 -224 69 145 -69 -86 181 174 -161 239 -130 165 -154 -103 -169 -138 139 -185 -106 -175 -120 112 -226 56 -114 97 95 -26 -234 61 -93 -59 -83 178 27 -28 -131 85 70 204 -174 -218 -44 43 -127 47 -58 -46 -160 -122 50 66 125 -217 -245 12 99 -18 219 223 -3 105 -194 121 -250 -112 -65 92 -67 -162 -137 107 198 242 187 77 131 116 182 162 -123 -45 -52 236 240 75 -129 110 -81 -210 -16 7 -171 2 -9 -47 -63 -232 -209 -96 -118 -241 35 -215 -94 62 146 89 244 -176 -172 -6 -233 206 102 153 -207 179 -111 -143 -166 -227 230 78 104 199 151 -201 150 -196 -104 90 -153 -140 194 -11 148 169 111 -77 140 -225 -116 119 173 -229 -7 -163 217 -92 155 231 -158 177 -23 154 45 42 82 -219 -22 22 -216 -242 5 -42 -142 48 101 -179 73 -147 -82 -244 34 138 -211 202 188 63 -57 -159 -25 -87 -202 103 84 60 83 67 -91 134 93 21 -191 245 53 -40 81 221 -109 -235 71 170 52 30 156 -237 55 -39 31 118 44 -214 -238 158 -85 213 122 79 200 46 180 39 -180 -165 171 152 28 -200 -37 -133 -220 196 -71 -101 233 -89 19 -128 -14 -50 1 13 49 -236 193 -2 -132 20 -221 -27 -195 -135 225 -10 -247 -150 210 157 -177 -206 -36 -84 38 190 -78 191 -15 166 -170 -212 -228 144 25 18 94 -102 -157 238 16 -73 224 222 -117 -134 -1 168 -74 -193 -208 216 -24 -119 -189 205 -62 8 184 -190 127 -55 
TEST 145 ARG:-10 -245 211 74 -230 -199 -221 184 120 49 -152 -201 -142 -231 -30 20 -84 155 -40 -50 113 124 110 -145 117 161 166 -190 -134 -9 -86 -118 10 181 -121 -167 -138 -176 -237 119 -202 -200 239 170 -37 87 177 69 76 -92 -25 62 -166 85 -5 232 -183 48 -122 -64 -140 -247 -66 -27 -67 -161 111 70 -132 -63 -182 237 -108 -224 148 89 223 -12 -127 -158 -210 9 -222 67 91 -60 121 -234 -1 -128 -188 149 -215 -130 -163 -54 123 125 -192 180 -227 98 213 -100 80 1 38 217 140 127 171 235 108 -85 -216 36 -191 46 174 -155 141 30 -35 -120 -218 58 -81 -148 -56 57 12 -165 -76 14 -175 -181 225 97 93 -31 -71 -162 128 34 -61 -17 238 241 122 -41 164 66 -136 -209 -23 -249 207 -52 -49 -144 -242 -171 202 -164 84 218 -124 18 -243 54 158 -177 63 -185 40 -151 100 191 -102 -87 -96 -205 4 -33 78 150 206 -101 6 -211 -187 -82 -79 -88 -246 107 -2 -55 -213 102 -15 -51 -38 90 154 24 77 0 83 131 -212 -147 -173 143 71 -233 146 -174 210 29 144 94 68 28 -116 -97 -139 179 -125 200 8 -48 47 -225 -29 -7 -11 -203 240 186 -133 233 -219 -119 109 231 55 -117 -160 -98 53 -228 -238 39 221 -179 -14 -112 81 50 147 -111 -198 -235 2 198 244 -126 99 -70 22 -250 92 72 219 26 -197 215 -90 205 -110 56 199 -204 136 -236 188 246 96 209 247 126 23 228 -8 13 -107 42 3 16 163 19 -78 132 -137 -180 220 193 169 135 133 -214 216 15 -68 -104 -18 130 82 -220 -93 -113 65 156 236 -95 -22 -169 -105 -32 -42 168 134 -154 -150 201 245 27 -153 33 -99 151 -241 -149 139 -239 -178 -16 -24 160 142 32 -46 25 230 17 176 243 242 106 189 -39 43 -65 -34 -123 112 172 52 75 -226 -28 214 -156 -109 -62 -131 -193 -36 -248 -26 173 -91 -21 162 204 -232 190 -168 208 -195 -208 59 31 88 -80 -47 104 44 -73 -114 114 -75 234 -143 -77 159 248 153 95 -244 35 222 -159 -58 -189 192 45 7 -103 5 -74 -13 -72 79 194 -45 -83 226 -206 227 41 115 -94 197 -229 61 185 -184 -223 -19 -170 103 116 -146 152 187 -3 60 -43 -69 -135 249 -194 86 21 73 157 -196 165 175 -20 118 -89 -172 -115 -217 229 145 37 -4 64 212 -6 -44 -57 -240 224 178 105 -53 138 167 196 -186 183 203 -59 101 137 182 -157 11 -129 -106 -141 51 129 195 -207 
TEST 146 ARG:230 -3 -173 2 165 111 -169 15 181 -250 128 219 -35 -85 46 231 -29 99 -51 -36 -22 57 -62 -195 87 -50 -167 163 53 90 13 42 -86 123 -61 159 -201 -91 108 84 138 79 39 238 29 73 10 -107 9 156 -9 63 80 -122 -53 135 -234 -160 -184 -66 -136 -138 -150 59 5 16 -223 -153 91 68 30 -37 120 189 -140 -242 -82 -190 227 -47 50 -124 -189 -41 92 28 -7 131 183 43 170 -76 211 -55 94 76 -70 -74 148 35 126 162 236 122 40 217 -163 -238 -142 228 -209 -211 86 74 -108 62 -67 -12 65 -120 133 224 -126 -154 -146 -119 70 143 -174 -125 121 6 249 -75 83 -224 -197 182 -199 110 1 -185 177 -24 173 193 -94 -19 204 240 -149 153 -148 210 -205 7 -92 -105 -248 -2 161 102 -134 -144 75 -69 119 -28 -15 220 41 21 179 -23 107 25 -222 -18 -58 209 51 -131 127 -117 225 -45 -110 144 248 -229 103 145 -130 18 -84 61 -64 -89 -38 -162 97 -21 114 141 195 -193 -52 -188 105 -79 -93 60 69 -225 235 172 71 -235 31 175 12 -10 -228 -240 149 191 27 -128 167 129 169 -127 232 -26 -143 188 -141 -218 124 104 -34 205 212 245 -98 -106 48 45 72 -139 23 -17 81 -109 -44 -198 -203 216 -81 201 -183 -216 174 58 93 -214 221 186 -95 -180 3 4 -237 242 -114 85 -156 -219 -112 95 64 -220 -101 66 112 -72 109 218 -204 136 -4 244 -178 -191 -60 -196 106 -215 -78 184 -187 98 241 246 55 -77 137 -102 203 -194 -161 -164 -152 206 -212 155 192 34 52 49 -65 -48 -87 22 116 -32 -97 147 -177 125 -113 139 -5 -16 140 -249 187 -227 67 -59 -176 -244 -63 -137 -226 -166 233 0 96 151 197 176 168 -165 -46 -49 -73 -132 54 -233 37 -83 200 -129 229 -230 88 -116 -246 199 154 -56 223 -96 -33 44 -42 100 -206 24 -168 -182 171 -99 14 101 239 -170 -43 113 -186 -175 -192 -135 178 -210 -236 190 214 -27 202 -200 -231 26 -239 -115 -80 196 -25 -14 152 194 -118 -11 -71 -145 213 198 -207 222 -155 226 132 130 164 77 -208 -40 243 47 185 150 -217 17 208 207 -213 -103 36 -30 115 -247 -221 -88 32 20 158 -8 180 -158 -202 215 -232 -13 -147 -243 234 -171 117 134 -31 -68 -245 33 247 78 82 -181 -151 56 142 -159 237 -172 -241 38 11 -90 -6 -20 8 -111 -54 -157 -123 89 118 -57 -104 166 -39 -179 19 -121 160 -100 -133 157 -1 146 
TEST 147 ARG:-14 -212 -70 -133 86 -181 -120 -170 -68 140 81 -223 -49 183 230 75 -48 -3 139 98 137 151 -22 117 0 -87 -209 -24 -230 72 -163 161 60 99 -98 -194 90 -55 -86 37 162 8 97 71 157 68 -147 160 189 228 -85 -161 103 -126 -148 61 -192 238 223 54 29 142 36 -2 -205 19 187 -99 -84 188 63 -245 -65 215 -18 -189 226 194 -121 -113 78 193 203 88 -66 12 -227 17 136 -237 -202 67 237 -211 28 -17 172 -153 -56 94 -150 -9 -1 32 -52 175 179 -246 87 135 44 50 -235 -174 -196 107 208 11 -217 -224 -8 123 -175 155 -119 -59 245 191 211 89 229 -80 130 -154 184 154 -159 168 152 96 -173 224 209 242 -216 10 -143 -13 -50 1 -43 214 116 -186 -215 40 -225 243 128 -138 -77 27 80 -106 182 56 115 83 -71 23 101 -213 -134 73 202 -160 -16 20 -199 159 38 112 34 163 199 33 -51 195 -29 192 110 58 41 77 18 -128 219 -60 -250 31 -247 -54 5 176 -38 -122 -151 -116 -165 -109 -42 -73 109 -72 -102 -93 -236 -132 -241 -155 -95 -111 -57 -182 185 -26 -44 218 190 233 150 -228 239 122 -39 -64 76 -97 -137 -248 -11 79 236 -191 108 246 -118 217 247 -164 138 -61 -41 -184 6 133 13 178 -31 -40 -131 -33 -195 124 93 -172 -188 -140 129 7 -46 -78 -229 66 248 9 -244 125 210 235 -6 70 249 131 21 146 222 -32 145 -100 3 -152 14 -149 84 -204 -185 -117 -141 -226 144 -104 45 164 49 22 -207 -200 104 216 -158 57 204 -201 -115 206 52 171 234 65 26 231 198 241 173 -21 165 -62 -123 -219 170 -124 213 143 -23 221 -58 -4 148 174 -112 -45 47 -81 -114 200 -75 -218 -47 -183 169 156 -127 -243 55 -177 -15 114 -203 181 92 15 91 -108 120 196 59 141 -90 121 105 127 177 -169 -208 -240 -130 118 -94 -89 4 158 -178 -69 220 16 82 -129 -34 62 113 -20 -238 212 85 74 -63 -187 -105 -249 205 95 -135 -88 -125 -7 -221 -162 132 -239 46 -36 244 153 -27 111 -142 240 -136 134 -53 147 25 166 -197 225 119 126 -198 -110 -214 -220 -242 -10 -166 -25 -83 -107 -157 -144 186 53 -190 -233 -156 -180 -232 180 227 -28 -176 -234 -222 197 -76 24 -145 -210 64 -179 207 167 232 -101 -82 -168 -19 -96 48 100 69 35 -139 43 -91 2 -74 -35 42 -37 -79 -92 106 149 -12 -103 39 -146 -206 -171 -231 30 201 -5 -67 -193 -30 -167 102 51 
TEST 148 ARG:169 246 0 58 -137 150 61 114 167 -165 -138 183 249 -98 199 -51 -180 94 -34 118 -223 -188 -30 13 -60 131 42 -199 -233 -130 -250 -192 46 81 -29 168 -124 -28 -46 91 242 -135 12 227 -234 128 121 181 15 195 -13 200 -245 -173 56 166 134 109 74 43 -139 120 36 -246 -49 214 -219 -176 -235 -242 -8 220 102 -189 197 -20 -12 142 136 188 -152 163 215 -86 160 -197 3 -221 -87 23 123 82 132 92 -125 -43 -168 -26 50 77 -110 -236 153 -147 190 -164 45 -175 193 -16 100 -170 -69 -159 -88 212 -126 -226 -106 -94 -6 -65 -128 -145 38 -171 62 -133 53 -79 103 -62 235 -116 157 236 41 -72 34 170 71 33 124 206 -90 -237 -244 231 201 130 233 26 175 -52 -127 -243 -157 209 65 -50 57 116 -140 -228 185 24 105 -224 -100 -109 -249 -61 -239 164 187 40 151 30 48 -15 11 152 96 54 37 144 -63 243 18 -74 -167 16 28 119 86 -64 -84 -202 -132 125 -82 93 -194 -19 219 174 -187 247 66 154 -108 -206 -158 202 -66 -141 186 -201 -198 -59 133 182 49 -81 -196 -232 -169 -56 -17 -207 122 -121 90 221 -174 238 226 224 -247 -227 -76 -25 64 207 -27 -229 218 -75 173 -217 -238 229 248 -211 -89 -154 -57 230 -107 -148 -112 -218 -55 -83 55 -215 -193 -33 -11 -146 210 180 -91 147 140 -160 29 44 159 -70 205 156 -40 31 -23 -93 79 -103 85 -3 -123 14 -4 -9 -114 -209 -102 -184 -85 198 -222 -10 17 -190 158 101 -213 67 -200 76 196 -36 111 60 -37 -105 176 -67 165 -178 -216 106 7 143 75 -54 -118 117 -53 -129 -195 -101 32 -143 5 172 155 95 240 104 222 39 -14 -21 -144 -142 -31 -68 -155 192 1 -48 -241 9 -179 89 223 19 184 213 52 161 69 145 -115 -212 141 68 25 -7 88 -58 21 -32 -230 78 -149 -131 -177 239 -203 179 241 171 -162 -47 -220 -191 -225 -150 204 -204 -210 -231 211 -97 20 -80 -42 217 232 -38 245 110 -44 -134 -99 22 99 97 -240 203 -35 63 83 112 234 -78 107 127 -166 -185 47 35 191 87 -111 146 72 189 138 -120 216 -22 98 113 237 244 115 -181 208 -73 -119 148 -136 -104 126 162 177 -45 178 -183 -113 80 73 -153 -205 225 194 -1 228 -214 -186 149 -71 2 139 51 108 -248 4 10 -92 -95 -96 -41 -39 27 -151 -24 129 -172 135 70 -161 8 -182 -18 -156 -163 -5 84 -208 6 -2 -77 137 -117 -122 59 
TEST 149 ARG:188 -116 9 26 160 81 149 -97 159 95 -199 -87 247 -192 167 215 153 222 -167 -75 41 110 29 88 107 225 -80 -60 1 -21 -29 108 -71 -56 194 192 117 -9 224 183 10 -102 -69 176 109 124 -30 115 233 -133 -118 179 156 -196 85 -62 -128 -249 202 -61 -28 243 87 111 7 -203 193 -45 154 113 33 -1 18 63 -5 -83 36 -77 180 99 175 71 13 69 -2 196 -95 -94 -226 -113 -130 -18 83 -125 79 -74 -151 145 213 -221 -43 -140 -238 -215 -35 11 -63 86 210 -245 169 -175 76 30 164 60 50 130 -48 208 241 54 184 -3 120 -149 -230 -218 43 -234 -13 226 -179 68 -16 39 -8 -66 -166 -117 6 25 150 34 51 134 137 244 -189 93 31 144 -99 205 -103 97 49 -55 -37 -153 191 -106 141 171 74 -134 -216 127 55 -147 62 77 200 -88 148 236 -59 -162 237 23 -146 -158 198 82 90 197 -90 -247 -214 -170 -145 223 118 -39 142 -44 -132 219 96 -23 123 -156 -50 -36 -24 -138 27 -38 -64 103 212 19 139 -122 -137 -236 94 135 -217 168 32 112 -41 42 46 195 -250 147 146 -219 174 -46 80 131 230 -188 143 -237 -161 -11 -101 132 -79 -76 -139 155 4 211 129 -42 162 -231 186 -164 45 -115 -177 53 64 -207 -112 -242 -129 -211 92 47 -57 61 228 -183 -220 -27 161 -92 190 -98 73 229 -171 201 -191 78 -34 -14 -232 133 8 -107 91 -141 -124 -190 172 -96 -155 -108 -114 -25 -154 15 125 114 221 -248 -198 -160 245 -119 -193 242 -202 204 28 -51 128 -93 -225 206 -173 48 -228 89 -91 -185 234 -54 -47 -235 0 -195 38 217 58 166 -110 -123 199 248 122 75 -174 -17 -72 -239 -159 -10 173 -229 20 -223 -227 16 -163 -208 189 -206 185 182 177 -197 -233 -78 102 -81 100 101 -152 37 2 181 -224 -143 14 119 -246 5 235 -127 -6 -186 -136 -126 -15 -121 -100 121 -53 44 -176 -142 207 -135 24 -67 57 -40 -19 -20 214 227 -65 218 22 138 12 -131 209 66 -105 -144 3 52 216 -111 -201 -86 17 187 178 -31 -241 -181 -4 -209 157 -84 232 59 -109 -165 -200 -204 170 -213 35 116 72 21 -22 126 -243 -104 152 -33 -148 140 -150 -212 106 98 238 -180 -12 -89 56 -85 -205 -157 240 -187 -32 -184 249 40 231 -210 -68 163 239 136 151 -52 246 -70 -120 158 -73 70 -26 -49 67 165 -244 -222 -172 -178 -194 -169 220 -82 105 -182 84 203 -58 65 -168 -7 -240 104 
TEST 150 ARG:-18 -153 37 155 54 -188 85 195 -101 -145 146 125 -164 26 -48 223 29 168 119 -21 -182 -76 -99 61 -242 162 -191 -25 76 18 -212 44 102 201 124 -72 215 210 88 -213 -129 -36 -14 -102 -240 -162 -237 -62 147 59 163 -103 -195 -172 64 178 156 -199 -11 -122 90 -130 158 171 111 -12 196 207 -37 153 -190 -161 32 110 80 -158 10 -74 -225 -203 -192 177 -181 -2 -9 -33 14 -81 169 227 -168 -205 -215 231 -73 128 249 -201 180 -19 17 95 30 -224 225 -184 200 -46 232 -100 -93 -38 -84 -120 -149 1 183 243 -171 144 -173 186 12 143 131 -116 157 24 -27 206 209 127 -133 101 -165 82 -13 -1 -77 112 8 220 -216 242 -197 -220 -67 117 187 245 0 16 46 -136 84 214 -139 -4 -175 105 52 -58 -196 170 172 129 57 -43 -69 222 87 160 -40 -179 141 138 181 -146 -115 176 19 98 -23 6 -144 77 96 -178 -86 21 -127 -61 -107 122 241 -108 99 69 139 83 194 190 -214 -234 136 221 -152 -121 -209 -83 -140 -126 -141 -79 -51 -109 -134 68 -98 109 15 -217 -6 -60 11 -85 140 -238 -41 -142 -200 -49 -52 -208 161 51 -157 23 -47 149 -118 205 213 -156 -3 -211 -31 43 -232 -244 -92 -87 -44 238 -132 63 192 -106 -26 173 20 36 164 -104 -166 208 -125 -222 -59 67 75 -50 -248 -63 184 -30 182 -53 179 -7 78 107 -250 -187 -243 -150 -110 -176 4 106 134 -202 -194 -128 203 -111 28 71 152 123 -236 116 -16 -15 -239 189 121 -17 -151 -20 86 60 33 40 114 142 -247 211 -233 -78 -154 -231 -137 108 7 -117 -241 145 -97 159 -167 -198 191 -249 133 9 126 25 -163 55 -8 73 148 58 -229 49 -56 -54 193 226 -160 94 185 244 41 91 167 154 230 -39 239 -159 188 150 -193 120 -124 79 165 -55 13 -24 219 48 137 240 -95 39 -114 97 -123 104 228 -91 -155 -219 2 135 -65 47 -228 -174 -226 218 -207 -183 -68 50 89 237 -113 235 70 -180 212 66 -90 -82 -22 217 151 53 27 -10 -221 -230 204 100 -185 74 -189 -66 -80 -105 -227 -42 -32 -71 42 -119 -70 229 -135 -5 31 -223 -35 62 -89 -96 38 34 56 216 103 -143 233 115 -147 45 -64 -88 -169 -75 -177 -170 -131 -210 -138 118 -28 -45 -235 -94 248 -34 -186 93 166 236 -206 202 234 -148 113 22 132 92 65 224 72 -246 -245 -204 175 5 -57 -29 130 81 197 174 198 35 -218 3 199 246 -112 247 
TEST 151 ARG:69 -97 62 110 -73 -32 -140 -46 -37 -160 165 168 -153 182 -144 38 115 -217 176 -112 88 -116 -170 194 177 -215 120 42 -241 127 -81 -27 -12 -203 112 123 248 -198 218 -39 226 -106 98 0 34 32 154 128 45 -13 225 -28 111 -206 -194 -212 16 -18 192 31 159 -54 161 -94 228 -67 25 29 -201 65 -43 107 -102 187 35 189 -2 -137 -100 203 -175 51 204 180 49 108 -44 117 -21 164 139 -5 209 132 -45 131 77 -86 152 14 178 -236 -111 119 85 -197 -162 7 -104 -230 41 9 -89 -166 245 -103 -205 125 -128 249 -93 102 -125 190 -237 -191 -41 95 -231 -189 43 -161 -148 200 -68 -147 39 -25 -179 -232 -22 237 170 175 -225 157 53 -229 103 122 97 219 -145 -50 -181 -63 171 236 -49 183 -96 8 18 -101 114 -120 -149 173 90 11 -88 -211 -17 -80 -23 -246 -119 74 137 78 96 -248 -4 -139 24 243 68 -242 130 -171 -130 75 89 -82 -214 235 109 -62 37 -164 247 -78 80 23 5 172 -74 -95 196 224 -42 181 -11 -150 -172 -127 233 -92 146 44 217 -226 40 57 -53 -36 -60 163 -141 -136 138 150 27 202 91 -29 -98 83 106 153 -107 86 162 -131 -105 -77 -38 76 -8 94 116 231 -48 -9 -222 -195 52 2 234 140 232 -66 141 193 -186 -90 -227 20 10 -51 -108 -20 66 -7 -158 -135 -196 148 -138 121 246 -33 1 -132 26 63 67 -110 166 -240 -115 -109 -209 -168 142 -202 -185 -219 46 17 -64 60 -224 -207 -184 -85 -228 126 -234 -76 -174 -61 -210 50 72 -118 -243 -133 186 79 -15 33 -143 -69 135 -55 -70 6 -192 207 -6 238 -238 55 -163 -24 118 -180 -178 59 124 -244 211 221 81 -47 -142 56 191 151 48 -190 -30 -223 208 145 -176 -117 13 -249 -146 158 155 84 134 -233 -165 113 -235 206 -40 -114 -221 -56 -208 -83 -250 28 167 133 184 156 3 239 195 -91 101 -182 -159 54 -57 174 212 -216 4 144 147 -199 201 -3 -247 -154 -157 -19 92 73 143 199 -14 100 149 -113 -193 -52 169 -16 82 -84 -204 -129 -239 105 -59 227 220 -245 136 -173 -122 -35 -65 229 -200 -87 -218 -155 241 -99 -220 22 -169 222 197 -156 -1 230 61 205 30 -79 215 -10 -58 188 242 -187 213 64 104 216 93 58 -126 70 160 15 -34 -124 -188 -213 -151 223 -152 -72 198 -123 244 19 185 71 -71 99 -167 -121 240 -31 179 12 210 87 214 -183 21 -26 36 -134 -75 129 47 -177 
TEST 152 ARG:-229 195 54 200 -224 -64 130 -84 223 186 -144 -149 176 136 19 34 197 74 -168 -167 142 -162 -97 134 -33 -175 225 -129 185 63 -158 146 162 20 -127 -16 43 194 -65 14 -22 -248 115 -155 2 -87 -198 52 78 160 -31 -181 -249 44 92 237 135 -10 219 229 -233 -85 -13 -196 -131 -49 93 -69 57 -192 207 -78 213 77 -234 -73 -213 209 22 126 68 208 113 161 193 -71 165 21 6 175 -133 203 138 -139 218 -137 149 147 -52 25 -108 -180 -156 -123 4 248 61 214 9 -145 17 -160 -228 -53 -55 -3 99 117 -72 -48 80 190 -63 -201 -116 -88 84 216 -90 -46 143 -235 -105 171 24 103 235 -195 110 -164 -43 83 90 104 192 188 -193 -241 153 -30 42 189 217 125 95 -207 236 41 76 -230 -132 -36 170 -14 187 179 -236 -93 88 239 29 -70 -82 97 144 -11 59 -32 40 -184 -200 -218 -103 201 -194 -58 -179 -29 106 5 87 -182 226 0 -222 58 -209 -115 -216 206 -185 238 230 -122 116 -77 65 -238 152 -141 109 -47 10 69 140 -74 196 -100 -27 -220 -214 -57 -8 -219 -150 -106 -81 -174 -89 -54 174 -61 50 -45 245 47 -152 -21 79 -119 13 141 33 -250 81 -20 -4 -210 85 247 -148 166 -197 -227 -157 82 -142 121 -102 122 46 62 -99 15 -35 101 72 -37 100 16 105 -212 -134 -120 198 244 158 -111 -80 28 233 -38 114 -146 151 -68 -113 128 -126 56 -170 172 -178 -208 -151 131 -40 75 182 -166 -59 -143 107 -173 127 120 -5 -225 36 210 139 -189 -183 89 55 231 -39 30 -2 -125 8 -66 -243 -112 -24 129 -128 240 -76 3 -153 108 -79 -62 124 -231 -42 35 -215 -26 -169 -188 -95 49 -92 -136 242 -1 246 221 -18 27 18 -138 64 -204 -199 53 -118 -9 -110 -15 -206 224 -239 -165 67 -135 145 102 -154 -98 -177 86 -130 132 26 112 159 -7 -107 164 -75 204 -114 11 12 181 -203 228 215 -186 -172 -12 183 -124 -104 98 202 -176 227 -223 -159 148 163 222 -60 45 91 51 154 -91 -51 155 173 -221 220 177 -56 -237 -171 232 -86 111 -246 168 -41 241 -202 137 37 -6 70 -94 -226 -67 1 -191 -109 -244 31 96 205 -140 156 -190 234 -121 199 -232 -96 243 -19 167 39 184 -28 32 60 -187 -25 212 178 48 -163 73 -44 -205 66 -242 -240 -34 7 -147 -245 -217 180 71 -101 94 -50 191 119 133 157 118 -161 -247 38 249 169 -23 211 -211 -117 -83 23 123 -17 150 
TEST 153 ARG:-3 146 65 -19 -74 -229 208 -46 42 -113 -230 210 22 172 -247 -133 53 -227 18 -152 -132 -78 -120 -90 109 94 -250 148 -73 -118 150 -231 248 1 -201 108 215 -224 -188 -137 54 -235 16 -175 185 237 -70 76 165 -65 -167 92 160 56 174 -212 -190 -91 35 -184 151 -89 -245 209 140 194 47 41 -100 -128 -18 31 -6 -45 -77 -211 -31 -173 88 80 73 184 21 213 -194 124 -220 -233 -151 103 -55 45 36 -92 90 -26 243 230 89 5 57 190 -232 211 -213 -218 -11 166 29 -246 246 207 -156 -57 156 -85 -2 -169 138 198 -189 -121 203 131 -185 14 79 55 -144 171 -29 10 143 -178 58 -242 142 -49 -40 -69 229 -119 -21 6 -34 86 -106 216 82 -162 67 199 84 -196 136 33 116 -124 201 -80 -16 -174 145 -25 204 -115 231 241 -148 212 181 -51 -105 -43 -180 99 3 -37 -241 187 -41 -225 15 -27 122 -32 -95 -134 98 -66 66 23 -146 121 127 50 245 120 -122 -228 -153 -138 -48 70 -83 -159 -112 -1 -135 125 188 2 214 132 -186 155 206 -38 169 7 -61 -60 -222 195 40 30 123 -243 -205 -209 -82 -102 149 -163 -17 -200 -75 -56 238 114 180 -28 8 244 -166 -67 152 -93 -68 -221 -168 247 -150 -140 -177 -109 -199 100 -63 186 -157 81 -127 154 -142 -72 -187 -217 69 107 -20 227 44 135 -14 -23 -179 233 61 228 111 -239 196 27 34 -87 93 24 -216 -176 96 133 -238 -99 -206 -244 -202 -198 48 223 119 -62 191 -215 -139 -204 -81 -197 -226 -79 176 -249 74 25 46 -183 -104 -236 87 -53 -59 -103 161 104 134 178 -116 217 -237 129 71 -101 144 -126 -10 -123 128 32 232 -64 183 20 193 -39 0 -9 189 -86 -4 -58 -47 -110 -130 -195 -125 -158 110 83 78 112 164 139 -207 141 -76 -165 64 219 -164 218 -240 102 -223 13 12 -160 242 -193 -114 49 170 91 226 -84 236 -5 62 163 -182 -24 -98 -54 -7 197 95 -210 157 -171 -12 147 -248 -147 68 -170 -117 97 63 77 118 202 168 19 85 224 173 225 -108 153 137 240 -94 -8 -203 -88 -71 -96 192 -219 59 162 -42 182 167 249 11 -50 105 -154 234 -22 -214 4 113 -208 205 158 159 28 200 -52 130 -145 39 -181 60 -107 43 -15 -111 37 235 -13 -33 221 126 52 -172 175 177 38 -155 -136 -143 -36 -129 117 101 17 -191 -44 179 115 -161 26 72 -30 106 -149 51 -131 -35 -141 -192 75 239 222 -234 220 -97 9 
TEST 154 ARG:148 -197 -29 -139 -19 -177 127 -135 -87 182 231 185 178 -246 50 -229 -41 211 170 53 60 -222 -36 -154 -180 -156 105 65 200 248 -103 3 229 241 37 177 -189 -231 -7 202 -93 -24 -207 101 -245 103 23 173 96 -230 184 9 -161 164 -17 197 212 106 108 179 -79 162 102 -25 -8 -141 -115 -13 21 146 -219 144 89 -28 -52 134 33 195 55 -203 -170 -21 167 72 -168 -117 -193 247 -20 138 -64 -96 163 -16 -211 -113 29 -124 85 -70 41 -105 10 -166 -78 -238 -151 -202 2 160 139 -118 204 128 201 -81 169 -153 -129 -234 -82 -200 124 143 -33 112 43 13 -196 -59 117 75 52 235 132 79 149 230 -212 -48 -184 -3 193 -68 153 -227 220 -226 -69 190 31 -99 165 -190 -220 -126 6 -204 -57 14 -218 -167 240 -106 -137 -217 40 5 -10 -195 59 -122 -206 48 -6 -233 56 -174 69 198 97 84 -100 18 121 32 24 199 98 42 209 104 174 175 -44 135 -248 172 -40 187 -45 133 -72 -240 207 -77 -58 157 181 -187 -108 142 -215 71 73 137 210 159 -132 -14 -15 -243 -38 45 -116 129 25 -131 -241 -147 118 -179 145 -91 62 -224 -56 196 111 225 -148 232 44 203 -12 -98 80 -182 76 99 205 57 74 -5 -209 -80 -162 221 93 236 186 87 -144 -107 -47 82 -128 206 -143 233 -65 -114 -146 -158 67 -178 -130 -159 130 116 77 -210 26 -205 -49 -136 154 -142 90 66 -63 -160 -214 249 194 -1 -169 -150 -119 -236 54 171 -239 -73 136 -181 -97 -75 30 141 35 -86 -173 -34 47 188 -225 -92 213 -50 15 4 -23 113 191 -90 -249 -152 -242 -101 176 -216 -213 109 243 58 -247 -208 -22 95 81 226 -102 -165 214 -125 -55 122 -228 215 -188 70 91 51 -198 219 -88 192 152 11 120 -67 -199 156 208 -30 -2 1 39 -201 -185 34 68 238 -163 -43 28 242 8 183 -133 -123 92 -89 20 17 223 64 228 -111 216 180 -46 63 -9 -4 -60 -191 -39 161 -127 -186 140 123 126 147 -134 224 -85 19 -53 12 155 -237 -235 -42 131 78 88 16 234 -61 -157 -35 245 -183 189 -192 107 -54 -223 -27 -84 151 -176 -155 -172 -112 -140 0 94 237 222 -110 22 114 -11 168 -104 -232 -37 246 -18 115 -194 -121 -62 -51 -171 -76 125 27 86 46 -164 150 244 -221 -250 -74 38 218 -149 166 -71 239 110 49 100 217 -120 -244 7 -26 -95 -83 -66 -109 -31 119 36 61 -138 158 227 -175 -145 -94 -32 83 
TEST 155 ARG:116 227 110 -222 -148 -138 41 177 172 -28 -64 -245 -58 -153 -164 -52 206 -124 -235 -136 -122 -139 27 178 -109 62 -82 -169 90 -210 -237 203 160 127 8 244 -29 97 38 196 -163 145 218 157 167 -87 233 -242 -200 -74 36 -79 221 -97 -225 55 124 114 67 -231 186 -56 -186 -147 -5 44 -102 -202 -118 147 19 -116 111 163 216 29 -224 -239 -191 -143 -123 -23 -145 -232 219 155 161 63 -110 -12 -66 -57 -34 -188 -208 -155 229 156 121 -250 -98 208 236 193 -161 99 128 139 -71 -173 48 -108 -1 199 -135 220 -36 -226 241 -168 105 204 217 94 -17 174 100 -133 138 -178 26 70 -61 154 -142 -146 95 107 213 -156 71 182 184 -172 57 60 -35 -15 21 -22 187 -91 -10 113 -141 -63 -77 -20 -8 104 -183 -115 -162 -158 47 -140 -53 -128 46 -83 -126 -14 2 240 -41 -55 11 75 -44 37 -107 -96 45 205 158 -46 59 103 249 -131 -101 61 170 69 -218 -73 164 225 51 243 -93 72 165 -37 66 -246 82 -120 -7 77 136 -42 -217 122 76 238 -238 23 -16 -195 245 211 -204 132 -104 202 173 -90 79 -119 189 150 -78 215 -117 226 183 1 198 -248 96 -81 168 210 -33 -230 -92 126 -203 171 -111 -175 162 159 15 -75 -157 -70 31 -50 -27 53 106 108 -180 -207 -13 -150 -89 78 56 73 235 58 -49 -43 54 -223 -219 144 25 -127 -160 242 -94 -240 -72 24 -144 -25 -199 212 239 237 214 -132 -40 3 228 -194 149 248 65 -174 109 -154 -167 -247 -197 201 152 86 -80 85 93 -47 28 125 -201 12 -206 -236 49 -85 35 -54 -95 89 52 169 -216 13 222 -243 -170 -24 -185 133 -221 -227 101 142 188 -193 16 -130 43 137 -103 -62 -213 -244 17 176 -166 -9 -179 14 -151 -18 146 -205 91 -68 10 81 223 247 231 179 -76 191 -106 -51 209 20 -125 151 18 118 195 -114 234 140 88 -65 -190 -99 74 -84 -171 153 32 9 -211 130 -233 123 -38 143 232 -176 -209 -152 -187 30 -2 -149 0 98 33 42 5 166 190 -48 -69 230 -45 -6 68 -100 40 -137 134 92 -3 207 -165 -121 200 -134 -26 -11 87 -105 148 -21 112 102 6 -182 141 83 120 224 -113 50 80 -181 -234 -215 185 -184 246 115 7 -241 192 84 -67 -32 -31 175 -229 181 135 -198 -192 -220 22 129 117 -30 -88 -189 194 -177 -212 -19 4 -39 -129 -4 -196 180 -228 197 -86 39 -214 -59 34 -159 -60 64 -249 119 -112 131 
TEST 156 ARG:181 40 165 96 -192 -169 -68 100 64 -94 -203 246 242 215 -5 209 50 220 -225 -206 86 -249 129 92 206 -44 203 -109 4 -136 155 -60 114 15 -189 -181 68 192 -87 -133 27 161 -21 -237 39 14 -67 177 -95 90 133 55 244 -178 207 35 -156 -100 -49 -20 -229 -4 -222 151 89 -160 24 -32 231 -103 -27 12 0 228 -186 -77 -159 -31 121 -72 235 234 60 139 34 -69 212 183 103 -36 -137 130 112 53 179 85 -50 248 36 5 -207 175 -78 -197 -198 -1 -105 -65 -161 219 236 149 211 83 202 -80 62 -63 -81 8 -24 -40 -96 23 243 -93 -233 -152 195 74 -171 -15 210 117 -46 -33 2 -240 -98 -116 221 87 -97 44 -157 -164 88 102 194 79 46 77 -150 43 9 -17 -79 143 -66 -25 -3 67 247 241 1 -185 167 -9 -213 -6 -191 173 -108 -23 -223 -168 108 113 197 -243 -71 -123 188 -70 -125 -104 141 30 163 -232 145 -205 22 97 -14 -235 227 63 47 -88 -47 -56 229 128 -175 59 -202 75 -140 3 -139 107 56 69 -62 42 -151 -187 71 190 -135 -228 32 -84 -154 142 -127 -208 -166 -179 72 -22 135 191 -163 -148 166 -13 -30 152 -73 -129 17 -242 -170 201 -8 154 82 164 -190 -48 54 -58 127 -106 84 180 -82 -248 -144 -214 6 -143 -16 -167 28 148 119 81 -236 -177 -220 -230 -124 -250 31 134 61 216 159 58 93 205 -241 57 168 -194 110 76 11 -142 116 199 20 49 -188 158 245 -29 -218 -196 162 -219 95 65 182 140 -130 25 -51 138 193 240 -246 120 -54 223 -76 -107 189 -131 37 -147 -245 -204 214 -128 101 -221 -176 80 137 -28 -115 73 -173 -99 -89 196 70 29 150 136 -90 91 -120 104 -182 -53 -113 -38 -119 -92 153 -158 185 156 66 -101 -234 -118 -239 18 26 45 -146 118 238 -226 -201 -184 111 -11 176 232 -86 -19 123 -52 -162 94 -110 233 -35 169 -149 16 132 -244 -216 -180 105 217 -74 -2 -18 -34 160 -210 98 -211 115 224 174 -141 -75 -41 -231 -122 -64 -45 -217 126 -195 -247 -155 -59 -43 41 -238 208 -199 200 -85 -227 230 146 -215 -112 106 109 13 38 -153 213 237 7 218 10 -212 125 -200 -172 222 187 48 -12 -102 204 -193 -39 -145 52 -26 -7 -132 144 -117 -57 -183 239 171 186 78 198 -114 184 -174 21 131 -83 225 -91 -111 170 157 122 -121 -165 33 -134 249 147 99 -55 -126 51 178 -224 172 -61 -138 -37 -10 19 -209 226 -42 124 
TEST 157 ARG:-203 -85 114 243 129 46 -55 -134 -51 55 69 -164 -214 208 -94 -176 -244 -34 -225 -115 -18 -45 -66 -70 -151 3 -179 -137 229 -98 -240 61 103 -48 -194 -160 143 217 187 -189 215 -71 56 -13 -162 -106 -143 249 126 -223 -90 -250 242 -86 86 136 -238 -234 149 202 -26 -180 197 193 -157 133 -136 7 -200 -119 -73 88 171 233 220 -229 -155 -216 -133 -219 132 87 -239 -129 137 188 84 134 155 -159 -237 -130 66 80 -224 -33 -131 109 -30 156 29 179 81 121 68 91 150 99 140 130 -138 248 236 144 170 190 218 -132 -95 8 -204 85 -217 -153 120 -197 153 -2 51 -198 -205 -89 6 203 131 15 93 172 -81 -218 90 37 -117 192 -139 231 119 -124 -210 -38 105 34 11 -58 216 110 -69 83 -142 39 -14 -25 209 -105 219 -61 -100 227 -43 -186 -199 -68 -92 125 232 -121 -123 106 221 -75 157 237 74 -245 79 -1 18 49 160 198 70 239 -213 102 -175 -11 67 118 -135 -206 107 -212 207 -107 -114 45 -248 -32 168 -128 -150 -10 -173 -21 26 -49 -80 183 13 -31 169 50 10 -149 -233 -41 24 225 -182 -40 -17 -172 226 20 -120 4 230 -60 -202 77 -227 -15 43 -57 -146 95 21 -116 185 228 -9 32 -196 -62 142 -93 -37 28 -5 -190 -59 41 180 167 -112 -243 94 151 97 92 -177 246 145 44 -64 98 108 -77 40 222 124 30 104 -88 38 -56 117 78 -226 0 -96 199 -118 -42 -126 128 158 -140 194 -178 -169 73 12 75 -246 31 47 147 245 174 201 -158 -72 135 113 176 -230 -141 141 -165 -74 -110 -19 71 -46 -82 -207 -28 -35 -220 148 -188 112 212 72 -235 -228 65 115 62 164 205 63 165 -8 -3 -154 -152 -108 154 238 17 -148 -4 175 52 -249 33 -247 -16 247 146 -168 244 163 224 186 -195 161 182 -236 48 42 162 -156 -183 -76 139 -222 -122 -232 210 -91 -184 96 213 -170 -221 -163 200 240 -47 -52 211 -192 223 181 204 -191 123 191 122 -12 -145 -84 53 -79 184 241 -113 -209 159 -231 -181 19 22 -215 16 54 5 234 -39 138 -127 -111 152 -242 -6 1 116 -101 36 35 -125 9 100 206 -103 -193 -24 -185 -201 -211 -50 89 -83 177 -97 -102 -144 25 -161 59 -208 -23 -99 -167 -65 -53 -78 -174 -63 -20 166 196 -87 -241 58 189 14 -27 60 82 -22 27 -171 -187 -36 23 -109 214 -7 -104 127 -29 57 76 -67 173 195 2 235 -147 64 -54 111 -44 178 -166 101 
TEST 158 ARG:-88 27 119 -157 173 66 94 -130 232 221 -180 11 209 53 219 -96 206 -209 81 153 244 -24 223 -20 45 -75 -69 106 -92 -97 85 -73 243 -44 -107 -63 41 144 229 -206 57 -104 15 235 -34 127 3 5 135 -115 -64 -239 -54 83 -109 38 -86 -46 -219 -15 23 -13 -33 -91 -158 -212 -30 161 156 192 -129 -234 -194 176 -166 -245 222 -1 196 -200 -247 -191 -66 -37 172 -156 -139 58 160 216 -71 136 -11 -111 240 36 76 64 -250 -146 122 -237 -175 154 -197 55 -6 230 147 21 107 201 -150 -203 -10 170 -238 212 19 -249 -95 194 -102 165 -103 -183 185 -214 88 100 203 -165 -224 79 137 118 7 -220 177 -18 -228 246 -147 202 87 -118 -127 134 -178 71 -198 -94 -248 -162 -174 197 -137 218 -61 -236 105 -244 2 -93 -193 8 82 -26 -42 -101 -128 -4 -205 1 40 61 -40 43 24 -72 -22 -59 204 -190 -168 78 -5 89 -170 152 -182 33 129 -117 234 -38 -68 90 -135 187 -36 162 14 48 -187 -163 -17 -155 -231 109 12 84 -81 186 29 114 -57 141 -176 25 -12 -131 -181 208 -233 67 146 -119 248 178 74 -154 -167 4 237 -87 149 62 -151 199 227 128 49 190 233 -240 70 116 124 104 184 51 -76 181 -144 198 39 59 10 174 32 191 -226 -186 -43 47 72 -201 217 22 142 -173 -152 -3 -29 -83 -98 -47 -80 -110 -210 -153 -21 143 -232 -188 -58 -241 -192 -164 -70 166 -53 -106 -41 18 112 -216 -122 205 -14 151 -100 180 -243 92 220 -50 28 111 236 31 -48 20 -215 -74 -133 -9 145 96 -218 -16 -132 26 155 -148 138 34 171 -229 117 245 35 -207 -145 -62 200 -142 -7 238 -246 -177 -35 -169 -208 -136 68 193 -84 188 110 207 132 -227 -196 80 -149 103 -134 -85 -172 169 -19 69 -125 -49 -221 -112 97 239 182 42 -213 -25 167 -199 241 189 139 215 -27 16 140 113 183 -60 123 -185 150 91 133 228 242 -90 102 214 -45 -56 126 75 -211 -120 9 -235 54 -225 -179 77 -222 -113 -202 164 168 -121 225 -31 -230 231 -184 -124 86 159 -242 93 -171 30 121 157 -52 -189 -143 6 -195 -89 -116 -55 52 -123 -99 179 73 125 -78 210 -23 46 -140 13 158 -2 -67 -77 60 195 -8 -160 99 175 98 -105 247 44 120 163 -126 -79 249 -51 -204 -32 -108 211 -138 56 101 -82 -217 224 -141 213 115 17 148 -114 -39 95 65 130 108 -161 63 -65 50 -223 131 226 0 -159 -28 37 
TEST 159 ARG:-64 136 142 76 103 -96 59 -115 -148 178 146 -107 -200 -48 -60 232 168 -111 187 -69 -233 39 157 -34 -65 91 34 183 -91 2 106 60 1 -137 -138 -236 -194 21 214 -12 -1 216 202 249 171 68 162 -47 188 8 -21 -19 147 -71 -75 92 72 50 148 -240 195 42 205 6 -24 -161 169 -58 -97 61 -225 159 -93 124 161 -231 -218 -104 -10 -53 7 197 193 -117 95 93 -175 -153 -123 -31 52 115 141 244 180 -74 -241 -83 238 -246 25 30 -85 138 -72 -90 163 116 -232 -33 45 -41 -203 -29 -112 241 -38 198 14 -157 -147 -172 -178 -212 -140 88 84 57 -9 -50 -170 108 -155 125 247 53 -5 71 -124 139 -128 135 -223 -209 81 156 132 151 -160 -59 -198 -222 -180 144 -76 102 -183 12 -185 -146 201 -186 158 -92 96 245 51 -193 128 143 -103 177 99 -250 63 56 222 -245 -17 210 -143 -199 -66 -201 89 -101 -130 62 182 -28 100 -152 -129 -126 -22 -144 164 -40 -184 -55 -87 43 184 -145 -25 -221 -216 -164 65 170 -182 -43 -173 -127 85 80 101 200 239 -125 -70 111 243 -166 97 69 140 -136 246 49 -77 38 -57 212 109 -190 67 -196 -247 94 -81 -139 -6 26 130 215 -211 -98 -30 191 -188 -226 235 64 33 18 -86 -46 17 -154 196 -239 -114 -228 5 90 167 -73 203 -89 -204 -35 -61 -134 213 145 -122 206 86 105 -159 172 131 208 -224 -248 -80 133 79 -132 129 47 -99 44 -16 37 -113 -121 221 233 152 66 225 226 224 149 207 153 -156 -244 55 31 -163 -88 122 -214 -169 230 -243 -135 -62 -131 -220 -238 155 20 -168 46 -234 -206 -14 -105 -2 118 173 -95 126 -171 -150 237 -110 16 227 -215 70 -227 23 -237 -109 -219 -229 219 190 189 231 -68 137 -54 -119 -27 -179 123 -18 -149 -142 48 211 134 -45 -51 -63 -120 217 -3 -37 104 209 107 22 -32 220 9 -15 -42 -4 -217 -162 181 114 229 -202 -213 150 -191 199 175 -106 -205 204 -67 117 -176 192 -84 127 -39 236 36 -36 240 166 -108 -26 234 165 98 186 11 -79 185 3 110 -13 179 -207 -167 -192 -141 82 113 0 -230 -242 -151 -100 -102 -210 19 75 58 154 35 -11 218 74 121 -181 -56 77 54 24 -82 83 73 -195 -177 -116 -189 13 -165 78 -133 -208 -158 112 -8 -235 87 -197 160 29 194 -187 -118 10 248 -249 174 120 -52 -94 15 41 27 223 -44 119 -23 176 32 -49 40 -78 -20 28 4 -174 228 -7 242 
TEST 160 ARG:-91 147 -174 224 -167 -178 -233 -244 -129 59 144 175 75 -214 57 126 -250 135 242 15 -192 -54 11 211 -112 -106 238 123 2 -82 80 95 -223 216 -238 -210 128 18 -96 -208 6 205 -219 -32 -90 104 -175 -144 99 -93 -116 -229 -158 55 -4 -78 101 -199 -153 -1 27 195 -166 -48 215 235 41 -110 -81 142 -38 -203 196 21 51 -61 120 -212 31 -245 -148 97 149 -171 -35 -7 -120 40 232 161 -172 -3 -173 -161 -188 -141 138 152 -231 -184 200 214 10 109 -180 244 -87 -44 94 -123 70 -19 223 84 159 151 117 236 170 222 230 -63 67 7 63 -155 -89 110 -151 -205 -181 221 -186 30 150 60 -195 -193 212 125 -55 -107 -169 165 72 139 -213 166 -53 247 183 89 -67 122 184 172 -8 66 22 174 -157 -65 160 -200 194 -225 -235 -211 239 186 -6 -137 -237 -242 17 -224 137 -105 227 240 -18 5 -88 1 54 192 -36 154 -183 -243 -248 65 182 47 -37 -115 87 83 -92 -125 81 179 23 153 185 20 231 233 79 133 -122 52 53 146 -197 -198 -146 -11 -162 136 218 -126 98 -68 245 228 -15 -240 3 -43 134 -58 131 91 -72 -246 -74 -30 107 25 -86 217 203 0 177 -33 -142 162 86 -102 42 56 9 -156 -217 -143 -241 -227 -59 -206 113 -13 -145 -111 -216 206 -64 -99 -31 188 -179 -24 -138 -154 169 32 -168 46 -201 -133 119 -95 -47 78 163 -69 129 -62 62 -21 16 50 14 -131 237 -150 -98 69 105 43 8 199 -189 -147 13 210 171 -117 -170 193 -10 90 111 213 -103 198 130 77 -39 -159 -118 -221 -83 -73 197 -50 -76 -132 -215 -190 -16 -41 96 209 88 -130 -14 39 202 100 103 -232 114 92 -25 45 -134 -124 -84 118 -12 -100 140 -27 176 -26 201 190 167 225 -29 -165 -191 -57 127 189 -226 -79 -2 -202 -128 85 143 187 108 234 -182 -42 -45 246 -136 29 -185 226 173 -5 -85 -176 106 241 102 158 -152 178 -71 156 -17 -196 -177 -56 204 -80 220 68 -164 71 38 12 148 -222 -40 -94 -52 -51 49 61 -9 33 -104 -236 -194 208 112 -109 -220 -135 35 48 -121 28 -77 -119 124 248 132 207 229 -49 76 -204 93 -20 -239 34 -22 74 115 4 191 -46 -187 24 249 -97 180 181 116 -66 -108 -139 -101 164 -228 155 -163 -149 -23 219 -230 37 -114 -209 -75 -113 141 -234 121 58 145 36 -207 -34 -60 44 -127 168 19 -249 157 26 73 82 243 -140 -160 -218 -70 64 -247 -28 
TEST 161 ARG:-133 -178 157 120 -206 -224 225 -126 133 -115 -136 -150 -72 179 -14 174 222 240 -67 209 78 -211 -245 -71 -49 210 -102 -172 204 -248 -97 -31 19 -239 -105 -220 -228 -141 -210 82 -92 235 72 -249 221 -185 -132 -91 -155 64 -24 -204 211 85 202 -1 104 -3 27 -18 -189 -145 -229 -159 -52 -95 -81 69 162 -110 -230 172 -217 214 11 -238 138 -35 107 59 5 158 79 136 -54 -10 -181 190 -232 97 -42 -203 -15 4 -19 51 -13 186 38 22 110 -56 -11 180 189 -25 169 -104 -151 -36 228 -64 156 122 33 -94 80 127 70 -86 113 177 148 -179 -153 -124 -170 -137 102 168 -194 125 84 -198 203 178 155 -39 175 206 -161 92 29 -140 -55 17 2 93 -173 -160 -112 74 -166 6 -62 -41 -8 77 -9 -44 20 -66 10 -108 -77 -82 161 -250 -216 129 -168 -164 243 -167 195 -43 12 -222 -87 151 -195 34 30 103 -88 154 -106 234 43 21 -29 -20 -243 -23 -241 -148 -16 111 89 -100 87 224 -68 -5 62 123 131 3 86 114 216 -53 31 -221 101 94 -176 116 -209 213 219 61 238 -246 192 35 56 -60 163 227 181 184 117 -156 130 -103 16 23 245 112 -99 142 -215 150 -2 -48 -235 194 208 -114 -61 25 -129 188 -74 -192 -233 248 -134 -231 -139 -98 170 28 -116 226 -236 -93 -47 -182 -191 173 159 -34 8 -118 -244 47 7 197 217 196 -69 -163 26 45 -188 229 105 -63 48 67 -171 124 -144 -154 -128 246 -70 98 171 -199 140 -40 -22 118 -65 249 -187 42 91 32 -59 -37 36 -84 76 13 187 -205 -190 -111 220 233 -122 -214 65 -109 152 -174 218 -193 109 -30 -27 15 40 -138 -165 205 -58 141 -218 -196 -212 -51 -152 -207 -113 14 -143 58 41 193 -247 -46 1 134 96 -17 149 -80 -146 -223 115 -169 -127 108 46 -85 183 160 126 63 -117 -200 223 54 215 -89 -90 164 -157 -130 -177 242 83 -101 191 24 50 230 137 139 182 135 147 60 -73 -142 -175 166 -201 -7 100 55 -6 49 -119 -32 -96 132 71 -4 -180 236 199 -213 143 -107 207 81 -202 -234 37 176 44 -135 121 -219 18 -28 99 66 -197 144 -12 232 145 -240 88 -38 128 106 -45 -162 185 247 -121 68 198 241 -50 119 -131 -76 165 52 -242 53 39 -225 73 9 0 244 -120 -227 95 167 -26 -79 146 -158 201 237 -83 239 -147 200 -226 -237 75 231 -125 -21 -149 -123 -75 212 57 -78 -186 -33 -183 -208 -184 90 153 -57 
TEST 162 ARG:33 -6 -105 107 4 94 -209 219 245 90 -218 248 156 -157 -109 175 68 -51 196 51 137 232 -97 -178 -4 -91 -144 192 210 237 -182 -143 62 73 -102 -162 -187 18 -237 -52 96 -250 -20 -197 35 -171 -100 121 -31 -165 -139 -25 -181 -175 239 61 28 190 -183 22 -42 -79 -221 45 -88 -90 -66 -14 -149 -137 -205 -177 209 211 224 -242 204 98 151 -235 46 244 -232 195 -249 66 26 113 -27 154 -76 79 -219 -83 -117 -22 84 179 -2 200 -132 2 -244 182 59 11 167 -214 -164 -93 223 72 -9 39 -138 189 -155 240 -136 140 17 14 178 -57 218 -128 -233 5 -103 95 -64 -122 215 -101 104 143 -55 -228 -47 70 -11 77 -234 213 184 89 32 139 -24 76 -8 -174 180 -41 -3 9 -33 54 -18 199 25 31 -141 -28 -158 -108 225 -150 -121 38 -147 -131 -94 220 -156 194 -185 74 208 161 -21 -74 -98 171 -111 44 207 -154 217 164 138 132 212 162 -160 -172 71 -5 -243 -49 -246 -212 -200 -145 128 181 12 198 -188 -134 238 -62 191 -202 153 86 27 57 -123 -87 -140 -135 -34 134 -119 126 -45 -169 -32 -206 63 197 203 75 152 -29 87 -152 -210 -96 -114 -193 -133 135 49 118 -40 -161 242 -227 -248 -67 185 201 114 158 136 -223 -184 -189 187 -159 -38 -191 48 80 -77 88 -215 -201 -19 177 -195 -241 43 -81 34 58 -176 -238 246 112 93 108 147 119 40 56 142 -229 193 174 -115 -60 122 159 29 186 -213 165 235 222 -59 241 166 6 -196 -15 -16 227 65 -80 -26 -23 47 37 148 -72 50 131 -186 168 221 -203 64 -54 169 97 155 -63 24 -240 83 150 55 173 -224 -118 -190 53 233 8 236 -222 163 -151 202 -113 -170 85 1 -112 102 -107 146 -70 -230 -85 -69 -84 -142 -148 -1 52 172 19 -239 -245 -167 105 -82 145 228 10 -211 103 78 -99 -13 130 123 0 -216 -95 16 91 -65 129 243 3 133 -231 -53 81 -58 -61 -35 -75 30 124 149 106 -126 247 205 -194 109 144 -217 -36 -153 82 -106 -168 125 110 -199 41 -46 226 -68 13 99 116 176 -104 -204 21 69 36 -225 141 -198 -110 230 -78 170 -92 -44 -236 -12 15 -192 -73 -71 -163 -124 -179 -89 234 -17 -56 92 117 -86 -120 -39 111 -37 23 -10 -30 -166 100 -180 67 -7 -125 160 -48 120 188 157 -220 115 249 20 183 -129 -226 -50 42 -43 -130 -116 101 -207 231 216 -127 214 7 127 -247 229 -173 -146 206 -208 60 
TEST 163 ARG:-191 -159 217 -93 140 187 115 -220 -175 -44 35 -154 220 -223 -176 55 72 131 -30 -213 247 208 230 175 -209 14 86 -237 -170 -112 243 227 170 -239 -152 -177 224 19 76 -76 238 195 57 -228 -92 184 -104 149 -217 1 -145 98 168 -204 -247 -78 232 -230 49 -181 189 -222 32 -70 176 -63 -72 64 -164 -58 244 60 158 196 183 -2 -6 99 218 -7 -146 40 -38 -98 -126 25 -61 61 -129 69 89 -5 -212 108 216 -193 205 7 84 -200 -82 211 -84 33 -207 -17 -188 -12 74 6 53 -105 16 199 -124 -249 -125 -201 -36 -187 111 -34 0 -49 215 -42 -4 206 249 -178 -134 174 26 -79 197 165 193 -245 62 59 -172 128 186 -47 245 -244 229 -55 -28 -45 -236 -81 212 -57 145 130 133 -205 -165 8 241 223 -88 123 235 228 -119 -153 -106 116 -248 56 -198 132 110 -183 200 -158 -156 -50 -23 204 -227 -229 -26 42 -14 155 -111 -97 142 233 82 109 -8 -235 -66 219 12 -139 -65 -87 148 -114 -232 177 163 13 -103 144 -211 -80 135 198 97 52 225 -116 -149 234 -89 -83 46 -32 -242 -179 -21 81 -67 209 -186 22 48 3 85 121 -75 139 -189 -95 -69 -246 -85 -74 47 -117 -128 34 -182 -71 134 246 -185 96 -27 100 207 92 -166 -13 -234 -68 113 58 27 -136 -138 5 129 122 -167 124 -54 67 -203 -225 151 -22 -100 -20 36 -143 21 154 236 -18 248 -135 -174 -33 -113 114 9 -160 -194 117 181 75 -150 -11 213 -148 -208 -240 -132 -52 102 20 137 15 203 -91 112 29 -25 -35 240 91 -241 44 138 127 221 -96 39 231 37 -121 83 -127 -195 136 -243 -101 -173 -133 90 188 -224 11 161 -192 242 -41 120 -3 65 -202 17 -59 28 79 -37 63 179 10 87 -9 173 106 -155 2 190 164 -62 -120 162 -137 -130 -197 4 -144 -123 202 226 171 88 51 -142 -206 194 -107 93 -118 -51 50 143 182 66 -122 -226 -77 -56 -29 -10 -64 -196 -94 -140 167 -46 -110 -169 -210 -238 -39 -171 31 78 169 -60 70 178 191 -219 -73 38 45 -221 -43 153 239 -184 -250 147 -102 80 -1 159 -151 -214 77 -40 104 119 -161 -168 107 -180 210 43 -147 94 214 -216 103 -48 -157 24 152 41 -15 156 141 30 -16 -199 237 172 -163 -99 222 -31 157 146 160 -190 -115 -131 105 126 201 -90 54 -86 -108 95 -231 101 -215 -24 118 166 -162 125 73 180 185 71 23 18 -218 150 -233 192 -53 -141 68 -19 -109 
TEST 164 ARG:63 -197 -201 -150 -200 -187 -71 141 62 -234 -240 224 151 25 119 -236 -192 -198 242 -134 -157 -38 130 -53 -206 51 94 142 -67 -111 -34 -83 -135 7 -87 221 -27 75 197 -183 247 76 -203 89 -39 -137 56 58 -117 249 120 -104 114 187 -23 -221 -37 -44 184 237 -106 27 -223 9 16 229 -2 -16 136 208 -193 -184 54 8 134 244 -224 40 -84 46 -28 28 79 -94 98 -100 243 -51 -7 -210 182 157 -204 -55 -162 -86 -231 0 235 -188 -116 -74 163 22 128 31 115 -239 212 -126 -113 159 -226 -140 193 180 -215 -131 17 -156 107 239 -77 214 95 167 -249 -56 -92 -151 -127 33 113 110 32 -191 172 -190 158 -152 164 -52 -109 -147 -125 -220 21 165 -8 124 -232 218 -164 93 67 -199 166 4 171 -230 216 -70 175 -57 -63 105 69 83 64 -153 -154 222 -173 -185 140 -121 189 -212 35 241 -64 -159 -95 198 -222 -123 121 -62 -138 -160 -110 -82 -15 231 155 43 -158 52 -181 1 161 -124 -216 29 91 -48 -227 78 -119 152 61 10 -118 179 118 154 -13 -61 -49 -142 -42 3 -85 -96 -155 178 102 176 204 138 117 37 -180 -43 23 -238 -130 -40 26 213 -213 -182 -168 -90 156 220 -195 -146 -166 186 177 246 240 55 144 48 -65 -98 191 -45 210 111 -102 -149 -242 219 -30 -78 -72 -214 -33 6 77 -60 -79 -244 -107 -208 84 -174 82 -101 -129 15 122 -112 20 129 -247 -50 238 -241 -35 143 -4 49 150 -167 -128 -36 209 60 -24 108 -5 133 -29 217 34 227 132 13 -89 201 -172 -245 -81 -31 -211 -10 66 12 -108 202 174 87 96 226 99 169 -171 -218 116 -59 71 -141 170 -176 192 188 -114 74 181 173 126 41 -105 -139 -228 -243 230 -3 -235 -144 -69 -54 -196 -73 103 14 -1 -202 -133 -32 -11 225 -145 30 36 233 -175 -26 45 109 -66 -209 206 65 -165 -41 -205 228 50 -207 -178 -122 59 -120 100 236 127 57 248 44 -68 72 -246 -25 101 -148 -189 -132 53 183 70 131 -115 -21 -17 90 42 -99 185 -136 145 68 -248 -12 -217 -177 149 200 -91 205 -194 162 19 39 -47 -219 -76 -186 -58 -9 -88 -161 47 11 203 2 -143 190 148 -163 18 211 215 147 232 112 -75 73 160 -93 -20 92 -97 -179 24 97 -250 199 -18 137 -225 194 207 5 86 -229 234 223 153 -14 38 -170 123 81 245 146 -237 195 85 168 -6 135 -46 -22 -19 139 88 104 80 196 -169 125 -80 -233 -103 106 
TEST 165 ARG:210 217 132 -239 42 203 225 -21 135 88 147 -242 -75 133 91 -25 -28 9 245 -220 175 167 -85 185 -186 4 -110 183 -132 82 -24 -5 -65 186 -35 23 25 -18 -140 -191 -48 194 199 -83 -95 -90 24 -143 181 -142 -162 30 -199 -138 -246 -19 -161 58 232 92 -100 -77 0 22 189 -1 -144 -181 -102 137 239 221 -103 99 -237 -244 -61 230 -13 3 63 242 -233 -202 -182 76 160 -14 -113 36 -189 -44 -231 -223 124 -163 40 -211 -172 -213 187 -45 -157 -130 -9 171 -91 -187 67 241 -250 -49 -52 7 246 -73 -240 109 -193 117 41 191 61 131 206 -158 213 79 -222 -53 -120 -118 -16 -135 -196 -131 -54 -36 -111 -40 -74 177 -249 249 -81 153 -166 -88 143 -147 77 -87 -170 -247 21 236 48 180 -112 -151 -57 121 161 38 -212 228 -10 86 -17 -227 18 -66 -6 182 -137 145 122 33 14 29 130 227 -31 209 -238 -148 10 -97 66 -69 151 56 223 195 149 205 162 222 235 -109 -152 -165 -215 87 -188 72 12 110 134 31 68 27 102 116 125 -70 49 2 -80 -217 -184 -243 -200 219 -8 106 53 39 -123 -248 100 -216 -89 -68 -98 -149 -38 229 83 196 -155 85 192 -159 80 -127 -41 -210 214 -76 -29 65 -51 -154 16 118 -20 -176 178 -55 168 142 -226 -180 -164 64 -204 140 212 173 123 -190 218 197 163 -86 -43 -136 200 -23 129 176 -219 -124 -173 35 -101 231 -175 -245 184 -114 -82 -234 101 15 -11 248 139 -179 112 -167 -106 46 73 84 -37 -232 20 -185 70 119 54 -208 -177 -107 -96 -63 -115 104 -3 128 1 247 208 144 -174 74 -121 -50 -47 -228 32 244 -169 -72 -108 201 44 198 -192 43 -221 -4 103 -150 -146 -224 -126 154 174 -214 -206 211 94 -26 37 -32 115 -122 233 -116 156 -205 188 -30 111 96 -27 50 60 193 -145 -94 -171 -235 204 19 55 -198 -160 -168 190 -60 95 -22 169 152 234 -209 34 5 81 146 26 -42 157 75 164 52 -225 -58 71 113 -139 170 47 -79 -134 216 -99 202 243 6 -133 158 -156 -117 -64 179 -56 -71 -12 -207 -218 207 224 28 90 93 -34 -67 -129 97 51 114 136 220 120 159 -229 -104 127 138 -201 -78 166 62 -197 215 238 -7 -128 -46 108 8 105 150 -92 -153 126 155 11 165 -194 17 148 57 -84 -59 59 -183 226 45 98 141 -15 69 237 -39 -105 -2 -125 -230 -203 -195 -119 172 -141 78 240 -236 -241 -62 -93 107 -33 -178 13 89 
TEST 166 ARG:126 -32 237 -56 97 111 -201 -55 -8 -91 191 201 -67 16 -134 -43 12 -223 184 151 219 -117 -19 58 192 -27 149 -206 -110 -221 86 187 -97 91 -51 -92 -100 -242 222 -233 72 243 75 -231 -153 -222 27 -4 236 101 137 220 -142 -34 76 -169 -144 40 118 230 121 -209 23 5 -212 24 -237 -60 21 166 -218 227 174 -23 41 87 -203 -57 -236 -162 -241 197 158 -52 4 -70 217 83 248 61 -234 38 -80 103 69 161 113 -198 -158 -28 -58 162 -33 -81 216 -17 -214 95 -22 -37 -49 211 -168 -200 -74 -185 -46 -150 242 -179 -119 112 26 -122 -166 22 94 14 107 -103 129 -21 77 123 -90 -175 -129 179 134 -11 -114 36 180 98 3 119 -181 11 -12 100 -171 -184 -227 -219 208 199 -108 -152 84 -205 148 -165 245 65 89 -118 206 209 -146 218 -59 -136 0 -229 182 -180 223 163 238 -76 146 -245 -228 -188 -155 194 -99 164 -127 2 232 35 -18 -61 48 -235 -120 71 88 150 -204 -35 127 122 -230 -79 -154 -130 -87 210 -248 66 9 82 -148 -172 54 -176 106 25 64 -178 152 -101 147 -42 20 -83 -207 142 136 -71 124 -86 -137 160 -115 -98 -197 153 246 92 -161 -78 131 44 204 135 96 185 52 202 221 109 -238 18 -177 -113 -112 138 56 -249 105 -125 -73 -72 154 157 -53 116 31 -68 -220 -107 -190 183 -2 -170 -157 -16 -13 -63 34 207 -93 215 79 -239 1 -135 -186 -247 -194 -36 172 -89 155 234 249 -215 -10 145 -77 -211 -128 -116 -173 -45 -24 99 -145 212 -199 102 104 -250 -192 46 229 190 224 241 214 19 -187 240 167 -183 239 -9 165 200 90 -160 78 226 57 233 -147 177 -174 -25 -88 -182 53 -39 -132 -96 -243 -31 -41 -196 85 -102 -191 55 -38 17 -156 -109 168 188 70 -6 169 -159 7 130 205 59 -210 -15 -111 -1 143 228 33 68 -139 -106 244 -7 -149 10 -246 -47 141 -5 -14 93 6 -131 -164 -105 -3 -95 42 128 125 -20 175 -65 -208 37 -54 203 -124 115 51 117 -195 -84 -167 67 173 62 193 -104 13 15 -217 63 47 30 29 156 235 50 -44 159 108 213 140 -138 -30 -216 -141 -82 120 -126 43 176 231 -193 -26 181 -62 171 28 -48 80 -240 81 189 132 186 -29 198 114 -151 -232 -66 45 170 -224 -75 225 60 -189 -69 -202 -133 -50 -163 -123 133 -143 -213 73 139 195 247 -226 49 -244 -121 -94 110 -64 144 74 -85 8 178 -140 -225 -40 32 39 196 
TEST 167 ARG:-177 136 -196 -207 -138 170 -178 95 149 159 87 206 30 -176 113 -242 114 221 -30 -22 -43 47 111 -163 173 -191 220 129 76 -139 29 -189 148 232 -108 -195 4 -153 210 119 -109 202 5 -146 -235 211 25 -107 93 -125 -172 175 -78 -250 -6 -112 110 225 -45 -193 -82 15 108 -92 52 -136 65 -27 -122 -201 106 -249 94 177 -224 192 -205 139 54 43 -41 -186 135 -57 -37 -56 -188 69 -199 -117 -192 -53 189 235 171 157 -152 48 -62 -220 -67 178 239 -244 37 32 -130 -101 -208 -44 -148 103 -29 -93 213 -87 -227 154 -13 186 -158 1 96 130 217 180 9 63 -98 -169 -166 7 -11 -181 99 216 241 214 -66 78 92 98 -128 -94 -215 62 10 -18 224 36 -223 -174 0 -246 223 -239 183 147 17 -210 143 -20 243 -91 -12 231 -69 -118 140 104 191 -240 179 -171 -204 249 -36 56 141 134 -237 21 182 227 132 204 -170 168 -114 -209 -132 44 125 247 -97 -32 -70 -80 127 70 -83 199 185 -76 14 77 158 -3 245 -28 112 165 198 -126 145 3 100 6 -61 -54 161 196 197 57 -33 34 -245 -73 67 -68 -49 -119 205 2 -164 -121 131 -145 209 238 -47 73 208 133 122 -63 -52 -236 -173 -115 -104 -165 -10 -55 193 -7 169 -247 -96 -74 46 -149 137 -221 -248 212 26 58 -31 -14 233 236 79 23 -222 11 -4 53 85 -241 42 64 218 -111 45 19 124 -228 -157 234 -217 -143 172 -167 190 -194 105 240 126 -100 -218 153 151 60 -219 -180 -137 -48 -150 226 -24 28 195 -175 188 -179 -142 -211 -243 -141 75 -60 68 66 -233 -2 174 -88 162 166 -113 242 194 16 -225 107 86 222 229 -187 80 -131 -35 246 -19 109 41 12 89 -38 117 167 61 -134 91 -72 -90 -17 -116 -39 102 18 74 144 237 33 -198 160 201 -226 123 27 184 -156 207 -135 120 187 -25 181 -106 -81 146 50 -64 -86 -42 -103 88 -5 176 -234 -110 20 155 -85 200 -231 -59 -133 59 128 -238 -15 -75 -200 -129 8 -232 38 31 83 138 82 13 -182 121 152 -26 -40 90 230 24 97 -84 -50 51 -230 228 81 -168 -203 -190 -197 215 -144 -65 -185 -95 -123 35 -160 22 -124 -23 219 40 -147 72 -183 248 101 163 116 -154 -161 -202 -162 142 156 84 -155 150 -8 -77 -71 118 203 -151 -105 -214 115 -229 39 -206 -159 -213 -212 -1 -16 -58 -34 -46 -99 -21 -184 -127 164 -51 -79 -102 55 -9 -120 -89 -140 -216 49 71 244 
TEST 168 ARG:-68 65 57 147 -36 -67 73 -161 -83 82 -195 -217 -116 -183 -157 -201 -139 179 -153 93 8 -220 -192 21 216 191 36 -27 -10 77 164 139 -210 -94 96 -233 148 -15 154 156 189 11 113 43 133 16 -44 53 -204 -58 -6 185 -166 -5 -40 -215 5 172 243 12 -194 -80 33 -38 56 -31 234 -14 -125 48 -49 244 237 -91 -184 -117 227 68 66 -79 169 111 136 -168 206 -129 61 118 45 -160 -23 132 76 -127 209 29 157 28 25 -216 -137 -128 217 6 -209 -199 -9 171 178 153 44 -101 -16 -25 114 134 89 -106 222 39 101 -165 -219 109 121 -71 -107 41 131 -202 215 -196 -206 34 181 99 -241 63 -138 122 95 42 182 187 15 3 -19 -119 -93 -176 18 92 -123 245 -61 -12 46 141 -45 231 -218 -193 -162 203 226 107 -247 60 126 242 174 200 27 -189 -244 -26 167 -113 -111 -59 -245 224 110 115 72 -207 -226 81 -74 202 233 116 -70 241 -52 138 -13 223 -180 -29 -150 -121 -122 49 13 -76 -73 -231 211 -95 -147 -212 213 -200 -120 225 98 10 108 -228 -214 14 -39 -92 -20 -145 184 -134 -21 -60 -187 -164 173 -159 -223 218 195 -191 -78 -130 -186 117 119 -237 -208 -197 104 162 20 177 230 -154 -174 -246 -213 32 247 -7 -181 79 124 -185 168 229 90 -34 149 -155 2 70 -98 145 -51 -235 105 69 -136 -56 -65 -224 -221 67 196 -203 128 236 -48 -148 22 -178 100 155 58 158 54 64 -167 214 238 87 248 38 -110 -126 -250 86 221 170 -238 192 71 -81 188 -142 120 -240 -33 -118 103 -205 228 62 -11 7 51 220 -43 -72 -96 151 166 -104 -86 -32 -47 144 -158 -82 123 -62 -248 -77 4 232 208 94 -146 -17 -171 -225 40 190 -112 239 -172 -179 80 84 140 -75 146 186 212 -229 55 37 -50 -99 -64 -144 83 47 204 183 205 -151 -177 -211 -85 88 -243 59 112 74 1 -188 -156 -198 -102 91 -227 -53 129 -35 -173 159 -190 17 201 -182 -143 -87 -230 197 176 -4 -84 -124 -242 235 102 135 -89 -8 -232 52 -88 -163 31 75 -22 -152 199 -114 26 -41 127 -140 78 -170 249 -131 19 -175 163 -18 -234 -63 152 -55 -249 -109 -37 125 35 -57 210 -133 219 106 -66 180 143 150 -135 -24 -108 165 -103 -169 -46 246 -141 -2 -100 24 142 -97 85 -236 -115 0 -30 -28 160 -69 50 -54 207 198 97 -1 130 193 30 -239 -42 137 9 240 175 -222 23 -105 -132 -3 161 -149 194 -90 
TEST 169 ARG:5 -81 185 241 148 201 104 -114 -223 -214 149 -208 -10 233 -207 179 237 100 -77 -14 -122 39 42 -49 195 -209 -204 -71 20 -111 169 123 -59 106 159 -118 18 73 -149 82 180 -176 -201 -61 -120 214 -229 -32 112 -80 -140 -167 -216 161 78 -143 -145 -153 -240 56 4 60 130 150 -19 -218 -17 19 67 7 98 242 -47 -165 -137 -192 85 131 49 -46 -196 178 -124 229 -210 183 117 222 43 139 193 86 108 181 46 157 103 99 63 153 -5 -224 247 170 -139 -233 109 -235 208 28 -127 127 -76 146 -144 -103 -202 177 -51 10 -193 114 129 33 -125 -102 125 -206 -27 172 209 202 -171 -96 -73 -37 -129 248 -228 83 9 -87 122 186 -43 156 -40 -174 -168 111 -25 -244 -13 -163 -164 219 226 -227 -58 191 -179 47 -166 232 -85 -95 -94 -38 -159 -18 96 -33 135 173 134 -23 -248 38 41 -147 0 -50 70 -72 -83 171 3 -78 223 -246 182 -158 -134 -219 -245 189 133 -45 -180 25 240 91 97 -115 -35 -130 -63 -98 -3 -195 -20 -156 -1 165 65 48 -182 -93 62 121 120 -31 44 218 -84 163 188 -152 -60 152 -128 230 61 221 234 21 69 176 -221 16 128 -65 167 -39 -121 205 -183 -56 -75 -189 79 197 1 72 166 203 204 -89 22 243 -30 200 207 212 77 231 101 -154 216 32 -53 -116 14 -119 -117 -249 -108 -11 -191 -54 35 -169 245 66 -177 29 -15 74 -132 -28 -91 239 -151 76 -148 -104 116 -200 107 -198 -236 -232 -231 113 -217 68 -247 -113 -88 196 -239 -7 13 175 -26 210 -220 211 -141 137 -57 12 -29 140 -97 -135 -21 136 118 -138 45 -230 -241 105 -123 -225 -155 144 -62 27 84 94 -150 -4 -215 -105 -70 -234 110 124 52 -187 -185 215 -44 -2 213 26 55 -197 -92 147 -136 -175 -42 -24 88 -126 168 -213 -226 54 -16 -172 -170 -55 238 -237 217 -67 50 -160 -34 -100 -212 244 53 225 -186 37 151 -242 -106 192 -205 2 -86 -64 190 143 -69 81 162 -222 40 24 102 -243 -157 -101 -79 11 -52 90 -142 206 -181 249 -238 132 51 59 -107 58 187 8 89 158 -188 -48 31 -250 57 115 -22 198 -161 87 155 154 199 141 71 92 -6 224 236 -131 75 23 174 227 -173 -90 194 142 126 -194 -82 -110 -184 36 -66 -133 -109 -190 -112 -12 6 15 -74 -178 64 -41 235 -199 145 138 -68 160 95 220 -8 164 80 -36 93 30 -162 184 -99 246 -146 -9 -203 119 34 17 -211 228 
TEST 170 ARG:-233 -30 -179 -54 220 197 15 118 73 136 183 -235 70 37 -183 129 238 182 235 -33 174 -52 119 196 22 -114 218 127 -25 -220 66 -169 169 71 -212 -144 98 -138 177 75 -174 157 210 109 179 145 52 124 142 -97 13 -226 3 202 -211 208 -111 -85 -173 94 224 200 -22 49 106 7 -119 8 -143 123 32 -80 97 -50 230 181 -44 -176 -236 -81 108 24 -163 -66 233 173 198 -63 -72 168 241 -154 148 -99 -49 -117 4 153 -205 204 74 -21 16 10 -187 245 199 228 72 42 176 239 -116 17 164 192 -28 56 46 107 184 -1 -230 -153 69 201 -135 50 154 91 -6 30 -121 149 -125 65 209 -133 -53 -113 -9 29 110 -35 -141 203 20 -65 -67 -84 -200 152 112 234 59 33 -118 39 189 229 -223 -149 -152 213 130 53 -94 -36 93 -216 -57 -3 34 -210 -201 51 151 -75 -188 25 -70 -40 54 113 -61 -215 -45 36 -131 158 -58 -244 -245 244 -39 -112 -38 -207 -104 -69 -161 9 246 100 -4 -60 -95 117 -175 150 41 162 133 -98 -115 171 155 -106 6 58 -248 -19 -145 90 -196 87 92 -197 67 -62 -214 -190 -32 -127 27 103 114 -203 99 -186 -101 -7 21 -43 -213 163 141 -228 125 38 -76 -89 -184 139 185 143 -192 219 -91 -241 172 -165 242 188 57 -10 78 -128 231 247 186 -27 -146 -218 -73 -250 84 128 -56 -74 116 -195 -182 115 161 -123 215 -17 -206 -87 225 206 187 23 -129 134 89 -110 190 12 -37 -5 102 138 -83 -71 -181 249 -124 175 -209 180 -229 -177 43 248 64 156 221 -202 -34 207 -148 -77 -14 -247 -47 -120 167 166 165 -178 -16 5 35 -191 -29 63 104 -208 137 -234 -108 -100 223 -15 147 79 222 217 -217 -231 86 -185 -162 122 211 -12 -198 121 0 -150 -42 -159 -96 236 120 216 80 -132 -242 -46 -109 -157 -107 83 18 135 -2 -82 -13 144 -136 -134 232 195 11 -194 240 2 131 -147 -239 -139 76 -168 -142 -249 -240 205 -86 -221 -79 -102 126 237 -48 -26 -31 -243 45 -164 170 -78 -172 -90 1 -68 -55 -246 -227 -151 61 47 -204 -122 -156 -225 -180 -238 -59 -137 19 159 -93 140 194 96 55 -224 95 88 -18 81 44 146 178 -155 212 227 -140 -232 68 31 226 28 -130 -23 26 60 -103 160 193 -41 -199 -170 -105 -219 82 -189 101 -11 -158 -171 77 -167 -24 191 -237 214 -64 105 -8 132 -222 14 -88 243 -160 40 -20 -51 -166 48 -92 111 -126 -193 62 85 
TEST 171 ARG:171 68 -7 -200 -15 -74 -127 81 -24 -248 33 133 240 -157 16 11 149 199 12 -1 -130 -183 -177 172 -243 -58 -218 -109 143 -25 -42 32 138 34 -188 -220 151 19 -53 -97 -122 -129 -120 198 222 -101 183 163 -96 -123 -213 -169 112 -61 -43 88 -45 -88 102 -112 237 128 173 233 -46 -226 -203 -221 -185 -138 124 104 -107 -98 44 164 239 -207 30 -71 -206 86 10 206 94 -12 137 50 176 -119 74 9 13 46 -156 234 209 -136 28 90 -27 59 148 56 -31 -238 -132 -211 219 136 -179 -92 177 181 -110 -184 223 216 26 115 -133 -23 -63 80 -233 -36 -230 -229 36 1 -143 -154 -222 37 210 -128 -48 -99 246 152 -232 -164 195 100 -49 -51 -89 -94 25 53 -104 99 -59 -171 -239 23 -231 65 -83 201 220 29 85 159 125 134 243 4 43 76 -148 -192 187 -155 -35 -208 140 64 -17 107 15 -106 155 247 -187 118 -174 200 -223 -212 -158 -153 229 232 242 48 178 121 -144 -82 -172 27 135 -159 77 -13 144 -137 -245 -2 -182 -214 -225 -250 -201 139 141 -235 -37 -115 -93 227 162 193 -62 110 -227 165 54 -121 -180 -90 145 -178 184 142 244 224 146 -244 6 -64 105 82 -47 120 236 170 -52 166 192 -247 97 40 -86 -56 -162 0 126 -237 -215 7 -219 -145 -30 238 -69 -85 147 8 60 -242 204 55 225 -44 14 228 208 -116 -224 63 -65 -165 98 194 45 -66 -102 203 -73 -194 -84 21 39 111 -40 95 217 17 -209 -246 49 -11 -87 -198 20 -91 -22 -193 -195 241 -4 -167 84 189 58 245 -161 24 127 -9 101 -249 -141 -41 78 -151 22 230 179 235 218 153 167 221 -103 41 129 -217 79 71 109 47 -19 69 5 42 -199 -176 18 -114 -78 -67 168 188 -18 -21 158 -191 161 -186 61 174 62 -146 2 -181 35 -113 -240 169 83 -166 -8 96 -152 -60 66 -118 -3 -204 -142 202 3 -100 -16 226 119 91 212 249 213 132 -210 72 -126 -190 -108 -189 122 -111 175 -125 -55 -175 -173 -234 -160 103 150 -95 -168 160 -6 106 -28 92 214 87 123 196 211 113 -147 207 190 231 -32 70 51 -76 114 -241 -135 -105 157 156 -68 -149 38 -75 197 -80 191 -77 -228 -139 -72 -14 -79 73 -10 108 75 -150 -70 131 -57 67 215 -163 -124 -140 -29 -202 -54 -131 185 -170 -5 -34 -117 -196 205 -236 -197 -26 182 57 248 -134 -205 52 186 154 -81 89 180 116 31 -50 -20 117 -216 -38 -39 -33 93 130 
TEST 172 ARG:-58 243 -154 128 -5 48 176 210 132 -55 -42 -182 0 18 187 141 -57 139 -202 96 -248 -153 158 -74 -127 44 -24 174 220 107 -65 211 -102 -99 134 -162 -13 -164 212 104 242 -83 182 72 -27 -178 -167 -2 123 -9 13 195 67 236 -100 62 235 -197 -139 -141 199 -223 102 -207 135 155 101 159 39 -26 66 -226 -28 -148 -221 -49 -228 -163 -79 9 184 -156 4 -201 -97 -38 240 154 -33 2 -66 -36 -43 74 90 -187 -218 241 70 -204 -230 206 -155 10 126 233 169 -52 122 52 -101 -122 167 -91 -196 179 180 100 -119 186 46 -242 248 193 -6 -205 -192 -48 58 -186 -133 -105 144 -149 -128 237 -73 92 -185 -103 -143 -82 -106 -216 60 7 91 239 27 -183 -92 -10 71 -61 105 -1 113 -4 86 -77 133 20 -222 -89 3 -76 -108 -32 83 97 149 185 213 218 40 -147 -7 -134 19 228 -14 203 99 38 207 54 -212 -126 130 -247 16 -68 146 -188 -87 98 -123 108 -3 230 28 93 -170 -71 145 197 -168 56 88 -213 136 156 68 -157 171 -203 -214 194 -225 -60 49 -67 -21 -85 17 85 -238 -246 127 79 120 138 198 -34 177 -18 166 42 33 -110 -117 110 137 117 -181 51 216 -206 12 31 53 -107 161 -98 157 223 -138 147 119 200 8 -243 25 -118 -144 -165 47 -232 -240 14 22 -72 -121 36 160 168 -171 -120 -209 -41 -22 78 -146 -236 -86 118 -235 26 -189 35 84 24 32 -46 -137 222 -180 173 -75 5 -20 -158 77 -174 -237 164 -96 114 89 -94 81 183 -8 -245 -115 -12 208 -175 -39 191 55 245 109 80 -11 -51 -124 94 192 148 -81 225 227 190 -59 -219 209 -17 -250 196 65 -31 -231 -227 234 247 -234 -80 -199 -84 244 -109 23 188 -132 -172 64 -93 217 -113 -176 -25 37 103 -111 238 121 1 -229 -45 -29 -166 34 -88 -179 112 125 -184 -130 -169 162 69 -131 226 163 204 -78 175 219 -70 -95 -145 229 -19 -173 106 152 -150 -211 -62 -233 -244 -239 59 -217 249 -198 29 -50 221 -195 75 -129 -16 -125 214 115 -151 -136 140 150 -152 57 -40 -54 61 -177 -56 116 -30 111 129 -160 170 231 -193 -69 -114 232 -215 50 -63 -140 15 -53 -23 6 30 -161 87 189 95 -194 124 202 -220 11 215 -35 -44 -37 -200 -142 63 205 172 131 -159 -208 82 143 -64 -116 178 -112 73 -190 -104 -90 -135 45 -47 -224 -191 224 41 21 43 -210 153 -241 151 165 246 142 -15 -249 201 181 76 
TEST 173 ARG:55 42 199 -77 248 196 -92 124 -151 90 -148 232 151 229 -203 -7 131 137 -227 -169 -96 -122 -117 -192 166 -207 -111 -141 106 0 206 239 -242 53 -143 139 135 -49 -34 -160 -59 -18 115 11 195 -177 -73 225 138 194 237 152 -55 -162 -161 -64 -127 38 -221 -188 -100 -126 74 54 234 -31 -214 -233 49 -42 -152 133 37 -157 -30 -130 153 -58 120 -15 92 -110 34 -121 -245 -91 -2 1 -67 122 57 144 -124 109 164 7 -149 77 170 -147 236 -167 189 185 -243 159 56 -80 -182 -204 173 -114 -140 -159 -8 44 -208 -173 -105 -241 242 -40 113 -212 -197 -19 10 -23 208 -210 -125 -154 87 -172 -215 -213 176 129 141 -226 65 -104 235 13 99 -70 -27 -84 -82 -133 75 132 40 52 -223 20 -131 4 220 245 41 -171 114 -181 28 -101 193 178 190 203 -60 -156 130 -9 -99 -217 111 -139 228 24 -108 -107 -90 157 -190 -41 -239 174 30 119 80 -150 94 72 -209 169 102 2 -191 -185 -123 -170 249 -17 -220 -248 107 -62 -230 180 45 -187 95 -72 182 215 63 188 -65 -158 -247 67 -232 -47 127 134 219 -109 48 -44 -199 165 -26 -135 240 33 -39 21 83 105 184 213 23 64 154 16 70 -119 -174 -4 12 -183 -142 -37 81 76 200 104 223 -222 -83 211 147 155 -54 -48 -138 210 192 -29 79 25 -165 227 36 98 212 -106 -240 -28 128 205 230 197 -238 -75 110 91 142 78 -249 -33 172 224 221 198 -195 -113 118 -112 167 84 -20 -36 96 -103 126 -236 -225 183 59 15 136 -98 97 -164 179 -128 -178 32 145 -118 148 29 216 171 -166 -38 117 27 -46 -95 108 -24 101 85 -81 217 -97 222 -180 202 88 243 218 -1 82 -51 186 -184 47 73 3 -16 -102 -56 -21 143 62 -202 161 231 -116 -115 -89 -57 9 -68 -52 19 66 -200 5 -6 116 31 246 -53 -50 -78 -237 244 247 -88 8 -250 -35 207 35 -218 125 -22 146 -3 -198 17 -235 112 -186 93 201 -216 39 -69 61 71 140 -144 43 -175 -153 -163 163 -32 -11 226 -45 241 149 204 -244 22 -63 60 158 -120 -74 -43 -219 -12 -201 -13 -228 -189 -206 103 123 -86 -79 -246 -196 -136 -176 51 -179 121 86 89 177 -155 175 -94 209 100 -137 -85 168 -168 160 -93 -61 -205 238 214 68 181 -231 50 -229 -194 162 14 58 18 69 -145 -66 -14 -134 150 6 -71 156 -146 26 -87 -76 -211 -224 -129 191 -193 -234 -10 46 233 -132 187 -5 -25 
TEST 174 ARG:231 -109 -79 -120 69 124 38 233 -98 189 -71 -128 -183 -233 -125 -170 245 -92 -234 172 21 -74 -95 31 -39 242 228 180 241 178 22 98 -93 -45 173 -60 -163 91 -3 -5 -25 93 -177 227 -63 230 -11 -130 -30 150 24 -75 -124 195 -99 74 118 59 147 82 206 -181 -46 116 216 156 -201 -38 215 101 232 72 -151 63 -138 -237 33 -131 62 -119 186 170 -159 -211 102 -88 152 139 168 -232 -85 -24 -84 171 35 -155 145 -34 -249 99 -148 -81 -61 -180 246 214 -192 -227 182 -145 151 26 167 -236 -89 -199 -224 238 179 -58 -65 162 234 154 -190 185 -36 -122 -141 199 -218 15 -205 61 -1 -107 -126 -207 223 143 -173 107 123 3 10 -144 -167 -44 188 -118 197 175 -15 -27 -66 122 -186 133 106 -221 -139 -55 194 28 -69 -33 192 -196 181 -117 -195 111 226 -162 -206 -239 -4 -247 67 -235 -105 -86 219 -204 -158 -100 29 196 -37 -132 11 -22 -154 92 60 -191 146 -17 -134 130 95 203 164 -185 48 132 -143 -165 9 76 -169 57 4 -23 -230 46 -133 -97 13 -56 0 243 -106 52 -28 14 -80 -94 71 236 34 -208 80 -40 -209 -87 -67 135 89 75 161 85 2 128 209 220 137 30 -16 -129 -49 -53 18 120 213 41 109 20 -32 -202 -103 -140 -149 -172 -242 -210 -229 73 49 -214 157 -29 25 155 27 -13 -176 -41 127 144 193 45 -198 -135 -21 163 108 -48 -20 -96 42 225 -156 -168 148 12 -160 -78 88 87 -189 -112 -7 -194 1 8 -241 249 -164 239 37 -59 105 198 78 -215 -57 166 39 16 -231 -77 121 201 -146 -43 -82 58 5 -12 -226 53 47 -188 32 136 149 -174 83 240 -19 140 -111 -115 44 -26 6 55 -203 -248 -76 77 50 207 183 126 202 -225 79 -10 -18 -246 -123 222 -212 244 -64 65 -31 51 96 160 174 -157 -245 -250 90 224 -70 -110 -197 70 114 -9 -2 -73 134 235 176 -166 -228 131 -223 -6 -137 208 -68 -113 86 84 247 200 -238 -213 -54 -193 -147 -184 177 142 -161 165 115 -47 -127 187 125 138 -50 248 -90 212 -171 -153 54 -104 -182 -240 129 -72 100 -222 -14 -91 -150 -136 64 -8 158 7 23 153 191 141 -187 117 237 81 103 -101 229 -216 -142 -217 -175 -51 -220 -243 184 -178 169 211 -152 40 110 119 159 -108 -35 -121 -52 205 210 221 -200 -219 -102 -114 19 97 -42 68 113 -179 204 94 36 218 217 43 -116 56 66 112 -83 17 -244 190 -62 104 
TEST 175 ARG:-237 -188 -118 233 9 -32 -111 189 101 -210 67 94 38 198 -37 -64 -234 -197 -98 208 224 223 12 -88 -103 1 36 13 -151 68 -82 176 238 27 -69 173 -114 96 -120 84 -13 -1 214 -148 17 -208 147 148 -166 207 54 -240 -168 82 88 -219 -36 51 93 228 -191 168 -117 -55 129 80 42 -19 73 -242 -89 -232 -102 143 65 -8 -56 103 -142 -205 -199 180 122 -110 60 -12 -244 178 -167 127 92 -27 200 239 219 -146 246 -193 -43 -172 -5 160 -93 77 66 48 -77 -187 -160 -129 -97 171 -67 100 -2 220 -184 108 161 7 -60 149 131 183 226 -134 170 -108 -45 46 -46 8 165 57 121 -190 -140 229 -44 69 153 181 97 -170 -38 211 106 140 120 -18 -130 -215 104 -194 -90 6 192 -78 -123 -84 -112 -25 237 74 -202 -250 -159 -124 248 -189 -11 47 169 216 199 137 5 91 -16 -224 102 128 -17 34 -86 -156 221 24 -245 -182 -14 235 -175 167 174 116 177 -158 -34 -59 -125 -138 -53 -75 -186 -40 114 -72 -51 -173 -177 144 30 113 86 125 61 158 112 212 45 -21 50 -24 -181 197 35 -54 -192 -99 -149 195 -121 -65 202 -249 241 -29 157 -42 -91 14 -226 -230 -221 -109 210 126 75 3 95 16 152 -174 -165 2 -216 -15 72 59 -81 37 25 -122 -136 89 -200 240 -73 -41 98 90 190 -70 123 -243 40 -132 -31 53 -62 83 -96 15 21 -248 204 10 225 -95 156 231 -137 -115 138 124 105 -87 213 52 -116 -30 -68 -220 -133 206 -236 -147 -145 209 -169 -52 81 -195 -61 18 -3 -66 185 -126 188 201 -180 -150 -39 162 117 249 193 244 -33 99 -225 203 -141 -105 236 172 -214 -71 -83 44 -26 -164 -201 -198 232 -113 43 28 87 23 -222 41 -119 135 -47 -58 215 175 -74 186 141 39 159 -100 115 154 -152 63 -85 -23 -80 76 166 32 227 22 245 -247 -155 -35 107 -217 85 139 -246 -203 111 -131 62 31 49 136 130 118 -50 -48 70 -144 247 4 -206 151 26 -157 -183 243 -229 -106 -213 -223 133 -239 119 134 19 56 164 -107 -209 -76 -176 -22 78 -178 71 -20 58 182 -218 29 217 -92 -231 145 184 163 20 64 -9 -228 242 132 -179 -154 191 0 -143 -94 -79 -241 155 11 -196 -233 110 -235 109 -185 205 -104 -135 33 222 234 -101 79 -28 -10 196 142 146 -171 150 -49 -153 -163 -238 -211 -63 -212 218 -57 -6 230 -7 55 -4 -128 -161 194 -162 -227 -207 -139 187 -204 179 -127 
TEST 176 ARG:-15 75 -154 172 -66 158 176 120 48 -104 64 7 125 -135 69 -198 -181 -88 104 242 185 -160 51 103 112 -169 -212 -41 -75 -129 -58 -208 128 149 -199 30 -218 8 -115 -57 -223 193 143 -91 -32 57 129 -247 -22 11 -166 -9 -76 228 10 94 -34 -112 -229 86 -52 70 -177 -64 230 49 65 -33 235 -36 72 -97 189 -60 -85 221 192 -35 -176 121 -67 240 24 -147 81 -116 194 -113 -30 -72 229 -3 248 157 93 99 -219 -236 -78 222 60 -118 47 39 88 -49 87 -1 -192 106 -37 -228 -195 197 -117 -27 35 -120 135 15 79 134 -82 -214 -96 187 162 245 17 -248 123 212 -203 -151 -163 -79 201 -191 -190 31 -158 146 -133 63 -193 175 -95 170 5 -92 220 -81 55 -4 50 -100 76 -111 -167 -243 166 -161 214 148 -53 -155 -39 238 206 -125 -144 -25 -173 116 -202 -19 -26 90 77 -230 -62 -139 177 237 138 -65 -211 -224 -241 74 -227 -70 37 -194 -126 68 151 -20 -23 -48 20 12 140 202 115 67 97 -130 -209 85 -83 203 -197 -87 108 -80 27 233 -69 243 -213 105 -89 73 -31 126 131 -136 -84 -232 114 119 26 78 -103 -170 204 -231 165 16 13 109 -217 132 153 190 -157 234 -2 40 66 -43 218 82 188 209 44 -44 0 101 -50 -59 154 -178 110 232 25 -189 -121 139 18 -122 -215 41 -77 2 -143 -11 58 196 -171 -153 173 144 247 33 -156 -164 118 14 181 91 -106 -63 241 117 -233 219 -238 -68 -152 -188 -13 244 34 -250 225 -105 -28 89 210 142 -46 -175 -18 -172 -140 171 -40 23 -246 -6 -185 -5 54 -165 -99 1 152 53 215 107 9 3 -24 213 174 -47 4 -162 83 -94 168 156 -93 200 -222 -242 -237 -239 -21 -38 -16 -204 155 -45 145 184 -201 -141 -124 -132 182 208 231 -205 249 -244 -42 -148 -109 216 124 62 -90 113 -51 183 -149 -174 -101 -127 59 239 236 198 -134 46 -128 38 -119 32 195 19 191 -168 150 159 161 42 -102 141 -61 92 -137 -123 -12 -8 226 -54 180 -207 -29 -206 -71 -220 -187 -114 -184 -74 -180 137 122 100 -73 217 111 179 -182 163 -249 186 -226 -200 -14 -145 -159 -150 36 -245 130 207 127 178 136 -210 52 56 -240 -56 -234 164 22 -235 160 -186 167 227 -146 -98 -17 80 71 29 -142 147 -110 205 96 211 -216 -107 61 169 -10 -108 -55 102 84 98 -225 223 -86 -221 246 -131 6 -196 133 21 95 -179 -7 224 199 45 28 43 -183 -138 
TEST 177 ARG:30 -67 -155 -208 -150 -112 -76 211 -204 -159 -229 -161 192 -142 -196 219 163 62 -35 -175 33 -223 -240 -61 194 162 152 -39 -11 -111 -7 178 232 -186 82 -149 224 28 190 108 139 151 -211 43 7 -191 112 73 -102 229 -116 176 233 -60 -90 154 -23 -160 156 -103 -203 161 226 177 -138 227 -227 -133 -212 -42 -130 -243 235 70 56 247 166 -140 -123 -236 -220 215 -172 -77 243 -74 -222 -20 -95 147 -66 10 -127 -122 -224 94 217 141 153 -171 41 -100 31 8 113 71 47 12 -144 189 -154 84 -27 -56 -237 -94 196 -105 -40 212 -68 -207 223 193 63 -58 99 21 136 -241 119 198 120 133 0 -189 246 25 -31 1 -162 90 -151 -2 -85 -218 -239 98 24 -148 -16 -4 -45 -3 -197 201 237 244 64 121 -15 172 230 -6 -250 132 173 -18 -110 -181 218 -246 26 197 -190 -215 75 -145 -80 89 9 -165 145 79 181 42 -1 114 -209 106 -195 -187 191 -176 -135 -206 220 117 -96 228 184 231 115 199 -117 -37 -57 213 148 68 -158 -50 165 66 -79 183 -30 29 60 225 -48 65 238 236 -194 209 124 146 -69 -65 -43 155 130 -193 22 -242 -230 248 -178 -115 204 -167 185 40 -101 18 -163 27 131 -52 67 -200 -231 127 -82 50 221 103 -87 -249 44 169 137 123 171 6 -107 86 35 -198 -131 14 206 101 59 48 -219 -97 -217 61 -134 -75 -201 -33 138 111 -180 118 -244 85 170 105 55 -146 187 -32 -185 16 -132 -70 -49 207 102 92 143 164 -177 -119 76 175 234 -53 -104 168 2 158 -34 -59 -225 180 51 -234 -47 77 78 -113 208 -188 125 74 110 -164 149 88 195 5 -129 -214 -92 -152 15 3 116 69 -121 -83 202 13 -109 81 159 242 91 -28 -63 239 -126 -10 37 -41 150 129 93 -22 -51 240 -228 216 186 -19 45 87 134 -248 36 -81 -245 -136 -13 -169 57 -38 -55 -86 -71 -25 -210 -139 210 -8 53 -199 -84 -5 -64 -29 -213 54 -141 -98 -170 -233 -179 100 11 182 46 -99 -93 160 39 241 135 -184 -26 -137 23 -125 17 32 -118 -14 -156 4 -157 49 -91 245 20 -182 72 109 -44 19 83 96 -106 97 122 80 -124 34 -173 -166 104 -153 144 249 95 -202 -24 -232 -36 142 -168 222 -174 -9 -235 128 205 -192 157 -183 174 -12 140 -54 -226 214 126 -120 -62 179 -143 188 -128 203 -247 58 -216 -17 -88 -72 167 -147 -89 -21 -108 -78 -221 -114 38 -73 52 -205 -238 107 200 -46 
TEST 178 ARG:127 -117 -238 -207 -13 -6 142 -82 -137 -114 -134 132 69 -83 14 238 -228 102 -33 239 11 -154 -9 240 -169 -197 33 -139 55 -31 -74 -15 0 -26 110 -159 75 -96 130 -211 -247 -72 85 249 -204 13 186 90 144 -29 237 -213 -233 143 43 77 -85 191 -92 -39 -112 -152 -231 122 181 -45 -194 -158 -163 -62 -23 -43 23 -223 226 -234 -145 229 -38 -202 83 -106 -186 38 207 -218 121 -196 114 -58 205 169 -98 222 161 173 -230 -129 -153 48 29 -32 -68 -185 -54 231 92 112 107 -146 -201 -77 -37 -65 -150 -48 160 -167 105 243 -57 -12 -20 -149 -27 -183 -165 242 91 -227 97 95 213 45 139 -21 99 208 -239 187 -198 63 -110 171 98 206 -178 -99 -215 -91 28 -25 22 -120 177 51 -10 -14 119 -125 -107 -209 -59 215 -81 96 73 136 32 46 180 176 158 10 201 -104 192 -226 126 -243 -205 164 78 -109 -55 -56 -89 -51 31 -8 -175 -172 37 214 147 -71 -248 -103 70 179 -94 118 -171 -193 -144 -78 -240 -180 -16 116 56 -182 133 -225 88 -22 -88 -100 64 35 -5 -236 -93 156 86 9 -244 194 134 -73 -241 6 -245 188 -3 -173 -177 79 170 246 209 -30 165 57 174 58 16 7 -1 197 -221 227 108 15 60 234 -192 210 135 -208 -11 -214 -18 200 -184 212 -97 -142 41 -123 -242 -127 129 -188 -249 -115 -66 -122 40 -116 216 150 34 3 152 -216 -219 -157 202 24 -140 -166 -189 -224 -75 185 39 -95 2 5 225 -24 162 124 -210 189 199 -101 -63 87 50 93 145 49 196 101 154 141 -47 117 -46 -108 -80 113 103 -235 82 -195 44 140 148 -53 138 175 -229 -86 -28 54 -160 -44 166 -181 -2 17 36 128 104 -237 -19 -164 -124 131 -61 -187 -128 244 -121 8 100 -105 -246 -212 220 184 193 -41 -90 -151 -191 230 224 -200 -168 -69 47 168 -50 228 94 183 -34 149 71 219 -132 172 109 -40 -67 137 247 -130 -161 163 -36 74 -4 84 -199 204 -64 -206 -174 -84 -220 -217 125 245 155 62 81 236 232 235 80 30 146 -76 -131 182 -143 241 -118 217 4 -52 233 72 -49 157 19 20 -176 -102 153 -70 106 -162 -138 67 218 -250 -203 61 76 151 -232 26 223 66 -119 248 -133 -113 12 25 178 -60 65 -126 -147 53 89 52 120 115 -148 123 -42 -79 -170 159 -155 190 27 -17 167 -136 1 59 68 198 -156 -141 211 -179 203 -111 -35 -87 -190 221 18 195 111 42 -135 21 -222 -7 
TEST 179 ARG:218 95 -179 192 59 -161 -156 187 169 211 -189 124 -185 -101 -167 -180 93 -242 91 -164 -52 136 90 -113 89 -190 81 -143 130 -187 -55 36 -217 -172 -5 -8 158 -84 33 45 24 227 201 20 146 61 125 -95 144 -196 12 149 1 -23 105 49 -87 -166 -77 195 -144 182 -234 46 -16 25 -157 -226 -153 -109 18 -158 -223 204 87 244 213 -6 151 221 -48 -19 -83 159 -103 -151 -191 116 83 -212 239 -150 -73 171 145 56 68 107 60 -135 27 86 101 -241 -236 -21 248 66 -34 -184 14 214 -66 -88 150 0 -18 -142 181 238 -216 -162 -116 -10 8 243 241 -91 160 -240 -79 174 166 -100 -145 148 43 245 -174 -211 -61 -201 6 168 -53 -231 -247 37 -202 -165 -62 53 212 -26 246 13 -128 185 -14 222 190 209 17 -127 80 -121 -227 -199 -65 215 -163 -120 40 -200 226 198 63 -94 -46 216 223 -11 -222 -193 67 -238 42 15 152 -17 -59 -68 -33 -204 -50 -81 -155 -60 106 205 -112 3 -111 -244 -24 -249 155 236 -224 -140 -108 -4 -235 143 -3 233 -107 -75 -149 -12 -117 177 139 180 -7 -30 97 23 217 -56 167 175 -232 41 -126 -118 78 -159 229 -173 -63 64 -90 -80 -125 -15 54 70 114 -67 -214 -115 121 -39 -220 -219 -146 -213 -129 -218 16 247 -114 119 21 128 103 127 194 -192 -168 -86 -70 132 -43 -136 115 32 109 163 237 -82 5 108 137 -28 98 -93 104 57 231 26 -160 -96 129 -78 -230 -176 84 -207 -245 157 34 191 -104 58 99 -177 235 122 120 -54 75 -29 -175 -205 -25 -98 -27 183 48 52 176 -20 31 -188 -64 240 234 -233 -170 135 62 -186 -152 110 189 142 242 -45 -32 200 29 19 10 7 -99 102 65 30 -147 138 85 -74 -92 -42 113 -58 230 44 71 140 -139 -243 -122 -40 11 165 28 170 -206 38 207 35 -106 -35 -137 -210 77 4 -41 74 -131 118 -154 -138 154 123 -228 202 111 -85 22 -97 -194 133 -89 -198 -169 219 100 -76 50 -31 79 -209 172 203 188 39 -71 -182 178 -2 69 220 134 -57 -36 206 112 76 -105 -237 -133 117 47 -229 179 162 -9 -37 -171 -44 -208 -148 96 -119 -248 -69 -49 196 228 -72 225 164 131 153 -250 -183 94 72 193 55 197 51 224 92 210 -22 -123 -246 199 -13 -141 -1 -195 184 -203 -178 -181 -197 126 -225 -47 -130 82 -221 -239 73 186 -110 249 -102 -38 232 156 173 2 141 9 -51 -124 -215 161 88 -132 208 147 -134 
TEST 180 ARG:-91 38 -237 44 55 157 228 -63 -204 -136 152 -236 149 -232 198 10 124 53 45 227 14 244 77 108 -167 -113 78 -88 155 60 -80 64 72 109 -154 -128 84 161 -6 233 131 -142 153 -140 144 -34 -32 -240 246 -179 -244 145 -44 -8 -222 -202 117 229 -11 62 -131 -182 136 88 119 -23 232 128 -90 56 240 163 120 208 200 212 101 -217 41 230 203 -49 -5 183 -65 242 143 -146 168 7 -225 -209 -218 -79 118 -168 -57 -207 234 61 -94 -174 236 2 -169 169 -95 74 -15 -78 -226 -84 82 68 195 -42 12 -101 16 247 -248 -109 -172 -122 57 223 87 -155 94 30 -227 22 249 -199 -67 -144 28 -73 107 -106 -161 49 -229 -206 -211 114 -205 185 85 3 -185 -29 -14 154 -17 -173 -208 -104 159 176 86 -129 -213 235 -147 51 23 -110 98 206 -234 -81 -27 150 -223 -200 -220 207 219 -43 -33 -181 -149 -82 -76 5 -231 202 -60 103 59 -216 135 -191 204 -13 -148 32 -241 -212 -250 17 -171 -233 -242 165 -51 -116 196 100 -195 -47 -1 33 -124 -214 95 -38 112 -107 -135 106 -85 105 175 220 -186 -66 186 -189 -123 -112 -239 -215 172 -52 192 91 210 46 70 -156 130 26 15 -55 -21 6 -18 214 89 -118 48 67 -178 121 -133 216 -175 -160 -108 35 -228 40 -230 -194 104 -114 -153 241 -7 -83 54 190 213 179 -45 -105 42 211 -99 181 -196 -87 138 209 11 -24 -176 -163 -210 224 -119 243 218 125 -53 -126 -26 -143 -137 -41 52 -22 97 205 110 50 146 148 222 76 184 -86 25 -68 -134 -72 231 0 39 -187 -125 -100 239 -20 -115 191 -58 96 156 66 -89 21 -64 -166 79 -10 -243 -50 194 -3 -245 -183 -127 111 -70 -138 164 193 63 -164 8 -203 99 -2 174 -151 -201 225 -238 127 -120 137 178 -69 -59 -35 -46 -102 -235 238 -28 13 -247 27 -177 -31 -9 -37 -98 151 102 69 -249 199 -221 -145 123 -159 36 215 113 58 162 177 -192 -62 -224 221 -121 80 -170 93 -188 -111 -16 126 -117 -12 81 1 -246 245 182 24 189 142 -197 -19 116 122 129 -48 -198 -97 -158 -184 167 187 20 -162 -180 170 132 -103 -36 43 160 31 -54 -61 115 166 37 226 34 -96 -130 158 9 -56 47 140 -40 201 -77 141 92 19 -132 134 139 -150 -190 147 171 29 83 73 217 -71 -165 65 188 -74 197 -75 -92 -39 90 -193 -219 133 -139 -4 -25 -30 -157 75 18 4 173 237 248 -152 71 -93 180 -141 
TEST 181 ARG:-116 -160 211 -65 80 -239 -41 132 163 -113 60 -82 -105 -169 216 -161 173 -212 -177 3 13 -99 5 26 133 65 -26 28 -154 75 -43 -179 -213 -140 -138 63 -77 -164 -8 -74 -89 -192 -102 -168 -181 230 -18 157 248 95 -187 235 202 -221 -159 -135 -121 -40 183 -95 188 -60 66 87 -92 154 -152 -1 148 29 -201 -36 47 213 238 78 -86 -228 -218 114 -73 247 207 160 -230 -248 -104 177 161 -184 208 107 196 229 21 224 192 83 -157 -151 -139 45 93 -63 -242 44 -142 218 101 15 6 -214 117 -124 -29 31 228 -84 210 -72 -150 168 147 34 -17 -194 239 49 -88 103 -245 82 136 54 112 -96 89 153 -94 18 171 14 -21 -130 -174 226 110 -64 -46 96 104 219 134 -222 -226 105 186 -183 11 -176 189 -186 -4 225 -134 -53 -231 94 -171 -23 106 124 166 -50 -243 -155 -163 20 122 -167 -5 79 100 23 -215 38 -48 -68 -216 -13 -166 120 -35 91 -30 97 170 -6 -27 -100 142 215 199 -211 -193 -80 -117 4 -198 -101 155 -38 221 158 -137 -147 -37 -110 51 243 -180 -115 130 -71 -200 115 -207 -47 -81 2 -90 -225 194 -85 -206 -58 240 71 -24 55 187 -78 113 56 -55 57 220 139 88 -129 -209 -12 10 99 -246 17 -97 62 -190 127 212 -204 179 214 174 -31 -76 9 -210 -145 -238 203 19 237 108 227 69 -83 185 -182 -144 222 33 -132 -87 -247 -34 -106 -233 164 -52 141 201 -158 -148 27 -91 121 -219 125 -119 25 -234 61 -28 145 36 24 233 -7 40 -189 37 -42 -232 111 118 -240 123 129 -188 200 -19 48 -51 198 -156 98 -143 39 -22 52 -114 116 190 -249 242 -165 193 -224 -120 -196 181 43 126 -44 64 143 -3 152 -45 -153 169 191 -170 81 30 70 -108 144 -162 -62 -191 -236 175 -103 90 119 50 -227 140 167 16 -66 -197 231 0 72 -133 241 176 223 165 68 -149 232 -237 -185 85 137 -39 -175 -244 86 -141 234 -11 67 -111 46 -122 73 -202 -146 -32 -67 -208 41 -136 209 -178 -127 135 -123 -79 32 -235 -217 92 84 206 -59 245 195 -54 146 236 156 109 -69 -203 -14 -61 -98 205 172 -131 162 -220 7 182 -241 197 150 -93 -57 217 -9 204 53 -205 102 8 -70 58 35 159 -128 -126 -118 180 -33 74 -195 -109 1 42 77 -20 -223 128 184 -125 -172 246 -250 59 -56 178 151 131 -75 12 -49 -16 -10 -199 -229 244 22 -15 149 -2 -107 249 -25 -112 -173 76 138 
TEST 182 ARG:-11 135 -72 106 234 -148 192 183 73 -42 -171 -230 51 145 152 -33 44 14 131 115 37 -117 52 -85 -76 110 120 156 -46 4 -22 204 -207 77 107 34 -190 -90 0 -182 -243 11 -63 129 71 137 211 -149 119 89 -122 245 53 -193 -20 117 172 42 215 -228 -249 154 112 -66 -108 8 -21 -132 194 -32 -9 166 17 -147 38 237 109 210 -53 57 56 -232 142 126 -69 -195 175 208 219 163 96 226 -241 -30 -216 -223 -19 -97 -27 -25 -17 -124 -188 202 -48 95 -160 238 -152 228 -154 -141 233 114 189 221 -143 168 -221 -87 -24 98 -219 235 -91 158 -28 -71 -119 209 -158 217 -203 64 220 -36 -220 -78 -15 128 -135 -225 188 213 76 78 212 -102 214 -199 -89 47 -13 -79 -217 -204 229 157 -227 -183 67 153 10 -209 -26 138 195 184 130 246 -105 -84 -211 -104 -115 -49 58 -70 21 -114 108 -61 -88 92 18 59 148 -159 -64 -174 -101 55 216 23 -197 3 6 -58 244 30 43 -73 -131 19 -81 -1 -44 -180 -234 -139 93 81 -162 -153 -178 9 32 -208 -172 -7 179 103 -247 180 20 -83 243 48 -120 -212 -5 -62 -214 199 -10 -248 25 236 -47 -41 -40 -177 100 -169 -118 -238 160 173 191 -126 -18 207 -196 -128 -198 225 26 -50 -4 -164 -142 -95 -175 193 61 -127 -146 -192 91 196 -236 178 104 198 -242 1 33 -109 -239 -39 12 -65 151 84 -106 218 150 164 161 -103 230 -29 60 170 41 -99 176 -150 -34 97 -185 149 -93 248 72 -167 88 -218 197 -3 -110 -51 222 -38 -68 206 -74 -14 181 -189 -145 54 -240 -151 74 102 -136 22 -92 -82 -244 -166 118 -156 -133 177 -176 69 46 -129 -161 -186 -77 -200 -31 -173 -213 -144 124 65 -116 -2 5 2 167 116 -56 -191 200 -245 62 -107 63 -170 165 83 -157 147 -163 -113 31 80 -98 223 -8 -187 -155 205 -16 249 -222 101 122 169 -121 79 15 50 182 70 86 201 185 143 162 -86 -6 -194 133 27 -112 29 139 -250 87 75 -226 -75 7 68 -184 39 159 49 -57 16 121 231 125 -233 -130 36 -134 146 -137 40 187 241 203 99 140 242 -12 90 -237 171 -206 224 -181 -201 155 -52 -165 -94 -59 -210 -43 -55 -215 -224 127 -35 -96 144 111 13 -140 -205 134 240 -202 66 -138 105 35 136 -100 -23 -229 186 -54 190 -235 113 -231 123 227 -37 -125 -246 -179 -67 85 174 -45 232 239 141 -60 -80 247 82 45 94 -123 132 -168 -111 28 24 
TEST 183 ARG:68 -208 -47 -89 36 -180 3 85 -39 91 -37 -158 -205 248 -112 165 123 -127 234 -169 150 -102 -108 221 -192 145 58 -44 249 71 -240 116 -115 135 -164 54 137 -179 194 56 -161 52 23 118 223 -124 16 158 235 48 -65 141 189 152 -133 -1 -139 -20 -100 90 126 60 -185 -151 -132 -245 -107 -90 183 -53 -146 -134 -70 50 98 -46 -138 -113 236 154 -204 11 -72 -186 -176 119 222 -244 -5 -75 201 42 -142 102 210 92 -149 -167 -111 -154 190 169 227 113 -55 35 -217 -66 30 -86 -76 -130 153 73 -31 38 -165 -11 129 57 -148 -121 -220 -99 13 238 63 75 -236 84 45 228 164 212 64 103 100 -80 117 -143 -68 17 -15 -218 112 -41 7 -207 -152 -170 233 132 0 -177 -187 149 -21 243 -17 -62 -23 195 -71 130 8 31 216 -145 40 -12 192 173 -81 225 44 196 -118 -30 -78 -4 166 139 215 213 -221 191 -51 246 -159 217 -58 180 114 146 -29 168 83 12 81 -27 -232 -7 162 -128 226 -227 -191 -160 -135 -247 37 -194 170 -212 80 96 -24 179 219 214 14 187 -216 -206 -96 62 136 239 -67 -26 133 178 4 120 -79 -57 43 -184 55 245 242 -56 51 33 -243 -93 -239 -181 209 -171 74 142 -42 -163 -237 9 -98 -2 -83 140 -52 -123 -28 -63 -136 -64 47 29 -25 -95 220 -22 167 -162 134 26 -233 65 143 188 232 -201 -88 -34 124 151 115 -91 -117 -196 204 -197 -69 -54 247 125 176 -116 -119 -6 156 121 -190 2 237 -77 101 -230 72 -174 15 27 -182 185 -16 181 -235 89 -82 -178 144 -129 69 -50 -87 -59 -140 193 -48 -3 207 -150 -141 88 32 -249 -168 95 -9 148 110 99 109 18 199 -166 66 -156 20 155 174 231 -73 -36 82 163 127 -8 -137 22 172 -32 -114 -105 184 230 161 -214 -188 -104 46 -120 -225 107 -103 186 -242 21 -198 -35 -210 198 -219 -241 -231 -193 -211 -213 76 159 -202 -144 -209 203 -250 205 208 157 61 -248 -224 -94 10 -199 -101 -126 -49 -226 -183 111 244 -85 -97 104 171 -200 94 -33 -175 -228 -10 -40 -106 202 -215 97 -45 -195 -109 -246 182 24 87 131 -189 -14 41 79 1 160 -61 175 122 49 -172 211 229 224 -153 -74 -92 -84 -19 -229 -147 -60 -223 19 206 -203 -131 53 128 78 93 28 -122 -238 -173 197 -155 -222 -157 -110 70 39 241 67 -234 -13 -38 6 218 177 105 106 86 -125 200 -43 108 147 34 5 25 77 59 240 138 -18 
TEST 184 ARG:217 21 158 -222 51 172 -145 -7 110 19 24 58 -109 4 -216 -11 -161 -28 30 88 -126 68 106 -189 -141 -95 -10 -80 46 -148 -173 -211 -107 162 -113 214 -115 -30 192 77 -166 130 234 241 153 216 170 156 42 182 91 -27 187 213 -48 40 -207 166 -35 -116 179 86 -16 -100 5 -202 -5 196 121 -63 36 -124 78 7 151 -225 -58 139 102 204 -194 -172 -185 223 52 169 -26 -87 -51 238 -83 -9 -46 -208 -47 48 123 -108 -34 138 0 191 -178 -244 -165 -219 -220 -4 248 -250 -227 37 -206 93 -78 -37 10 147 -179 -182 -236 230 -229 -3 226 -195 245 -52 45 62 177 -153 32 -223 198 -81 208 23 212 143 247 -156 -196 16 -97 -17 209 -137 -246 -42 220 -15 39 22 211 60 -123 49 31 -125 55 -64 -68 -106 -170 -190 -138 -218 -25 150 -164 -57 -248 75 71 104 239 235 -88 87 -133 119 -111 -38 -65 149 184 141 115 246 -105 233 -22 -82 222 57 33 -143 -169 -55 152 168 157 120 140 243 164 125 -76 108 53 -74 -36 116 135 -177 228 -91 56 240 -232 -230 18 -198 -162 199 -139 -241 242 183 -233 215 174 65 155 113 25 -89 -56 -129 -184 43 -204 -191 96 -155 -151 131 -131 129 -214 -32 -61 -90 109 -86 124 -234 -157 -94 210 202 163 -121 -210 -99 15 50 -39 -45 -18 13 221 195 -101 -154 205 -102 225 -188 11 -249 -2 231 206 1 -67 180 227 218 -193 -134 249 167 -215 -213 97 193 -186 -152 54 -209 26 -242 44 73 67 20 -130 -69 134 224 117 144 81 -114 -13 66 -180 190 47 -71 80 -160 -183 -53 -205 -19 -62 171 41 100 -192 -73 127 145 148 229 -136 -59 82 -239 -247 27 -43 -171 -221 207 59 -217 -49 90 186 -60 -66 -31 197 -237 -79 -128 -33 63 -75 142 -118 105 -41 -44 -146 128 -132 3 76 188 107 61 -168 -29 69 -199 17 126 236 -212 35 -174 101 -85 -21 9 84 -50 -175 6 -238 83 237 -187 137 89 -6 99 -77 79 194 200 -1 -231 122 -226 92 -20 64 -201 160 70 -120 -96 -176 -140 -110 -72 -92 219 232 -240 34 -149 -235 2 12 -228 -159 173 -84 -150 -158 -142 103 -14 -197 176 28 72 181 -167 -200 189 132 -93 -117 74 98 29 -98 203 154 112 -24 14 -245 201 -12 95 -224 -135 -70 175 -122 136 146 -54 161 114 -147 -112 133 -163 -119 165 -40 -23 244 -181 -103 185 -127 8 159 94 -104 178 38 85 111 -203 -8 -243 -144 118 
TEST 185 ARG:-75 204 200 -48 185 -74 -25 42 -241 186 143 -54 152 -105 18 -247 123 171 39 -246 -108 156 117 -250 2 125 -180 -38 -171 -36 -69 -96 -216 28 -14 -77 -29 25 -102 12 -192 -45 116 -167 206 -93 -95 189 68 -177 40 13 136 -18 -197 162 -199 90 -86 83 -157 181 243 -73 -176 192 -41 22 -62 222 -221 -160 157 -101 240 -78 52 -184 172 63 100 -153 8 -195 71 77 -127 -189 -182 -22 74 -121 21 -217 -213 -154 -163 193 101 108 -52 78 -107 145 -3 -116 -139 226 -150 103 1 104 132 231 -152 85 191 236 129 118 56 -4 215 147 70 214 221 119 148 17 213 33 220 -227 -229 121 202 -179 -68 35 179 -20 -47 111 88 -119 32 227 -196 -57 114 247 -80 170 238 82 180 -97 187 -191 -65 -11 -123 -83 99 -129 62 -162 -76 72 58 -94 29 169 135 176 239 212 167 219 61 163 -223 -209 -208 196 107 -238 -173 -168 -249 -37 43 -203 -90 -39 -27 -133 27 59 -161 -30 -59 64 -71 81 36 -35 -141 -174 113 -100 89 -159 232 91 -137 -135 133 55 65 -206 149 173 248 -51 -236 -230 233 -103 -53 -42 31 102 -200 30 155 198 -204 165 -9 48 -156 67 0 153 242 -1 109 112 237 -122 37 210 128 249 -232 201 -88 208 -245 -118 216 -243 -104 158 -205 -132 -28 -146 -113 -87 245 -6 139 5 182 230 53 11 93 -224 73 -147 -40 -84 199 -130 -33 14 -44 127 241 41 -109 -125 -17 -115 166 -190 66 -91 -50 -172 -134 -34 -211 -165 -188 -225 -32 -72 177 -215 -183 -60 120 -56 -242 197 223 -201 -212 76 144 -8 -114 -240 84 -219 224 160 -98 -55 175 218 209 -79 -2 -24 228 75 190 -175 244 -63 -143 -92 45 -178 -66 95 -220 -170 -111 -248 -239 6 178 -207 -244 69 7 -82 126 246 -89 16 -58 -158 151 10 -21 -46 -194 124 234 -131 159 -155 -218 -110 -148 -23 38 141 -210 80 9 87 -151 -164 15 -70 26 164 -233 -67 -138 -234 46 134 -166 86 -136 20 -169 79 -226 154 146 205 161 3 -81 110 235 -99 -112 115 51 -10 140 122 -128 60 -193 142 -19 -117 225 94 -187 97 98 130 57 183 -181 138 -85 -202 217 -140 49 -149 -126 194 4 -12 -142 96 -5 -7 -214 188 23 -124 -222 -49 47 168 131 -145 207 229 -31 44 174 -185 34 -26 50 -61 -64 -198 24 -16 54 211 184 -43 150 105 -186 -228 -231 203 -15 -13 -106 92 195 -237 -144 -235 19 -120 137 106 
TEST 186 ARG:13 195 -7 172 216 222 199 -121 -146 3 -58 -214 -28 -25 -212 92 -31 -199 187 -45 -227 -92 110 76 -80 -150 -78 -63 118 -77 134 -3 -46 -51 146 177 56 -123 -75 170 225 83 10 61 31 -201 30 162 -89 87 138 -176 -148 160 -197 21 122 -135 -156 101 -93 247 -41 175 234 -26 -120 -62 189 244 -152 220 -164 -94 -134 -222 -91 173 32 -21 100 188 -30 230 64 -73 -154 211 -232 -202 125 -204 197 144 -20 124 224 -84 -14 -13 181 -168 -230 -188 -194 -243 -43 133 -19 -66 -238 22 15 -95 19 40 -250 98 -203 157 37 228 88 -17 152 -211 200 -138 129 137 191 49 -122 169 -82 74 -246 -22 -69 -242 12 81 112 236 57 -52 -56 -112 -5 -158 -192 174 -48 208 -159 -114 -182 -218 131 147 -185 -35 54 -221 35 -220 204 196 41 -50 213 6 75 153 -200 -249 -140 -126 99 -189 163 141 -129 -87 194 1 140 -37 -10 -90 95 109 -116 14 -143 186 26 149 114 24 120 -33 -34 102 82 -88 -68 -137 -210 115 184 51 -239 11 -179 -12 47 -237 -155 -74 -64 207 -149 235 -85 123 233 -157 -128 128 67 -248 106 20 202 33 50 -53 65 -117 -223 -119 178 58 127 -15 -139 39 165 -38 -181 63 -99 -236 161 104 -145 -107 182 16 -42 -184 -79 -133 62 5 135 -178 4 239 148 -209 55 23 -226 201 -106 179 219 151 -55 -153 77 227 171 -131 -97 -206 -61 -59 -54 -125 -198 43 -144 53 -47 -141 -240 -108 90 71 -219 -173 193 73 -1 -195 70 248 150 -24 192 89 -118 -247 -23 -205 52 -213 241 190 -71 -166 180 108 86 -36 -29 246 2 93 203 84 119 231 -225 166 -147 238 126 242 -40 -231 80 -207 -60 -2 -175 -44 143 116 -4 -76 113 -215 69 156 154 -127 218 -6 -169 -229 -180 -109 142 -72 158 198 237 -167 -235 217 -130 -224 249 229 25 121 17 226 -142 -16 -132 -245 -162 -67 240 -171 18 -81 212 36 221 79 -186 44 -216 103 -101 -105 -49 206 -234 -177 -9 68 -65 -151 155 -187 -70 -170 -39 136 107 -11 38 46 -233 214 215 111 168 42 60 -217 167 28 159 85 45 145 -83 8 -196 183 -100 209 -165 -124 -96 -160 27 -98 -115 94 48 -86 -183 -174 91 210 -27 66 117 -172 105 34 176 164 -136 139 97 -18 -193 59 7 -32 72 -161 29 -111 -8 130 9 132 185 -190 -163 205 -110 78 -104 -191 -113 0 245 96 -102 -228 -241 243 -103 -208 -57 223 -244 232 
TEST 187 ARG:-72 -201 168 127 245 73 133 -229 -233 -202 -154 201 -122 -54 -224 236 -43 143 -164 -197 238 -218 -120 -177 -62 -115 -111 -188 -151 44 -63 189 -184 -147 81 -45 35 111 69 117 146 -6 22 -128 18 -64 -69 -140 -89 -27 -149 5 68 -153 243 124 62 42 29 -81 67 131 72 249 -206 -198 -25 171 27 -230 -119 41 -176 43 187 -68 -92 248 230 -143 116 30 -155 99 -118 -112 82 95 199 114 23 -245 130 -85 113 -108 -163 2 -226 -194 152 181 -35 -241 -247 108 47 -134 -2 159 -141 -28 46 106 63 -208 -130 -21 14 -166 221 150 -157 -213 65 -105 195 -237 148 -24 -82 -144 -78 -87 -240 202 161 -210 160 -20 17 -215 -248 90 -10 84 -95 -150 8 -88 216 31 -238 100 123 203 -107 -1 -219 105 -114 -9 158 176 -242 -59 144 93 -36 180 194 -22 6 -23 139 -142 185 75 -15 197 -86 -131 -66 -223 -12 178 190 207 213 140 -7 -186 137 -41 184 -137 110 15 210 -104 -8 56 28 -217 177 -196 -80 4 -227 242 167 151 -180 219 -221 162 237 -65 -187 -106 -243 129 109 229 -125 -139 226 156 -249 206 89 -5 -116 61 -178 -171 212 -57 37 -160 -83 246 -113 169 174 -37 220 -239 -135 145 -48 122 -60 0 188 -231 24 12 -70 -161 235 -228 115 3 204 192 -168 71 -209 48 208 40 183 141 26 205 -203 11 -165 25 -235 16 107 -159 -26 79 45 55 -73 -205 -40 -129 247 244 240 -193 51 182 -11 186 -97 -138 -19 76 -34 164 -96 97 -225 -246 49 34 -212 103 59 -162 -172 -169 166 179 74 -77 -190 149 -189 120 -101 191 214 77 -124 -214 -173 -67 154 -93 -91 196 -183 228 78 -14 126 -100 36 -102 64 -52 134 215 155 -56 -50 32 -123 -185 173 39 -175 60 -195 119 -84 20 -30 -121 -61 58 -167 121 232 -58 -170 -250 136 233 -179 -55 -44 132 -192 209 -181 -29 52 -222 218 -148 -76 -146 -127 -99 -207 -174 198 -75 -90 -47 128 101 33 147 225 -79 118 -132 142 10 200 66 -94 80 96 -4 -133 98 1 217 -211 -136 -13 -49 54 172 -200 112 -31 -158 241 157 165 94 88 -53 135 -232 239 -216 -46 53 38 227 -71 -110 92 211 -199 -17 175 -42 223 -32 193 125 -126 -204 222 -191 50 -145 57 9 91 -39 153 7 -156 86 21 -152 13 -18 70 -16 234 -244 -38 170 163 83 -109 231 85 -3 -74 104 -33 -98 -182 -234 -236 -51 -103 87 138 -117 19 224 -220 102 
TEST 188 ARG:-218 -91 -90 -60 5 147 108 25 -128 -23 80 115 138 33 -93 -212 217 12 -250 27 -124 -195 55 -142 -186 96 -67 247 -14 29 93 -33 -123 -10 -217 61 38 172 195 -32 -166 91 -221 -96 234 119 -5 177 -240 -129 160 -144 -11 169 -203 -44 -78 -136 -107 237 4 20 -82 -211 102 -103 145 -9 26 -64 7 179 -192 -27 -72 197 -197 141 74 -222 230 -133 -48 -18 -117 -173 224 -204 -71 202 -40 -208 64 123 -206 -162 185 -159 -178 -230 -231 137 35 209 -224 60 -26 22 111 -216 36 148 -85 -29 32 62 -190 -137 -95 92 125 167 -219 -150 -239 -24 -135 -120 50 -20 57 -22 121 23 -157 112 117 42 -134 153 16 43 -170 -140 170 238 -35 173 -51 -232 132 -151 -225 105 150 198 -104 -100 219 155 14 -214 40 -42 3 249 135 129 77 -163 -213 190 -121 -36 70 99 -74 -17 -233 -47 211 233 -118 2 -66 -2 126 -94 88 -41 157 -92 66 -158 -147 212 143 232 154 -52 -13 -30 -106 -165 -69 124 69 -89 -25 158 240 -176 -146 207 95 -210 -139 97 -247 231 -249 146 90 -189 -226 193 56 94 -3 165 106 -241 171 -45 229 -114 -177 -31 -172 114 131 -156 180 -223 89 53 142 -164 228 -132 164 -169 11 -80 130 -228 222 223 -143 236 191 244 122 -237 -198 -111 81 118 -201 -160 52 205 183 -196 -243 133 201 -131 149 -105 192 -56 47 -77 30 206 189 242 -61 17 181 227 -215 245 -182 -59 100 -181 76 -55 175 -175 -168 208 221 9 -68 -62 216 -70 226 144 -238 -207 68 -79 -65 -21 -58 -34 -183 -161 -28 140 -145 -7 -63 63 -113 -179 241 -235 182 -8 -191 67 -50 188 -112 220 -84 163 101 -185 -202 139 79 71 -83 -127 73 -37 -15 98 -152 -76 -130 31 0 194 184 178 58 -86 -116 -242 -184 8 51 127 6 -54 -12 46 75 49 -87 218 -125 -229 -101 200 162 -234 -53 176 -46 65 -194 48 59 -174 134 -43 215 -16 -73 -1 83 -200 72 -119 -99 104 203 -209 19 -141 13 -38 84 -171 -115 -126 156 -220 82 109 -149 239 174 -49 196 -102 110 136 214 34 -236 -110 24 210 243 -244 159 187 -4 85 -108 152 -75 -39 -193 113 15 28 87 199 235 18 -227 39 -187 10 54 1 21 186 166 -97 246 -154 116 213 248 -148 -81 -57 120 -248 -88 -19 -6 44 -205 -153 37 204 78 -188 -109 103 -167 128 -122 -246 -199 86 -245 45 -155 -98 168 161 -138 225 41 107 -180 151 
TEST 189 ARG:-154 -195 83 -139 219 7 23 125 11 -13 195 33 -162 -82 -30 -178 232 -128 107 41 29 -104 -52 32 130 -220 40 209 -164 -94 48 86 -137 110 -83 59 194 65 24 -48 -92 111 -210 -186 67 56 90 163 -88 -32 53 82 -237 34 60 17 -72 44 -39 -64 -180 -74 -7 246 -84 -163 135 38 -95 189 -80 -146 -213 62 229 87 -168 49 145 239 -77 -97 175 198 117 58 193 133 222 150 -209 16 183 -197 116 154 -223 -36 -116 155 -212 -9 -99 191 -221 9 15 235 167 64 223 74 -170 70 72 -246 -207 142 -122 177 208 -27 -68 113 -50 -59 84 241 238 -206 -233 234 143 126 12 -55 -228 185 89 -60 221 -156 -144 20 196 -174 13 134 -172 -78 -214 243 127 -76 236 93 95 37 227 -165 123 46 174 19 161 -181 -16 -127 -33 157 146 -111 30 -119 228 -120 -182 -15 152 105 -248 -123 -179 -18 94 104 -145 -47 -192 129 -65 -61 -136 -103 -40 -226 -151 -229 159 190 -19 61 -75 -241 101 -93 66 77 28 -37 -20 148 -2 51 55 -110 45 21 132 -45 -118 -196 -133 -71 -202 47 -217 -54 18 106 231 68 149 179 -81 -176 -236 -1 -101 -46 147 -235 -90 92 -57 88 237 -199 -129 -29 -149 25 -124 -6 -243 171 181 173 120 10 168 244 -225 -147 182 -56 199 211 -169 206 22 97 170 52 -126 -215 100 -14 -24 119 -107 -105 -238 75 224 -23 169 54 -158 -232 -240 -130 -49 -12 -109 5 63 140 -166 -157 -132 -121 -183 81 4 -22 -98 162 -73 -198 -96 -245 -43 212 6 78 42 99 14 -234 91 247 76 -62 0 27 -8 144 -148 124 -175 -141 204 240 -173 -218 -10 -205 -134 -159 39 1 -117 -4 188 -112 -167 -190 -244 215 178 -100 156 -143 -89 217 233 186 -21 -51 -187 153 205 -34 207 -200 176 200 -204 2 -44 103 -216 -239 73 220 -41 -201 -208 -177 172 187 137 -63 166 -135 -5 -106 -58 3 136 -230 -184 -35 -171 -3 -87 225 102 158 216 -142 -42 -113 -70 108 -115 -25 -242 118 -161 -138 -79 -108 115 248 151 202 139 -231 -152 -17 -140 214 141 -247 114 -150 -194 96 -86 112 210 -219 226 -28 -67 31 69 -249 -69 98 -193 -85 165 -185 245 26 -222 201 -38 -155 203 -189 -160 -102 128 -53 -31 -114 -227 36 249 230 85 192 79 -191 57 109 138 -250 218 160 -66 -131 180 8 -188 242 35 184 -153 -203 197 122 -91 -11 213 -224 121 -211 131 71 43 164 -125 -26 80 50 
TEST 190 ARG:7 33 -244 25 17 -42 239 -178 -2 -131 133 -114 103 139 -111 144 -193 -110 159 -230 165 214 217 -185 152 -197 -165 -250 65 97 -97 -83 235 -54 218 -209 -246 57 -63 -158 121 53 -142 46 -69 -248 -234 -25 143 125 -231 221 -68 -9 -49 -87 44 176 146 -161 74 -39 -37 58 -73 210 6 -235 -90 -240 -81 228 -237 186 108 112 -70 16 39 -170 158 -21 -43 -154 -62 73 37 -61 175 99 246 -180 -74 36 83 120 30 -236 227 -79 170 -146 92 -164 -198 93 19 -28 78 2 -233 123 -194 109 -99 -148 -16 173 184 -57 -7 -167 -29 -218 -30 -186 -75 45 56 42 231 -31 -77 -202 -129 -44 -100 -136 -64 202 224 -48 8 188 -82 -169 140 -223 29 233 38 -163 106 32 59 47 206 14 232 -190 164 -103 -205 180 237 220 67 1 91 -80 -92 127 -45 90 174 -125 -86 185 223 194 -229 49 -140 -26 229 55 -24 -138 -166 -177 -183 -208 -33 114 -238 -116 -55 -52 111 -72 -245 167 -157 241 -132 205 -216 -145 -182 -76 -35 28 179 154 131 -243 87 27 126 4 -88 -184 169 -46 181 113 -89 -127 -120 -126 153 -222 -147 -51 122 9 163 31 -121 -66 -4 54 96 -212 51 -50 23 238 129 21 248 -143 62 -1 -220 -32 245 66 -85 200 -113 -207 -14 193 69 -122 -195 -112 -221 95 -38 41 197 234 75 13 -179 157 -171 212 10 -130 -153 148 191 -108 -226 -203 -232 81 101 196 34 -152 -11 3 203 -188 -47 119 -174 -201 247 -107 -172 115 22 201 216 160 -151 -192 136 35 20 110 -84 -215 -36 244 199 -98 52 -94 -176 -200 88 219 -22 -13 155 135 211 -135 -117 -159 -123 243 -196 242 187 124 18 61 43 -155 12 178 48 105 0 145 192 104 161 -149 63 130 -137 -3 142 -162 147 -106 -128 84 76 40 71 50 225 168 -241 72 -18 86 107 249 166 64 85 -189 -217 222 171 -139 -249 182 -101 172 -19 -204 11 -168 -124 -58 156 240 24 -12 209 -104 -34 128 -133 149 -199 -173 207 132 198 -239 -187 230 116 -191 15 -95 118 -206 -181 -141 80 -53 -102 68 213 236 208 162 -6 226 89 -219 -8 -40 100 215 -109 -71 190 -134 -27 -214 98 -115 -15 -105 -224 141 -210 -23 -242 60 94 -17 -156 -213 138 -228 -175 -211 102 117 -150 -78 -60 134 204 -20 5 151 -91 -119 -65 150 -93 189 -144 137 -118 -96 -160 70 -10 -59 -5 77 195 177 79 183 82 -67 -56 -225 26 -247 -227 -41 
TEST 191 ARG:-225 -207 122 -124 186 -49 138 -170 221 33 -44 -144 -85 -55 -166 -73 -42 -232 -143 -189 222 165 -118 241 -181 -215 -40 51 -2 175 90 -237 184 -62 -177 -7 -222 -25 -199 244 -5 85 182 -1 103 -127 69 -201 -13 -238 231 183 108 68 -146 -195 223 -58 93 -145 -200 94 30 141 226 47 -119 -160 -99 168 210 158 -80 62 39 34 -147 167 -30 111 78 245 31 -221 101 37 -64 -115 194 -233 -65 79 -26 81 55 -94 248 218 53 43 169 -184 73 -131 -172 56 180 36 67 -78 105 -17 -45 -37 115 -126 23 84 -224 110 153 22 -3 -117 189 217 0 -205 -247 -218 -142 -22 -89 139 -14 -188 -59 -57 -220 121 -154 140 48 -203 143 32 219 -236 -16 45 -34 171 3 160 -130 120 -81 -180 -15 -246 -18 -46 -244 -29 147 82 -164 26 11 54 -136 -190 246 -111 65 -92 225 24 133 -229 -113 -48 148 -241 57 -216 -121 109 75 -243 -106 146 50 202 -61 -112 -70 209 -84 95 -10 172 230 196 77 128 -249 58 -11 -53 -137 25 35 -248 -51 142 233 232 -50 -217 -175 192 152 -47 125 -227 179 -88 236 -176 159 177 200 166 -76 91 -231 -86 -174 -108 173 -212 198 185 204 -31 -153 134 -179 -105 137 4 100 -82 99 -91 -104 -100 63 126 86 8 -234 -83 107 155 239 -52 176 27 -90 -122 -132 195 -36 191 -72 52 -165 -240 135 60 214 -250 124 14 96 -102 -60 -98 -151 -193 -149 229 98 207 -213 201 80 -211 -186 74 -67 -167 19 92 144 237 70 228 162 72 -168 -223 212 -245 -183 -158 -210 -133 46 234 -139 -20 215 227 -110 -33 -95 150 102 -71 -134 -38 106 29 -27 -169 6 238 -148 114 44 203 -150 -24 -191 -77 216 208 18 156 20 -116 87 61 242 -178 -68 -202 12 247 -128 -219 71 -63 15 -192 -93 66 188 -96 -56 123 88 -161 178 116 -187 2 -208 205 -135 190 164 -198 -109 240 -41 174 -107 -23 -235 -103 28 154 -39 199 117 -32 104 13 149 10 -69 -12 127 -9 -226 136 -162 -54 -140 -239 -194 -156 -123 97 -101 161 113 -8 -28 163 76 -159 -228 -43 129 -125 49 -75 -230 -196 -138 1 -209 213 -6 83 -79 -21 220 5 16 59 -163 -114 64 151 -152 119 -242 -214 -141 118 131 -120 -171 -74 170 -97 38 181 -87 112 145 -157 -35 132 89 -206 -4 206 -155 21 157 -197 -173 243 17 -129 9 -204 235 42 -66 -185 211 193 -19 224 7 -182 130 41 249 197 40 187 
TEST 192 ARG:71 -81 -34 -161 23 -102 -39 215 89 -12 13 144 97 22 -163 73 -3 -243 165 -160 -201 -25 153 -28 209 140 -103 -101 228 86 -100 -107 -137 27 200 161 143 -236 96 -221 -31 195 -6 16 -194 67 -73 -78 -171 -136 214 197 42 186 -63 -219 135 -174 -147 78 -175 31 -240 236 -210 29 -191 -172 52 -45 -139 -11 -80 91 -60 12 139 -110 -105 87 68 -55 242 -99 208 156 -148 17 224 -130 -43 238 24 -181 108 -129 -115 -152 239 101 221 33 -154 -229 -96 -71 106 -168 -5 -190 -247 -205 -90 149 103 -226 -216 166 9 -140 -46 218 177 199 -178 192 -199 -59 115 191 -125 -58 247 249 -193 -246 -44 -196 120 -165 132 114 -33 184 -184 -204 69 201 125 243 178 151 -159 -124 230 168 -93 46 63 -121 -13 25 -51 85 -36 -82 164 -235 -250 162 50 112 119 212 241 -127 62 -227 10 -23 -89 118 -47 183 -41 111 133 -200 93 211 222 138 -153 124 -156 94 148 -29 44 -20 -53 217 -65 -69 -233 -222 -112 -123 -186 173 -106 189 98 175 -75 -187 -150 121 223 -198 -188 235 38 -66 60 6 -32 8 131 234 202 -166 -116 2 -37 -197 -189 130 -48 126 -94 -50 205 169 196 -143 4 -9 -164 160 -192 70 216 -158 246 136 82 -83 -57 -30 -248 -86 -162 64 79 -202 -15 -151 -4 137 0 54 181 20 203 -97 81 179 -85 -26 225 -146 104 -214 -169 26 -195 -7 -242 152 -54 -126 -167 244 -138 43 53 127 206 -120 -61 -206 36 99 88 72 227 -1 109 -114 47 92 -74 150 5 -87 167 193 -98 -56 -141 37 -132 66 -207 110 -104 -21 154 -244 -17 204 34 84 163 -118 80 -88 -173 233 59 -224 -108 194 -134 -2 90 -203 -27 245 -211 -225 15 56 -122 -142 232 30 -16 -185 -91 -131 -92 -215 176 -231 116 182 -79 -135 -68 -133 28 123 219 -239 -119 -117 32 41 -237 74 213 -76 -14 180 49 -144 -245 100 -217 -208 -128 -10 -220 231 158 -77 48 171 187 220 -177 -113 -212 185 -111 7 190 75 -209 226 -155 -149 14 237 142 105 21 45 -183 129 229 174 122 -67 61 39 1 207 -18 146 -241 145 113 188 -230 128 -40 157 51 -223 -170 210 -52 58 -84 159 11 -62 95 198 248 134 141 57 -234 -218 -238 -109 -8 117 -64 -228 147 155 -70 -38 65 -49 3 -180 40 170 -232 83 240 19 -182 76 18 102 -19 -249 -157 -35 -179 -42 107 -176 -145 55 -24 -72 -22 172 35 -213 77 -95 
TEST 193 ARG:123 -100 -108 48 145 -216 217 169 135 -110 42 216 -122 58 73 -177 -151 121 -223 245 -181 212 174 -183 196 -207 -4 -81 186 189 -18 -161 -204 109 71 -84 80 247 -26 -28 143 67 13 144 -242 -142 -211 43 206 -88 -206 195 182 -136 -236 149 -14 -67 -214 -57 -125 -165 -192 78 -106 0 32 -222 132 -232 224 69 -94 -45 -123 -3 -72 125 -113 92 91 55 163 94 228 -101 -187 -140 -163 18 -36 244 -234 37 -104 122 39 -229 -80 127 -76 179 -195 -202 -203 33 19 -105 -185 -150 131 -77 129 235 -74 159 -38 119 243 36 -43 -169 232 29 214 -65 -241 -197 -24 156 74 -189 104 16 134 -164 -149 241 246 204 -41 -188 -33 239 120 175 -176 1 -133 229 56 157 193 -50 -85 -11 -209 -174 96 148 207 -180 -194 -249 -71 191 -172 165 -153 53 -158 112 59 160 -96 -98 88 -107 -166 26 -230 -121 -39 -90 -82 6 118 187 79 185 139 -138 -217 52 114 194 -116 -51 219 51 -16 117 40 -175 215 -12 -213 213 167 -128 197 20 97 -93 68 -103 -141 164 -247 -191 137 177 25 158 30 -35 180 190 -184 14 -63 22 -167 -198 150 -9 98 201 -147 -109 225 155 64 198 76 -30 -91 24 231 -224 237 57 -129 -143 -23 141 66 -61 236 -86 -64 178 -130 41 199 -245 200 -13 154 124 9 -159 21 -205 45 17 3 230 205 -238 -46 -237 234 181 -27 -243 54 223 70 -34 -199 -248 -168 103 -246 -114 166 222 23 209 75 15 -157 107 27 -124 50 -233 -52 -79 238 -171 47 7 115 -32 -7 -117 111 -155 -201 162 211 5 -54 95 168 -137 -219 99 -78 192 242 -95 -31 -240 60 -20 161 63 84 -75 142 10 -215 -112 -68 108 -173 38 -228 -40 -10 4 28 -83 77 -244 11 221 46 -47 8 138 -17 35 202 12 31 -48 153 218 -5 -220 -139 -70 -42 -162 -44 184 102 86 -8 -89 90 106 -170 -235 -144 81 44 -102 -126 130 105 -190 170 -154 -132 126 -15 72 -53 -160 -55 -99 128 100 151 188 -210 208 110 233 -25 -62 -111 -200 -186 -182 2 -73 -21 -49 -37 -19 89 240 -118 61 93 116 -227 -66 -97 83 176 248 147 -239 -58 -22 -179 -1 -196 -225 -69 -178 171 113 -212 -127 227 -208 203 -226 133 220 249 -134 -156 152 -231 49 183 -221 -2 -131 210 -152 173 -146 34 101 140 -119 62 -250 -56 -193 136 172 -29 -87 226 -120 -59 -115 -60 -145 146 -218 85 65 -135 -148 82 87 -92 -6 
TEST 194 ARG:128 215 190 46 -205 33 -164 171 -40 -221 -223 -109 -16 195 -43 73 187 -228 155 -187 174 -66 44 49 54 -233 239 38 58 -131 -3 -62 81 -146 -149 146 -61 152 159 98 9 243 -250 -59 -159 18 -30 -144 168 -123 -96 -236 -127 -214 -174 56 87 160 147 225 211 -212 126 -226 -162 -65 104 -84 -185 -70 248 89 -211 217 232 178 -141 -124 -122 32 -57 -41 -69 -244 183 -45 165 -80 13 -89 55 -142 -5 96 -152 -207 23 -18 -116 167 233 -192 108 97 176 -108 173 -26 205 21 64 -195 -183 51 -119 31 120 25 -176 142 -60 -154 210 75 16 226 66 14 -11 -229 -42 -235 -225 125 79 -37 237 -135 6 139 201 148 -33 -73 95 60 209 74 -133 -168 153 -234 236 130 -210 7 -114 59 117 -208 246 92 86 -21 -78 231 -68 -39 -186 135 196 -202 -20 -118 143 -193 -138 -112 127 -150 -246 10 -38 -137 -4 12 40 99 -148 -245 -182 72 118 -132 -29 -190 -200 249 -92 119 197 244 -143 83 175 -25 -230 181 -224 -10 140 224 -105 172 199 -163 161 115 -51 158 -157 -180 48 247 -107 138 -85 -241 27 -194 -171 34 -103 -44 -158 -94 63 -36 -188 82 -178 137 -56 -54 122 -232 -130 53 -140 186 116 170 179 -170 50 94 106 189 -86 -49 194 100 -17 5 43 103 -220 112 245 -216 192 19 -15 163 -139 20 214 -64 -50 -117 1 -126 -97 123 11 136 -231 -151 -90 28 17 -134 41 229 -217 80 198 -248 62 109 -23 78 -67 -215 -102 -74 -71 -204 157 -247 -98 -6 29 -206 -136 102 -120 -196 -34 132 -47 3 30 -1 188 76 -53 182 -129 24 -35 93 -79 221 69 -227 -203 -169 203 -63 -101 191 101 -172 -52 61 -82 88 240 134 -99 207 133 -145 26 -93 84 -95 -13 -166 131 -189 -87 -222 154 -14 77 -100 -128 57 -12 -121 15 35 222 156 -239 -201 -156 -175 2 177 -249 228 71 -28 -7 -83 42 90 -22 36 227 -77 -76 -179 -91 -238 39 -104 141 129 111 105 193 85 241 204 -110 -115 -106 114 -32 -191 22 -125 208 151 238 169 -199 206 223 213 -181 200 -24 234 -177 -48 212 166 220 144 235 -153 67 -160 -55 -242 145 37 110 -72 -209 185 -46 45 0 242 230 113 8 -113 47 121 65 -173 219 -197 -27 -243 -237 -88 -58 -111 -8 202 107 68 -167 4 -2 -81 -219 -213 91 -161 218 216 124 184 70 -218 180 164 -240 -155 -165 -147 52 -9 -198 150 -75 -184 -31 -19 149 162 
TEST 195 ARG:127 -108 88 188 194 156 -89 64 228 -87 -12 -197 -121 -30 -58 114 97 -56 10 -44 0 13 132 -66 241 193 -117 -104 -203 61 147 -200 -136 -52 -61 -150 -98 40 106 -213 -244 246 -48 196 -245 -168 175 208 209 46 -196 -141 184 -18 -172 86 172 -218 5 -101 -109 -11 135 108 200 167 41 233 -4 -170 7 121 116 239 2 117 198 165 -208 235 248 -91 -185 67 -33 -143 4 -37 -92 -151 68 130 -94 -100 -20 -173 65 -41 -201 -78 76 -145 229 -155 -3 -179 -69 75 244 104 178 -110 -182 16 137 -153 98 9 224 55 56 -160 -241 -214 -191 -183 249 173 107 -51 155 -22 -171 31 -205 84 96 203 -106 187 -40 243 182 43 -127 -84 -221 -212 37 -1 -90 227 54 58 -148 22 94 42 -211 -199 133 -154 -7 168 134 189 -27 163 222 220 157 201 -184 -134 -105 138 179 -186 33 89 -216 32 -209 77 51 -227 -132 160 78 186 146 -17 -107 38 -36 -240 60 -226 -79 -231 59 174 72 -248 -65 218 151 -175 28 -80 -228 190 80 66 118 -125 234 -159 -73 -242 -74 -114 197 -55 -190 177 205 -16 15 -49 192 -111 100 85 -133 223 240 -224 27 211 231 90 -115 3 82 -54 -250 -174 -59 -31 -156 -167 217 -39 -128 21 144 6 -119 24 -47 -232 -187 181 35 -24 -19 -21 126 -165 136 45 69 215 113 70 124 -138 -215 -220 120 57 -192 -195 169 166 63 -70 -243 -161 -129 -8 -204 79 176 81 -50 -103 -35 195 87 -188 8 242 -29 -176 180 19 95 -53 102 -9 110 -77 -130 210 -81 53 206 -42 -137 -118 -180 143 92 170 -72 -210 162 -122 -144 -230 140 30 119 -246 199 109 47 -93 219 128 62 -62 -237 -223 237 142 -60 230 -99 -96 48 -222 -83 -97 -238 -217 112 -38 -164 245 161 -225 -5 -46 214 -28 212 238 111 -112 148 216 52 -34 115 183 20 -233 123 71 -135 -178 -23 -10 14 -163 -146 -158 -2 139 -169 29 44 12 93 83 -75 -198 236 -95 152 159 145 34 154 -68 -85 -162 101 -194 -64 50 247 122 -126 -63 -249 -67 204 -140 225 -131 -25 39 99 207 -13 36 -147 -71 -45 -149 -57 -207 -15 -152 -123 232 158 18 -32 226 11 -82 -14 74 1 153 -236 164 213 49 17 -239 -43 105 25 103 26 -202 131 -102 -177 129 191 -26 -124 -219 -76 -193 -189 171 23 -234 -88 -139 221 -181 149 -166 -247 -120 150 -235 -6 73 -206 -86 91 -229 141 -113 -116 125 -142 202 -157 185 
TEST 196 ARG:207 148 177 188 -151 123 73 240 5 233 -37 -77 31 -80 -85 -79 156 -83 -125 -144 66 147 205 -222 2 -247 176 -84 -39 -200 219 175 -12 178 -224 -71 -161 128 -117 76 92 -145 105 243 -211 116 -150 181 38 -201 196 -184 35 -172 -250 206 -226 7 -41 85 -10 65 150 -38 -181 -223 238 37 20 139 -24 -94 33 223 93 133 -98 -35 13 -214 102 -2 0 -73 112 -90 137 -113 -162 -127 -101 -106 -133 -68 -14 -242 27 90 104 -164 -78 47 195 -245 142 134 3 186 -81 16 -115 -197 -116 -75 231 169 -87 8 -146 39 -86 -112 191 57 -43 101 48 -88 -141 -148 166 -110 -25 210 1 -97 168 135 50 -170 -207 -241 -11 -93 170 -249 86 -130 218 18 -180 -66 131 -32 158 -42 -46 187 64 -217 198 -225 164 -92 -154 199 204 40 88 -4 -174 -27 153 4 -52 -120 213 109 -105 -23 25 159 -107 29 -213 -7 113 -53 -119 -237 82 -244 96 146 200 -30 -185 -176 -62 143 -168 -63 34 -134 -3 -232 -55 174 -139 -103 217 194 125 157 -177 -67 -248 -40 118 -230 63 -33 -9 114 -100 -243 36 229 -5 -147 77 23 120 154 -50 -137 -203 -34 71 -96 -64 216 224 -190 99 69 190 60 74 197 -20 51 184 70 52 -236 192 119 -128 145 127 -129 98 232 202 -195 -49 9 -47 162 -91 15 -122 242 138 78 126 -18 75 97 59 108 110 -143 -132 220 -19 -45 -187 245 -189 247 30 87 130 -51 -152 -171 215 26 107 45 209 -153 163 214 -102 -28 211 -218 235 -61 183 189 46 152 225 -229 -89 -159 67 94 -6 11 100 -156 -114 -238 -163 -221 55 -138 185 -215 -135 201 -219 -31 239 6 136 68 -220 -165 180 140 103 91 95 -188 83 237 -166 -82 -58 79 -44 122 -193 129 -109 -65 -21 -8 -121 236 -212 221 222 -198 -206 54 72 -15 44 19 17 -54 -246 -204 -208 -155 -183 -167 -69 -13 124 208 -149 28 241 -26 173 246 62 -1 -22 -158 -239 151 -194 12 -186 -209 -178 -169 -126 -123 132 226 84 10 115 234 160 -29 -99 106 56 -191 -235 179 58 -48 167 165 -57 -59 89 -231 230 144 -108 -202 42 53 193 80 172 -140 -56 -233 -17 -72 14 -104 149 155 -74 -76 141 -111 -182 -157 -36 -136 22 -234 21 -131 111 -142 -216 24 -196 32 41 171 244 -240 249 -227 -160 -192 -228 248 -118 227 -95 -175 -124 -210 228 -70 -173 43 -60 61 203 -179 -205 121 161 49 212 117 -16 81 182 -199 
TEST 197 ARG:-110 -36 95 -184 133 112 62 -148 41 -94 163 -167 204 -97 248 -58 -216 167 106 -37 162 124 -156 -122 232 61 46 34 -235 105 244 77 -124 60 156 -112 -244 -210 101 -56 -186 -101 98 -27 -32 -231 -195 -154 -127 -33 136 213 0 91 -247 -57 86 160 8 -23 -45 239 -82 -249 -40 103 146 240 104 -2 171 118 197 189 56 -192 -196 -211 194 -93 -187 -5 -43 13 -102 243 -18 -130 5 42 -147 -198 -84 201 110 -104 115 -143 -162 -190 -146 205 246 230 116 -182 183 125 24 102 208 25 231 158 59 -193 -217 -78 -67 -85 172 -15 132 54 249 37 17 -83 -117 206 -153 -250 20 -64 196 237 -105 -55 -106 114 -8 169 79 221 -176 178 23 84 -183 138 9 -139 90 -135 134 -38 67 242 191 111 176 -178 -9 92 247 139 -207 96 31 -233 28 -21 -79 209 177 -65 215 -54 219 7 -31 -63 -69 147 -141 -226 120 -166 -171 -14 -205 188 82 -160 44 99 78 53 -98 -123 234 -201 -87 21 135 -225 187 -209 81 -199 -220 186 -174 210 226 -164 -42 -238 -60 214 -61 140 168 71 182 -223 -126 220 -215 184 235 -47 -80 -70 -137 -202 181 -6 127 141 -239 -74 80 165 -48 -150 -218 -51 -116 185 241 193 -3 12 -20 -241 76 -129 -7 -144 203 -10 152 -149 -29 -128 153 63 -180 -158 -170 51 -86 -151 -132 144 -229 216 192 2 179 4 -240 166 93 70 -120 -49 117 22 -206 236 -138 -213 -39 -41 -115 -228 32 212 -157 -46 57 -136 -230 -66 123 107 -181 -16 -224 -68 -119 6 -133 -222 -175 227 -72 -114 -91 137 154 -62 130 -245 -131 109 75 -204 -227 225 -113 -52 -188 29 -169 -35 -121 -179 149 131 -165 -168 97 -96 -159 88 -108 -34 39 207 148 16 175 74 151 -173 -13 -24 238 233 228 -76 58 157 143 89 -163 -125 161 -4 19 -22 -161 128 -89 66 190 -189 43 -236 -246 200 35 164 223 119 -92 36 145 -81 100 -242 -197 245 -75 -109 -208 199 -28 -243 -200 -194 202 50 173 72 94 126 69 -185 170 121 -191 217 27 180 40 -177 -134 45 -221 -30 -232 -12 -25 -11 -77 -142 38 -107 87 108 1 -17 222 -73 52 -88 -145 195 -152 122 198 68 150 224 -111 174 26 159 -99 -100 73 -219 83 -248 30 -203 33 -71 55 -237 -118 -44 10 -234 11 -214 48 47 142 49 18 218 -53 85 -26 64 155 -140 -95 -1 129 15 3 -155 14 -103 -172 -212 211 229 -50 -19 -90 65 -59 113 
TEST 198 ARG:150 212 -96 -84 -241 236 -221 240 -72 -132 -120 138 -10 222 97 -232 40 99 -234 -14 -114 246 -149 -131 -188 34 66 -169 -51 103 -64 23 57 120 -246 53 -53 167 147 119 -183 182 -136 -134 234 -148 214 -66 -71 -11 -164 6 75 -73 133 -5 211 -39 10 -31 -37 -92 36 -94 52 187 -108 -21 181 26 -181 232 65 -55 228 171 194 -32 -151 -212 -88 115 -150 -19 -91 -113 -15 141 153 -147 -128 165 -38 39 -196 85 91 215 78 179 -152 202 -163 -81 90 -70 -100 41 -156 -238 162 58 -229 20 -243 -17 -44 -24 -67 -105 -129 33 -117 -26 -36 109 11 22 198 125 -30 170 29 -177 188 122 50 79 -82 45 -61 178 1 46 199 -101 80 204 -207 -125 -186 177 218 -8 172 17 201 35 -60 -239 42 14 -50 -115 -99 -157 -110 -160 96 60 -191 -205 98 -222 -74 -146 110 238 -20 189 -12 -123 130 -56 186 69 129 -52 -224 -75 12 117 -9 213 208 -35 112 229 -192 32 134 126 -4 244 -87 -178 -216 209 -171 -78 207 154 118 248 3 233 -175 -6 -65 -42 18 -47 221 145 86 -135 -162 84 227 31 183 -40 166 226 -33 88 -97 -23 185 -77 132 72 -29 21 -194 -182 195 107 -226 73 -138 151 -142 -248 -43 140 76 -57 200 -244 49 -235 -127 225 70 -118 -161 210 -48 -144 -233 -16 -153 113 -69 216 102 -34 -249 217 -45 235 -210 -133 152 -198 38 -184 157 -174 174 -176 28 -173 143 -7 -217 68 -242 -25 -93 230 -59 -41 -68 -165 193 -102 82 -179 158 128 104 -155 -103 156 -197 -122 159 25 -109 191 243 -214 61 -3 -189 -76 231 237 -141 -208 -158 -124 -200 239 -63 127 -107 4 -167 196 51 55 -193 116 136 168 -206 9 -154 87 -85 219 197 27 -166 43 16 47 19 173 -187 -143 137 184 5 0 15 -106 -195 -215 13 8 -211 2 7 -79 205 160 -119 -104 111 124 -116 163 71 180 161 -46 -170 241 148 114 -140 121 220 37 -111 -137 92 -28 -139 105 95 -54 56 223 242 169 123 190 144 249 -204 93 -172 81 -220 175 155 -58 62 -95 176 -112 224 -228 -80 -22 48 139 101 -219 146 192 -62 94 -168 -86 89 245 -13 100 149 -199 -159 67 83 -202 -223 -201 30 77 54 106 164 203 -145 -90 -247 -231 -250 -2 -190 -245 142 135 -126 -121 -227 74 -180 59 -236 131 63 -240 -1 -203 206 -18 247 24 -213 -49 -185 108 -98 -225 -209 64 -218 -83 -89 -230 -130 -27 -237 44 
TEST 199 ARG:-237 -227 140 71 97 -130 -6 -97 -37 -231 -202 -144 -160 70 121 48 -158 93 -250 132 -11 136 29 149 -33 -211 8 -134 -249 -166 65 110 -111 -217 80 -169 115 165 44 94 -125 -163 134 203 -157 -15 -54 59 -136 126 33 3 -214 216 108 -101 12 -68 -51 230 53 69 180 -27 -233 -204 -195 118 0 49 -167 243 -164 229 -161 -122 5 57 -87 -75 -17 -73 -74 -103 195 -145 -71 -247 -22 -171 -25 -118 -225 218 46 239 64 176 -82 158 242 -20 -152 85 -178 81 241 -229 -208 40 159 -79 -241 51 -168 -117 187 152 -133 137 -60 -83 186 228 125 -72 -69 -223 -199 234 232 -3 31 192 67 -219 -242 -80 -146 61 141 -36 34 72 -235 37 -58 -218 -192 90 -100 221 42 139 124 -177 92 -150 -228 -9 -180 198 -198 20 91 -47 -230 -149 119 4 -106 54 -1 164 89 129 171 245 214 -53 -88 -215 98 -194 -16 -244 -40 169 207 166 60 -240 -52 30 102 -66 -174 -200 -107 27 -190 -114 38 23 204 41 -12 -239 76 103 -55 213 -34 -224 28 -172 24 -28 -48 168 -67 96 -121 114 -184 -46 -108 188 -109 -50 22 156 106 174 222 104 -176 146 -159 -139 154 -148 130 -81 -112 172 111 200 78 247 163 1 147 -56 15 -105 153 84 -92 87 209 248 144 -179 -243 127 131 -59 -187 -32 47 -99 -77 32 -96 -70 -29 -203 135 109 -94 161 18 -76 160 58 -138 -78 -129 -19 155 162 16 -43 -232 225 -95 183 83 77 128 151 167 -186 -18 197 99 202 191 206 -141 -63 100 62 -216 -196 -91 68 173 -188 182 -8 82 11 -154 215 -193 190 193 122 -120 75 -57 205 -64 -181 -10 -84 -165 -2 -182 -132 240 -207 -197 105 -102 -85 7 236 -213 -123 112 36 56 -162 -65 19 -156 -49 -35 -155 74 233 148 -5 -124 -140 -24 181 -222 -39 211 -45 -127 -175 -110 66 -113 -115 -210 -212 -119 63 -185 -142 -147 199 -126 113 -205 -7 -221 -90 175 -4 39 50 123 -189 -86 55 184 194 25 116 237 201 249 -137 117 -173 -38 -153 138 -238 170 52 79 -245 107 142 -116 220 101 238 73 185 -209 -248 -191 -236 -131 -44 -26 -23 189 244 133 217 -89 -31 -13 231 -30 143 -98 226 -62 157 196 -226 -206 235 35 -170 -93 219 26 120 -128 227 86 -143 -201 -14 -42 13 177 -246 -61 210 -183 -21 -135 246 -41 9 45 2 43 21 178 224 88 10 -151 145 17 179 -104 150 14 -220 95 223 208 6 -234 212 
TEST 200 ARG:73 -170 -185 -126 134 -152 -51 238 231 101 86 -86 -50 88 -217 49 204 123 19 18 -18 39 81 156 213 -227 24 -242 11 -206 -204 -157 17 -105 13 171 89 16 94 -167 70 34 33 -49 193 -57 -235 58 130 -155 -195 160 -246 93 206 -119 -220 -128 36 -81 109 177 186 -162 98 69 -95 60 -250 76 -84 -238 176 -80 -3 239 -43 -53 -144 -11 -232 10 97 -137 -54 201 228 -211 -139 164 22 -219 -223 -190 -221 100 -188 -25 -32 199 185 -113 -23 217 210 -74 102 -69 183 230 246 -249 -230 118 -143 -147 214 -15 68 -205 71 -150 -243 15 -90 249 -5 170 -89 143 1 181 103 96 -149 242 -199 -129 -214 -193 -212 -173 126 194 -35 -75 135 -136 114 -247 167 158 32 -96 -153 196 -107 232 -27 178 227 -175 -208 248 -39 29 -177 209 47 -168 -72 -65 -36 37 -14 112 119 28 -79 138 -20 -146 161 48 111 -85 -103 -97 -115 -141 -67 30 218 -52 -154 -91 -10 -120 -203 132 -156 -38 -229 180 187 244 234 -184 122 -125 168 -111 247 -73 152 -77 46 198 -58 -78 -201 124 4 -209 -159 -19 -62 -198 163 61 141 95 -33 -179 189 155 -1 -37 162 -59 190 -183 -116 40 -163 -93 59 205 -189 64 -182 -134 -241 -138 51 243 31 -6 7 -140 -45 67 -122 -132 -124 42 139 200 -240 21 -218 74 172 -110 -130 -196 192 -176 145 66 -22 -165 -83 -164 146 173 222 -70 -26 91 -92 -222 -102 215 63 197 85 235 -104 -98 -7 -194 207 142 237 9 107 104 212 -88 -48 -46 -94 151 -31 2 108 169 -237 44 -61 -233 -248 79 128 78 27 159 80 99 -9 224 165 133 -30 110 191 53 -197 -108 131 62 0 229 26 -210 105 -56 136 226 83 220 -47 -135 -28 -42 35 -12 -82 43 -17 -4 221 -178 -180 -231 174 -142 87 117 -216 179 -118 195 208 -100 5 -191 -127 -158 116 -145 -2 23 147 150 65 92 127 154 -187 20 121 -244 245 -44 77 -60 41 -68 -172 -40 14 219 -228 -192 54 -239 -66 -224 -213 25 236 -63 72 50 -41 -225 -13 -160 -186 -226 -29 -121 125 157 202 240 175 75 -24 -114 -76 -71 241 144 -99 6 90 -64 -171 55 -169 45 -8 166 -21 -131 -207 -34 52 120 -234 3 -148 153 188 -151 106 56 -112 -117 -245 -106 203 84 182 113 -200 -16 233 149 137 -55 -215 225 -87 216 148 82 -101 129 -133 211 12 -174 140 -202 -166 -109 -236 8 184 57 38 -123 115 -181 -161 223 
TEST 201 ARG:181 214 233 -31 85 -113 223 -120 227 94 58 92 -60 -209 -101 55 -36 -43 -119 -81 213 -40 -157 -25 -246 -190 110 40 -1 -236 135 8 -145 129 198 -88 242 -118 -61 19 187 -112 105 -129 60 154 -38 -46 66 192 38 6 174 112 -78 27 -179 161 -172 203 193 -203 -185 -8 -165 148 -158 -41 88 7 182 -154 4 97 69 -103 -30 35 -162 -34 -29 -77 -167 -115 -5 162 -159 -187 101 170 -137 159 82 -139 171 235 -89 104 -124 230 54 62 209 -19 1 -75 9 -126 -151 -99 177 -27 36 -3 -226 153 46 -132 -131 -67 -168 128 111 67 -91 15 -150 -136 217 -156 219 172 238 32 -170 -189 73 99 -234 -16 150 137 178 -2 26 -180 64 -184 -134 173 -20 -71 81 197 241 -245 165 -213 -141 -218 202 -107 249 -6 -221 224 -110 79 -14 160 222 31 22 72 141 68 191 -39 -138 -241 142 -84 -195 -86 48 -205 158 -175 216 169 204 20 229 138 208 -130 -96 -222 -152 -192 149 59 176 123 -225 -248 -178 33 -93 -98 -166 -22 -106 37 156 28 225 -73 152 -181 247 -104 34 -37 -177 116 184 -50 2 -193 91 -176 -35 50 -128 89 237 -229 -45 96 -211 200 243 63 -32 134 206 -232 -208 10 47 -140 186 -216 -182 23 100 -51 -174 -117 239 -65 220 -111 16 78 -57 13 12 103 -85 -4 -242 18 -214 65 218 240 131 49 29 -250 -231 74 -114 -238 117 -33 -62 126 -15 215 120 -230 168 -72 -206 80 77 -220 234 98 201 188 -194 93 -223 106 61 -125 -228 42 -146 189 -143 -59 43 190 -142 -94 -58 155 180 -233 -244 185 231 -173 -147 -70 -188 57 -26 211 -116 -201 -87 127 140 86 207 -191 -217 -197 84 -83 -249 56 -18 183 145 -97 -237 76 45 -204 -122 -44 179 -24 244 -161 -153 196 -183 83 -21 -64 205 -210 11 -17 195 226 -54 248 25 107 -74 41 194 -224 44 114 -235 -186 -171 -200 14 -23 144 -199 -10 -164 39 -149 -240 199 212 228 3 146 -12 -55 51 -63 -47 121 151 109 -148 -109 -121 -28 -52 122 53 70 75 119 -79 130 21 246 95 -215 -53 115 139 108 0 163 -202 167 113 24 17 -169 -219 164 -7 -123 -127 157 -100 -48 166 236 147 -76 90 -212 -144 -92 -66 -105 -198 -11 124 30 118 133 245 -163 71 -227 -133 136 -95 210 -9 5 -239 -160 -49 -155 -90 -207 -13 -102 221 125 102 143 87 132 52 -68 -69 -82 232 -42 -135 -243 -108 175 -247 -56 -80 -196 
OK
All size test
OK
